age,target_n,risk0,risk1,rd,rr,se_risk0,se_risk1,se_rd,se_log_rr,risk0_lower,risk0_upper,risk1_lower,risk1_upper,rd_lower,rd_upper,rr_lower,rr_upper,risk0_per1000,risk1_per1000,rd_per1000,risk0_lower_per1000,risk0_upper_per1000,risk1_lower_per1000,risk1_upper_per1000,rd_lower_per1000,rd_upper_per1000,rd_bonferroni_lower_per1000,rd_bonferroni_upper_per1000,model_id
15,40526,0.0743930113737318,0.0664864385681547,-0.00790657280557709,0.893718876819538,0.0034138990565065,0.00211947284327303,0.00401732654708002,0.0558615416517815,0.0679724773167457,0.0813670697611716,0.062450944967455,0.0707630182945569,-0.0157803881519906,-3.27574591636008e-05,0.80103501522768,0.997126736783848,74.3930113737318,66.4864385681547,-7.90657280557709,67.9724773167457,81.3670697611716,62.450944967455,70.7630182945569,-15.7803881519906,-0.0327574591636008,-20.5754658026095,4.76232019145528,joint_ss_vs_sn
16,99677,0.0749018082288515,0.0660644300066985,-0.00883737822215296,0.88201382007826,0.00268522087995438,0.00165152866222801,0.00315130418666072,0.0436885418891664,0.0698058581821337,0.0803376420667614,0.062900252701726,0.0693759962520047,-0.0150138209323383,-0.00266093551196765,0.809631945611666,0.9608667037234,74.9018082288515,66.0644300066985,-8.83737822215296,69.8058581821337,80.3376420667614,62.900252701726,69.3759962520047,-15.0138209323383,-2.66093551196765,-18.7752150083916,1.10045856408567,joint_ss_vs_sn
17,199221,0.0772918418989721,0.0673566583342083,-0.00993518356476376,0.87145883290309,0.00204147099149389,0.00124712216891812,0.00239107081329095,0.0322387743349919,0.0733843262204748,0.0813891468337842,0.0649531087316842,0.0698425063681433,-0.0146215962432989,-0.0052487708862286,0.818097718865032,0.928300470631316,77.2918418989721,67.3566583342083,-9.93518356476376,73.3843262204748,81.3891468337842,64.9531087316843,69.8425063681433,-14.6215962432989,-5.2487708862286,-17.4755763924088,-2.39479073711871,joint_ss_vs_sn
18,378353,0.080590931813241,0.0695069830851328,-0.0110839487281082,0.862466552021091,0.00147387510719075,0.000897566683405882,0.00172416573600863,0.022367207750637,0.0777490185450484,0.0835273156426131,0.0677682516349951,0.0712869138671699,-0.0144632514740631,-0.00770464598215326,0.825473735403421,0.901117166364621,80.590931813241,69.5069830851328,-11.0839487281082,77.7490185450484,83.5273156426131,67.7682516349951,71.2869138671699,-14.4632514740631,-7.70464598215326,-16.5212142734046,-5.64668318281172,joint_ss_vs_sn
19,653131,0.084123038640924,0.0719613108964045,-0.0121617277445194,0.85542928618602,0.00103650062396361,0.000630464084972697,0.00121076400079232,0.0150864638621038,0.0821136848313897,0.086176945761701,0.0707353684620656,0.0732068267734399,-0.01453478157985,-0.00978867390918883,0.830505462350604,0.881101084625746,84.123038640924,71.9613108964046,-12.1617277445194,82.1136848313897,86.176945761701,70.7353684620656,73.2068267734399,-14.53478157985,-9.78867390918883,-15.9799484918086,-8.34350699723017,joint_ss_vs_sn
20,857770,0.084794291030435,0.0720993213884353,-0.0126949696419997,0.850285090095946,0.000796771412879327,0.000480341155071037,0.000927713746511004,0.011483686064378,0.0832456393989679,0.0863690385844608,0.0711635204380781,0.0730464603659483,-0.014513255173124,-0.0108766841108754,0.831360971216162,0.869639975258699,84.794291030435,72.0993213884353,-12.6949696419997,83.2456393989679,86.3690385844608,71.1635204380781,73.0464603659483,-14.513255173124,-10.8766841108754,-15.6205735352074,-9.76936574879202,joint_ss_vs_sn
21,999703,0.0843868604900844,0.0715424715683517,-0.0128443889217328,0.847791601119679,0.000753216517327533,0.000448911844825289,0.000874613617047181,0.0108809199656474,0.0829222580766896,0.0858749089289641,0.0706675985034213,0.0724273315491678,-0.0145586001115335,-0.011130177731932,0.829902846011864,0.866065952638985,84.3868604900844,71.5424715683517,-12.8443889217328,82.9222580766896,85.8749089289641,70.6675985034213,72.4273315491678,-14.5586001115335,-11.130177731932,-15.6025382029188,-10.0862396405468,joint_ss_vs_sn
22,1151517,0.0840593051031664,0.0713208446705962,-0.0127384604325701,0.848458651699105,0.000738817602228186,0.000440223277525956,0.000858096930259924,0.0107143058402471,0.0826225311933218,0.0855187348380314,0.0704628264941098,0.0721884994426824,-0.0144202995111239,-0.0110566213540163,0.830827090223308,0.866464384845197,84.0593051031664,71.3208446705963,-12.7384604325701,82.6225311933218,85.5187348380314,70.4628264941098,72.1884994426824,-14.4202995111239,-11.0566213540163,-15.4445232987931,-10.0323975663472,joint_ss_vs_sn
23,1274332,0.0839143103992884,0.0715129328079964,-0.012401377591292,0.852213793663052,0.000679619163910966,0.000407128379027389,0.000790256334734472,0.00987333009337092,0.0825918491101913,0.0852559791026672,0.0707190733034859,0.072315010333802,-0.0139502515459262,-0.0108525036366578,0.835880830345457,0.868865900189881,83.9143103992884,71.5129328079964,-12.401377591292,82.5918491101913,85.2559791026672,70.7190733034859,72.315010333802,-13.9502515459262,-10.8525036366578,-14.893500854773,-9.90925432781094,joint_ss_vs_sn
24,1393370,0.0840084354482915,0.0721420605554155,-0.011866374892876,0.858747817054872,0.000601714544034183,0.000360052522153371,0.000698973564358411,0.00870022247645736,0.082836590552532,0.0851953179257489,0.0714395459157985,0.0728509415118658,-0.0132363379051641,-0.010496411880588,0.844228488406894,0.873516854054657,84.0084354482915,72.1420605554155,-11.866374892876,82.836590552532,85.1953179257489,71.4395459157985,72.8509415118658,-13.2363379051641,-10.496411880588,-14.0706321746366,-9.6621176111155,joint_ss_vs_sn
25,1518689,0.0843788970493186,0.073233110508807,-0.0111457865405117,0.86790789012095,0.000562316138127658,0.000330171764983606,0.000649530670941086,0.00801250152325556,0.0832832920195062,0.0854875708806582,0.072588613161985,0.0738828743227622,-0.0124188432624103,-0.00987272981861302,0.85438454322337,0.881645286901293,84.3788970493186,73.233110508807,-11.1457865405117,83.2832920195062,85.4875708806582,72.588613161985,73.8828743227622,-12.4188432624103,-9.87272981861302,-13.194122535111,-9.0974505459124,joint_ss_vs_sn
26,1632495,0.0848008942393312,0.0745702299066249,-0.0102306643327064,0.879356645652431,0.000589269472654562,0.000338909325621954,0.000677129522140429,0.00826884943335326,0.0836530606847535,0.0859630001280328,0.0739086939108817,0.0752372060755027,-0.0115578138089704,-0.00890351485644231,0.865220085376947,0.893724178763382,84.8008942393312,74.5702299066249,-10.2306643327064,83.6530606847535,85.9630001280328,73.9086939108817,75.2372060755027,-11.5578138089704,-8.90351485644231,-12.366035047682,-8.09529361773076,joint_ss_vs_sn
27,1737293,0.0852457373321634,0.0761161467633977,-0.00912959056876576,0.8929026734417,0.000640402668132149,0.000368753591185353,0.000736268123377309,0.00890448400939085,0.0839989218009688,0.0865093118127747,0.075396544283083,0.0768420465090554,-0.0105726495735502,-0.00768653156398135,0.877454514501288,0.908622807294434,85.2457373321634,76.1161467633977,-9.12959056876576,83.9989218009688,86.5093118127747,75.396544283083,76.8420465090554,-10.5726495735502,-7.68653156398135,-11.451458597884,-6.80772253964755,joint_ss_vs_sn
28,1831931,0.0856087907750286,0.0777556250840092,-0.00785316569101942,0.908266830778433,0.000654857299243554,0.000383069969818311,0.000755714851286675,0.00906159294518424,0.0843339842339288,0.0869010386719355,0.0770081331668354,0.0785097554863105,-0.00933433958212334,-0.00637199179991549,0.892278056119598,0.924542109081887,85.6087907750286,77.7556250840092,-7.85316569101942,84.3339842339288,86.9010386719356,77.0081331668354,78.5097554863105,-9.33433958212334,-6.37199179991549,-10.2363602048381,-5.46997117720077,joint_ss_vs_sn
29,1897021,0.086201658887566,0.0797409223620263,-0.00646073652553975,0.925050902628608,0.000631155520433307,0.000375694777455202,0.000731138282267608,0.0086653559745515,0.0849726288015726,0.0874467666095961,0.0790076724348564,0.0804803827334358,-0.00789374122650274,-0.00502773182457676,0.909472699298495,0.940895942356538,86.201658887566,79.7409223620263,-6.46073652553975,84.9726288015726,87.4467666095961,79.0076724348564,80.4803827334358,-7.89374122650274,-5.02773182457676,-8.76642727672226,-4.15504577435723,joint_ss_vs_sn
30,1917984,0.086926706102574,0.0819469204715946,-0.00497978563097946,0.942712822626647,0.000599140258970677,0.000359884039369179,0.000695036849650435,0.00812610833600003,0.0857595669852478,0.0881081985216117,0.0812443197759548,0.0826550506264274,-0.0063420328242225,-0.00361753843773643,0.92781728353619,0.957847500487994,86.926706102574,81.9469204715946,-4.97978563097946,85.7595669852478,88.1081985216117,81.2443197759548,82.6550506264274,-6.3420328242225,-3.61753843773643,-7.17162823426895,-2.78794302768998,joint_ss_vs_sn
31,1910781,0.0875350128030644,0.0840941669648054,-0.003440845838259,0.960691776603721,0.000595770981705076,0.000356056239882733,0.000689851545455322,0.00796608881128239,0.0863743426362992,0.088709765291857,0.0833989341572232,0.0847946592416181,-0.00479293002203073,-0.00208876165448728,0.945808746992971,0.975809002156408,87.5350128030644,84.0941669648054,-3.440845838259,86.3743426362992,88.709765291857,83.3989341572232,84.7946592416181,-4.79293002203073,-2.08876165448728,-5.61633625726994,-1.26535541924806,joint_ss_vs_sn
32,1820180,0.0883775547679727,0.0864694199203718,-0.00190813484760094,0.978409282168866,0.000643883412217538,0.000381322455217273,0.000744197675940069,0.00846881724256836,0.0871236765987192,0.0896477065134934,0.085724959949252,0.0872197282380924,-0.00336673548982188,-0.000449534205379995,0.962303120040064,0.99478501472004,88.3775547679727,86.4694199203718,-1.90813484760094,87.1236765987192,89.6477065134934,85.724959949252,87.2197282380924,-3.36673548982188,-0.449534205379995,-4.25500922154939,0.438739526347508,joint_ss_vs_sn
33,1685024,0.0895935323206732,0.089165545258185,-0.000427987062488186,0.995223013855997,0.000730151744198956,0.00043273878352264,0.000844958261072148,0.00944270925835401,0.0881727281631128,0.0910349453809987,0.088321023891621,0.090017344561151,-0.00208407482262919,0.00122810069765282,0.976973449865216,1.01381347409723,89.5935323206732,89.165545258185,-0.427987062488186,88.1727281631128,91.0349453809987,88.321023891621,90.017344561151,-2.08407482262919,1.22810069765282,-3.09261630560069,2.23664218062431,joint_ss_vs_sn
34,1525309,0.0912574168835655,0.0922121465283725,0.000954729644807015,1.01046194027194,0.000822343818435564,0.000492015555717435,0.0009547807929144,0.0104342450060627,0.0896584055865457,0.0928820360792409,0.0912523333242953,0.0931810200957027,-0.000916606322435804,0.00282606561204983,0.990007112516775,1.03133939123172,91.2574168835655,92.2121465283725,0.954729644807015,89.6584055865457,92.8820360792409,91.2523333242953,93.1810200957027,-0.916606322435804,2.82606561204983,-2.05623188876466,3.96569117837869,joint_ss_vs_sn
35,1335627,0.0938825983009028,0.0960814326645706,0.00219883436366783,1.02342110682344,0.000896227117441694,0.000541782750158362,0.00104388537564093,0.0110519127154665,0.0921406947001389,0.0956539626683103,0.0950247894214791,0.0971485641167333,0.000152856623423539,0.00424481210391212,1.00149080065045,1.04583163540939,93.8825983009028,96.0814326645706,2.19883436366783,92.1406947001389,95.6539626683103,95.0247894214791,97.1485641167333,0.152856623423539,4.24481210391212,-1.09312409929913,5.49079282663479,joint_ss_vs_sn
36,1115405,0.0970713539692482,0.10032901304736,0.00325765907811181,1.03355942762624,0.000942837805713013,0.000571699841758035,0.0010992914711581,0.0112274348513919,0.0952390592335191,0.0989350453286058,0.0992140481074953,0.101455096692678,0.00110308738612989,0.00541223077009372,1.0110639900675,1.05655537229029,97.0713539692482,100.32901304736,3.25765907811181,95.2390592335191,98.9350453286058,99.2140481074953,101.455096692678,1.10308738612989,5.41223077009372,-0.209026006468849,6.72434416269246,joint_ss_vs_sn
37,892004,0.100797036598707,0.104926442205649,0.00412940560694208,1.04096752986283,0.00100425224245786,0.0006021001845113,0.00116763710365222,0.0114658844106138,0.0988457313185203,0.102782468914426,0.103752192215679,0.106112408678472,0.00184087893677106,0.0064179322771131,1.01783505585853,1.06462573871039,100.797036598707,104.926442205649,4.12940560694208,98.8457313185203,102.782468914426,103.752192215679,106.112408678472,1.84087893677106,6.4179322771131,0.447188253641088,7.81162296024308,joint_ss_vs_sn
38,695220,0.105050561451611,0.109875498531007,0.00482493707939531,1.04592966484637,0.00115301711816443,0.000675006682238997,0.00133301800887006,0.0125500693288327,0.102812048633808,0.107331982403573,0.108559474799804,0.11120548571383,0.0022122697912667,0.00743760436752392,1.02051605688298,1.07197614033336,105.050561451611,109.875498531007,4.82493707939531,102.812048633808,107.331982403573,108.559474799804,111.20548571383,2.2122697912667,7.43760436752392,0.621180596177188,9.02869356261343,joint_ss_vs_sn
39,531638,0.109409913912389,0.114749178172497,0.00533926426010792,1.04880055261156,0.00144755701261145,0.000830489611578573,0.00166624126863521,0.0150575531129129,0.106604854087509,0.112279506316165,0.113131469488157,0.11638698334644,0.00207349138402857,0.00860503713618726,1.01830035474933,1.08021429436612,109.409913912389,114.749178172497,5.33926426010792,106.604854087509,112.279506316165,113.131469488157,116.38698334644,2.07349138402857,8.60503713618726,0.0846671811320279,10.5938613390838,joint_ss_vs_sn
40,379398,0.114750833328032,0.120464666537801,0.00571383320976931,1.04979339185656,0.00191615617561887,0.00109075238027635,0.00220269229117076,0.0189771249621265,0.111048391560963,0.118560253835714,0.1183431496387,0.122618926081681,0.00139663565005062,0.010031030769488,1.01146410863732,1.08957515761033,114.750833328032,120.464666537801,5.71383320976931,111.048391560963,118.560253835714,118.3431496387,122.618926081681,1.39663565005062,10.031030769488,-1.23249605054773,12.6601624700864,joint_ss_vs_sn
41,257682,0.119956692955973,0.125876002128593,0.00591930917261993,1.04934538479476,0.00253625453965458,0.00144369907490026,0.00291657999306518,0.0240392011009426,0.115074006024665,0.125017287689111,0.123073521307196,0.128732929635583,0.000202917428182093,0.0116357009170578,1.00105111035012,1.09996954721418,119.956692955973,125.876002128593,5.91930917261993,115.074006024665,125.017287689111,123.073521307196,128.732929635583,0.202917428182093,11.6357009170578,-3.2783100441413,15.1169283893812,joint_ss_vs_sn
42,164620,0.125741197434849,0.131741306559889,0.00600010912504034,1.04771792576692,0.00330161324187475,0.00188341736817663,0.00379952760859344,0.0298853137527777,0.119411431356225,0.132356060709833,0.128093544327276,0.135476806680145,-0.0014468281460684,0.0134470463961491,0.988111489720022,1.11092003624447,125.741197434849,131.741306559889,6.00010912504034,119.411431356225,132.356060709833,128.093544327276,135.476806680145,-1.4468281460684,13.4470463961491,-5.98194116348498,17.9821594135657,joint_ss_vs_sn
43,97642,0.130961616584048,0.136898120118695,0.00593650353464631,1.0453301027392,0.00417300954417828,0.00238552497051761,0.00480540364358778,0.0363080167239274,0.122997314878773,0.139359673880382,0.13228939729466,0.141641193470525,-0.00348191453796329,0.0153549216072559,0.973527036772125,1.12242904656845,130.961616584048,136.898120118695,5.93650353464631,122.997314878773,139.359673880382,132.28939729466,141.641193470525,-3.48191453796329,15.3549216072559,-9.21764036048039,21.090647429773,joint_ss_vs_sn
44,54163,0.137003005825276,0.142805497141878,0.00580249131660182,1.04235302197677,0.0051645272665501,0.00295582697223542,0.00594932943872918,0.0429963703418339,0.127191621093699,0.147443374851184,0.137109534397011,0.148697311267139,-0.00585798011547127,0.0174629627486749,0.958111941475737,1.13400091929824,137.003005825276,142.805497141878,5.80249131660182,127.191621093699,147.443374851184,137.109534397011,148.697311267139,-5.85798011547127,17.4629627486749,-12.9590948228516,24.5640774560552,joint_ss_vs_sn
45,28818,0.142777219322383,0.148377755335799,0.00560053601341634,1.03922569748869,0.00624100910522835,0.00357379540629064,0.00719065905649697,0.0499002717448546,0.130976204306643,0.15545131174903,0.14150888623164,0.155519640795636,-0.00849289676242447,0.0196939687892572,0.942398722916974,1.14600118193921,142.777219322383,148.377755335799,5.60053601341634,130.976204306643,155.45131174903,141.50888623164,155.519640795636,-8.49289676242447,19.6939687892572,-17.0756614769559,28.2767335037886,joint_ss_vs_sn
15,40526,0.0803352812815655,0.0664864385681547,-0.0138488427134108,0.827611947173343,0.000506216365101964,0.00211947284327303,0.00217873968544132,0.0324907256528386,0.0793486904332296,0.0813330553248325,0.062450944967455,0.0707630182945569,-0.018119094028564,-0.00957859139825771,0.776552094798656,0.882029086898085,80.3352812815655,66.4864385681547,-13.8488427134108,79.3486904332296,81.3330553248325,62.450944967455,70.7630182945569,-18.119094028564,-9.57859139825771,-20.7196359187346,-6.97804950808708,joint_ss_vs_nn
16,99677,0.0797124177618677,0.0660644300066985,-0.0136479877551692,0.828784671969917,0.000394786578047208,0.00165152866222801,0.00169755209052484,0.0254782223097878,0.07894207244688,0.0804896234609683,0.062900252701726,0.0693759962520047,-0.0169751287144786,-0.0103208467958598,0.788414509605512,0.871221957642522,79.7124177618677,66.0644300066985,-13.6479877551692,78.94207244688,80.4896234609683,62.900252701726,69.3759962520047,-16.9751287144786,-10.3208467958598,-19.0013254885381,-8.29465002180036,joint_ss_vs_nn
17,199221,0.0810779966901058,0.0673566583342083,-0.0137213383558975,0.830763722390147,0.000298660105603922,0.00124712216891812,0.0012821338516445,0.0188749504214751,0.0804945569572716,0.0816652897187888,0.0649531087316842,0.0698425063681433,-0.0162342745284803,-0.0112084021833146,0.800591798357713,0.862072736512295,81.0779966901058,67.3566583342083,-13.7213383558975,80.4945569572716,81.6652897187888,64.9531087316843,69.8425063681433,-16.2342745284803,-11.2084021833146,-17.7646284355061,-9.67804827628879,joint_ss_vs_nn
18,378353,0.0833827888404522,0.0695069830851328,-0.0138758057553194,0.833589090167398,0.000216471746910031,0.000897566683405882,0.000923284621855385,0.0131715044145991,0.0829594920646029,0.0838080480793906,0.0677682516349951,0.0712869138671699,-0.0156854103616356,-0.0120662011490031,0.812344823114486,0.855388932721961,83.3827888404522,69.5069830851328,-13.8758057553194,82.9594920646029,83.8080480793906,67.7682516349951,71.2869138671699,-15.6854103616356,-12.0662011490031,-16.787442124186,-10.9641693864528,joint_ss_vs_nn
19,653131,0.0859340573258011,0.0719613108964045,-0.0139727464293965,0.837401527820085,0.000160609393425593,0.000630464084972697,0.000649974871512564,0.00895094633240471,0.0856197906074321,0.0862493687517859,0.0707353684620656,0.0732068267734399,-0.0152466737684172,-0.0126988190903759,0.822838662508138,0.852222131441808,85.9340573258011,71.9613108964046,-13.9727464293965,85.6197906074321,86.2493687517859,70.7353684620656,73.2068267734399,-15.2466737684172,-12.6988190903759,-16.0224832385533,-11.9230096202398,joint_ss_vs_nn
20,857770,0.0856351452550305,0.0720993213884353,-0.0135358238665952,0.84193611365656,0.000132265664705459,0.000480341155071037,0.00049796129618392,0.00683587149028874,0.0853762646975174,0.0858947370781168,0.0711635204380781,0.0730464603659483,-0.0145118100728105,-0.0125598376603798,0.830731032273301,0.85329233162185,85.6351452550305,72.0993213884353,-13.5358238665952,85.3762646975174,85.8947370781168,71.1635204380781,73.0464603659483,-14.5118100728105,-12.5598376603798,-15.1061762649092,-11.9654714682812,joint_ss_vs_nn
21,999703,0.0843775959883829,0.0715424715683517,-0.0128351244200312,0.847884687046567,0.000126347312479852,0.000448911844825289,0.000466683273382007,0.00645490657991049,0.0841302894798927,0.0846255622988515,0.0706675985034213,0.0724273315491678,-0.0137498068280472,-0.0119204420120152,0.837225341839013,0.858679744391077,84.3775959883829,71.5424715683517,-12.8351244200312,84.1302894798927,84.6255622988515,70.6675985034213,72.4273315491678,-13.7498068280472,-11.9204420120152,-14.3068395979469,-11.3634092421155,joint_ss_vs_nn
22,1151517,0.083344471390262,0.0713208446705962,-0.0120236267196657,0.85573576124366,0.000121660847192506,0.000440223277525956,0.000457318580573835,0.00634988400679717,0.0831063303948311,0.0835832325718525,0.0704628264941098,0.0721884994426824,-0.0129199546670514,-0.01112729877228,0.845151663253209,0.866452407195787,83.344471390262,71.3208446705963,-12.0236267196657,83.1063303948311,83.5832325718525,70.4628264941098,72.1884994426824,-12.9199546670514,-11.12729877228,-13.4658097473451,-10.5814436919864,joint_ss_vs_nn
23,1274332,0.0825941324717408,0.0715129328079964,-0.0110811996637444,0.865835509955435,0.000110054043137137,0.000407128379027389,0.000422395858003923,0.00585492580306522,0.0823786866563509,0.0828100908959206,0.0707190733034859,0.072315010333802,-0.0119090803326509,-0.0102533189948378,0.855956454982458,0.875828584428575,82.5941324717408,71.5129328079964,-11.0811996637444,82.3786866563509,82.8100908959206,70.7190733034859,72.315010333802,-11.9090803326509,-10.2533189948378,-12.4132516801111,-9.74914764737768,joint_ss_vs_nn
24,1393370,0.0821281651812542,0.0721420605554155,-0.00998610462583871,0.878408282910014,9.52224428579348e-05,0.000360052522153371,0.000373148610309603,0.00513258748735829,0.0819417256011912,0.0823149909270849,0.0714395459157985,0.0728509415118658,-0.0107174624629267,-0.00925474678875072,0.869616068463728,0.887289390648033,82.1281651812542,72.1420605554155,-9.98610462583871,81.9417256011912,82.3149909270849,71.4395459157985,72.8509415118658,-10.7174624629267,-9.25474678875072,-11.1628523361885,-8.80935691548896,joint_ss_vs_nn
25,1518689,0.0819320105107051,0.073233110508807,-0.00869890000189813,0.893827822023707,8.47744594660558e-05,0.000330171764983606,0.000341610219445248,0.00463466300851811,0.0817660089913672,0.0820983189143724,0.072588613161985,0.0738828743227622,-0.00936844372876164,-0.00802935627503462,0.885745259024948,0.90198413966463,81.9320105107051,73.233110508807,-8.69890000189813,81.7660089913672,82.0983189143724,72.588613161985,73.8828743227622,-9.36844372876164,-8.02935627503462,-9.77618940472008,-7.62161059907618,joint_ss_vs_nn
26,1632495,0.0817353843812458,0.0745702299066249,-0.00716515447462089,0.912337177724646,8.37482139299917e-05,0.000338909325621954,0.000349811170811937,0.00466760299649783,0.0815713909745692,0.0818996780845597,0.0739086939108817,0.0752372060755027,-0.00785077177080208,-0.00647953717843971,0.904028874226061,0.920721837088615,81.7353843812458,74.5702299066249,-7.16515447462089,81.5713909745692,81.8996780845597,73.9086939108817,75.2372060755027,-7.85077177080208,-6.47953717843971,-8.26830609554258,-6.06200285369921,joint_ss_vs_nn
27,1737293,0.0814643825675766,0.0761161467633977,-0.00534823580417899,0.934348783657171,8.79084373079085e-05,0.000368753591185353,0.000379703621171236,0.00497093655264886,0.0812922511576863,0.0816368460675969,0.075396544283083,0.0768420465090554,-0.00609244122647406,-0.00460403038188393,0.925289759477858,0.943496499965885,81.4643825675766,76.1161467633977,-5.34823580417899,81.2922511576863,81.6368460675969,75.396544283083,76.8420465090554,-6.09244122647406,-4.60403038188393,-6.54565515528963,-4.15081645306835,joint_ss_vs_nn
28,1831931,0.0809877403413028,0.0777556250840092,-0.00323211525729354,0.960091302169037,8.84945841908996e-05,0.000383069969818311,0.000393710445545369,0.00505313474002061,0.080814463418487,0.0811613559879302,0.0770081331668354,0.0785097554863105,-0.00400377355089968,-0.0024604569636874,0.950629526176535,0.96964725281367,80.9877403413028,77.7556250840092,-3.23211525729354,80.814463418487,81.1613559879302,77.0081331668354,78.5097554863105,-4.00377355089968,-2.4604569636874,-4.47370601372673,-1.99052450086035,joint_ss_vs_nn
29,1897021,0.080627327161109,0.0797409223620263,-0.000886404799082696,0.989006149276021,8.39541504733983e-05,0.000375694777455202,0.000385505774726734,0.00483189588736499,0.0804629331564719,0.0807920275290991,0.0790076724348564,0.0804803827334358,-0.00164198223337931,-0.000130827364786086,0.979684133893734,0.998416866687646,80.627327161109,79.7409223620263,-0.886404799082696,80.4629331564719,80.7920275290991,79.0076724348564,80.4803827334358,-1.64198223337931,-0.130827364786086,-2.10212160788952,0.329312009724129,joint_ss_vs_nn
30,1917984,0.0803239305796827,0.0819469204715946,0.00162298989191184,1.02020555866974,7.71347880152957e-05,0.000359884039369179,0.000368614595213117,0.00450236708645429,0.0801728789612298,0.0804752418916737,0.0812443197759548,0.0826550506264274,0.000900518561118321,0.00234546122270536,1.01124238367241,1.02924817901799,80.3239305796827,81.9469204715946,1.62298989191184,80.1728789612298,80.4752418916737,81.2443197759548,82.6550506264274,0.900518561118321,2.34546122270536,0.460540484533266,2.78543929929042,joint_ss_vs_nn
31,1910781,0.0798836882768968,0.0840941669648054,0.00421047868790854,1.0527076150179,7.24537572658282e-05,0.000356056239882733,0.000363926927284857,0.00433723981295027,0.0797417967348814,0.0800258103432182,0.0833989341572232,0.0847946592416181,0.00349719501742589,0.00492376235839119,1.04379665148757,1.06169465205442,79.8836882768968,84.0941669648054,4.21047868790854,79.7417967348814,80.0258103432182,83.3989341572232,84.7946592416181,3.49719501742589,4.92376235839119,3.06281213741072,5.35814523840636,joint_ss_vs_nn
32,1820180,0.0796679643292364,0.0864694199203718,0.00680145559113537,1.08537252895063,7.38837339731737e-05,0.000381322455217273,0.00038902076700838,0.00451395925461867,0.0795232750337246,0.079812894054439,0.085724959949252,0.0872197282380924,0.0060389888985608,0.00756392228370995,1.07581237639106,1.09501763732496,79.6679643292364,86.4694199203718,6.80145559113537,79.5232750337246,79.812894054439,85.724959949252,87.2197282380924,6.0389888985608,7.56392228370995,5.57465403216456,8.0282571501062,joint_ss_vs_nn
33,1685024,0.0798314149396645,0.089165545258185,0.00933413031852051,1.11692302241636,8.12357822010725e-05,0.00043273878352264,0.0004409311383925,0.00496664042476011,0.0796723406643379,0.0799907792185184,0.088321023891621,0.090017344561151,0.00846992116760896,0.0101983394694321,1.10610315443752,1.12784873002021,79.8314149396645,89.165545258185,9.33413031852051,79.6723406643379,79.9907792185184,88.321023891621,90.017344561151,8.46992116760896,10.1983394694321,7.94362612477642,10.7246345122646,joint_ss_vs_nn
34,1525309,0.0804687721704151,0.0922121465283725,0.0117433743579575,1.14593703919189,9.08084606107494e-05,0.000492015555717435,0.000500955251696928,0.00546151027816549,0.0802909703680452,0.0806469331834843,0.0912523333242953,0.0931810200957027,0.0107615201067653,0.0127252286091497,1.13373593168576,1.15826945331028,80.4687721704151,92.2121465283725,11.7433743579575,80.2909703680452,80.6469331834843,91.2523333242953,93.1810200957027,10.7615201067653,12.7252286091497,10.1635803318376,13.3231683840774,joint_ss_vs_nn
35,1335627,0.0820640058864844,0.0960814326645706,0.0140174267780862,1.17081090091405,9.91160613404876e-05,0.000541782750158362,0.000551413594949001,0.00577442761273417,0.0818699512349485,0.0822584792919884,0.0950247894214791,0.0971485641167333,0.0129366759914004,0.015098177564772,1.15763475162629,1.1841370205701,82.0640058864844,96.0814326645706,14.0174267780862,81.8699512349485,82.2584792919884,95.0247894214791,97.1485641167333,12.9366759914004,15.098177564772,12.2785091796163,15.7563443765561,joint_ss_vs_nn
36,1115405,0.084284586743572,0.10032901304736,0.0160444263037881,1.19036014677988,0.000103960131483249,0.000571699841758035,0.000581772415051317,0.00583843387941646,0.0840810521263736,0.0844885686076069,0.0992140481074953,0.101455096692678,0.0149041733230886,0.0171846792844875,1.17681635204834,1.20405981491972,84.284586743572,100.32901304736,16.0444263037881,84.0810521263736,84.4885686076069,99.2140481074953,101.455096692678,14.9041733230886,17.1846792844875,14.2097702486891,17.879082358887,joint_ss_vs_nn
37,892004,0.0871031231842425,0.104926442205649,0.0178233190214068,1.2046231911077,0.000108219395237135,0.0006021001845113,0.000612486831228607,0.00587968691424548,0.0868912505462227,0.0873154630434658,0.103752192215679,0.106112408678472,0.0166228668911936,0.0190237711516199,1.19082082586142,1.21858553448188,87.1031231842425,104.926442205649,17.8233190214068,86.8912505462227,87.3154630434658,103.752192215679,106.112408678472,16.6228668911936,19.0237711516199,15.8918031149972,19.7548349278164,joint_ss_vs_nn
38,695220,0.090500198298713,0.109875498531007,0.0193753002322937,1.21409124616879,0.000118307920530543,0.000675006682238997,0.000685968922085925,0.00628830783802404,0.0902685863811321,0.0907323452182617,0.108559474799804,0.11120548571383,0.0180308258504916,0.0207197746140959,1.19921957914941,1.22914733852926,90.500198298713,109.875498531007,19.3753002322937,90.2685863811321,90.7323452182617,108.559474799804,111.20548571383,18.0308258504916,20.7197746140959,17.2120539113013,21.5385465532862,joint_ss_vs_nn
39,531638,0.0940918253350322,0.114749178172497,0.0206573528374646,1.21954460723777,0.00014108114055726,0.000830489611578573,0.000842872837607467,0.00739624130670404,0.0938156752480066,0.0943687036306827,0.113131469488157,0.11638698334644,0.0190053524322069,0.0223093532427224,1.20199316497926,1.23735233475175,94.0918253350322,114.749178172497,20.6573528374646,93.8156752480066,94.3687036306827,113.131469488157,116.38698334644,19.0053524322069,22.3093532427224,17.9993001089615,23.3154055659678,joint_ss_vs_nn
40,379398,0.0986537036075691,0.120464666537801,0.0218109629302319,1.22108610353842,0.000181590123672373,0.00109075238027635,0.00110607972421903,0.0092429140049812,0.0982983647969352,0.0990101858882025,0.1183431496387,0.122618926081681,0.0196430865067326,0.0239788393537312,1.19916434248903,1.24340861333466,98.6537036075691,120.464666537801,21.8109629302319,98.2983647969352,99.0101858882025,118.3431496387,122.618926081681,19.6430865067326,23.9788393537312,18.3228706608835,25.2990551995803,joint_ss_vs_nn
41,257682,0.103189031534636,0.125876002128593,0.0226869705939564,1.21985835370827,0.000238647344379836,0.00144369907490026,0.00146346550400202,0.0117017515063345,0.102722228569147,0.103657710740634,0.123073521307196,0.128732929635583,0.0198186309134957,0.0255553102744171,1.19219928131187,1.2481591177227,103.189031534636,125.876002128593,22.6869705939564,102.722228569147,103.657710740634,123.073521307196,128.732929635583,19.8186309134957,25.5553102744171,18.0718396958904,27.3021014920223,joint_ss_vs_nn
42,164620,0.10832036444902,0.131741306559889,0.0234209421108692,1.21621919599331,0.000311719506024817,0.00188341736817663,0.00190910392626309,0.0145836870412504,0.107710917417325,0.108932838853744,0.128093544327276,0.135476806680145,0.0196791671726496,0.0271627170490889,1.18194752842059,1.25148460243342,108.32036444902,131.741306559889,23.4209421108692,107.710917417325,108.932838853744,128.093544327276,135.476806680145,19.6791671726496,27.1627170490889,17.4004623020717,29.4414219196667,joint_ss_vs_nn
43,97642,0.113020571639657,0.136898120118695,0.023877548479038,1.21126727756401,0.000396763846716703,0.00238552497051761,0.00241825193985568,0.0177752701732018,0.112245260089603,0.113800552005639,0.13228939729466,0.141641193470525,0.0191378617713768,0.0286172351866993,1.16979469494809,1.25421018237942,113.020571639657,136.898120118695,23.877548479038,112.245260089603,113.800552005639,132.28939729466,141.641193470525,19.1378617713768,28.6172351866993,16.251438252035,31.503658706041,joint_ss_vs_nn
44,54163,0.118512522153338,0.142805497141878,0.0242929749885396,1.20498234741058,0.000495116877475154,0.00295582697223542,0.00299684132025389,0.0211142909549072,0.117545544527486,0.119486377439884,0.137109534397011,0.148697311267139,0.0184192739334605,0.0301666760436187,1.15613398504592,1.25589462497588,118.512522153338,142.805497141878,24.2929749885396,117.545544527486,119.486377439884,137.109534397011,148.697311267139,18.4192739334605,30.1666760436187,14.8422466072538,33.7437033698253,joint_ss_vs_nn
45,28818,0.123787859351795,0.148377755335799,0.0245898959840044,1.19864545774333,0.000602959957460543,0.00357379540629064,0.00362401565034929,0.0245710714506591,0.122610915532855,0.124974491464804,0.14150888623164,0.155519640795636,0.0174869558299103,0.0316928361380985,1.14228851441355,1.25778287642711,123.787859351795,148.377755335799,24.5898959840044,122.610915532855,124.974491464804,141.50888623164,155.519640795636,17.4869558299103,31.6928361380985,13.1613337409831,36.0184582270257,joint_ss_vs_nn
15,40526,0.0803352812815655,0.0743930113737318,-0.00594226990783374,0.9260316287808,0.000506216365101964,0.0034138990565065,0.00345085287966368,0.0463160016887227,0.0793486904332296,0.0813330553248325,0.0679724773167457,0.0813670697611716,-0.0127058172679209,0.000821277452253395,0.845671253798918,1.01402829249571,80.3352812815655,74.3930113737318,-5.94226990783374,79.3486904332296,81.3330553248325,67.9724773167457,81.3670697611716,-12.7058172679209,0.821277452253395,-16.8247524166895,4.940212601022,joint_sn_vs_nn
16,99677,0.0797124177618677,0.0749018082288515,-0.00481060953301625,0.939650437559335,0.000394786578047208,0.00268522087995438,0.00271353842214833,0.0361834762729441,0.07894207244688,0.0804896234609683,0.0698058581821337,0.0803376420667614,-0.0101290471110926,0.000507828045060128,0.875320076194816,1.00870866419947,79.7124177618677,74.9018082288515,-4.81060953301625,78.94207244688,80.4896234609683,69.8058581821337,80.3376420667614,-10.1290471110926,0.507828045060128,-13.3679243319639,3.74670526593144,joint_sn_vs_nn
17,199221,0.0810779966901058,0.0772918418989721,-0.0037861547911337,0.953302314491007,0.000298660105603922,0.00204147099149389,0.00206277900612533,0.0266629134665916,0.0804945569572716,0.0816652897187888,0.0733843262204748,0.0813891468337842,-0.00782912735120467,0.000256817768937271,0.904763629987674,1.0044449983321,81.0779966901058,77.2918418989721,-3.7861547911337,80.4945569572716,81.6652897187888,73.3843262204748,81.3891468337842,-7.82912735120467,0.256817768937271,-10.2912586702598,2.71894908799242,joint_sn_vs_nn
18,378353,0.0833827888404522,0.080590931813241,-0.00279185702721121,0.966517586350425,0.000216471746910031,0.00147387510719075,0.00148974883532854,0.0184724362709746,0.0829594920646029,0.0838080480793906,0.0777490185450484,0.0835273156426131,-0.00571171109046565,0.000127997036043222,0.932150408894285,1.00215183709756,83.3827888404522,80.590931813241,-2.79185702721121,82.9594920646029,83.8080480793906,77.7490185450484,83.5273156426131,-5.71171109046565,0.127997036043222,-7.48987407064748,1.90616001622506,joint_sn_vs_nn
19,653131,0.0859340573258011,0.084123038640924,-0.00181101868487713,0.978925483781,0.000160609393425593,0.00103650062396361,0.00104870819882506,0.0124603033232129,0.0856197906074321,0.0862493687517859,0.0821136848313897,0.086176945761701,-0.00386644898486611,0.000244411615111862,0.955307978681333,1.00312687026717,85.9340573258011,84.123038640924,-1.81101868487712,85.6197906074321,86.2493687517859,82.1136848313897,86.176945761701,-3.86644898486611,0.244411615111862,-5.11818622536051,1.49614885560626,joint_sn_vs_nn
20,857770,0.0856351452550305,0.084794291030435,-0.000840854224595442,0.990180968081606,0.000132265664705459,0.000796771412879327,0.000807730507045239,0.00952326274737168,0.0853762646975174,0.0858947370781168,0.0832456393989679,0.0863690385844608,-0.00242397692761839,0.000742268478427502,0.971870407996466,1.00883650894595,85.6351452550305,84.794291030435,-0.840854224595442,85.3762646975174,85.8947370781168,83.2456393989679,86.3690385844608,-2.42397692761839,0.742268478427502,-3.38808339411184,1.70637494492096,joint_sn_vs_nn
21,999703,0.0843775959883829,0.0843868604900844,9.26450170156412e-06,1.00010979812346,0.000126347312479852,0.000753216517327533,0.000763980373450734,0.00905333709297106,0.0841302894798927,0.0846255622988515,0.0829222580766896,0.0858749089289641,-0.00148810951515733,0.00150663851856046,0.982520153927267,1.01801434230589,84.3775959883829,84.3868604900844,0.00926450170156412,84.1302894798927,84.6255622988515,82.9222580766896,85.8749089289641,-1.48810951515733,1.50663851856046,-2.39999585830456,2.41852486170769,joint_sn_vs_nn
22,1151517,0.083344471390262,0.0840593051031664,0.000714833712904373,1.00857685820043,0.000121660847192506,0.000738817602228186,0.000749016333656709,0.00891262021774632,0.0831063303948311,0.0835832325718525,0.0826225311933218,0.0855187348380314,-0.000753211324895013,0.00218287875070376,0.99111160867858,1.02634987824802,83.344471390262,84.0593051031664,0.714833712904373,83.1063303948311,83.5832325718525,82.6225311933218,85.5187348380314,-0.753211324895013,2.18287875070376,-1.64723660249569,3.07690402830443,joint_sn_vs_nn
23,1274332,0.0825941324717408,0.0839143103992884,0.0013201779275476,1.01598391905138,0.000110054043137137,0.000679619163910966,0.000688677497019397,0.00821032875322504,0.0823786866563509,0.0828100908959206,0.0825918491101913,0.0852559791026672,-2.96051635736089e-05,0.00266996101866881,0.999765600144085,1.03246533349642,82.5941324717408,83.9143103992884,1.3201779275476,82.3786866563509,82.8100908959206,82.5918491101913,85.2559791026672,-0.0296051635736089,2.66996101866881,-0.851610055568784,3.49196591066398,joint_sn_vs_nn
24,1393370,0.0821281651812542,0.0840084354482915,0.00188027026703733,1.02289434158048,9.52224428579348e-05,0.000601714544034183,0.000609405403301744,0.00725825314401498,0.0819417256011912,0.0823149909270849,0.082836590552532,0.0851953179257489,0.000685857624581802,0.00307468290949285,1.00844574976427,1.03754994681859,82.1281651812542,84.0084354482915,1.88027026703733,81.9417256011912,82.3149909270849,82.836590552532,85.1953179257489,0.685857624581802,3.07468290949285,-0.0415281617846381,3.80206869585929,joint_sn_vs_nn
25,1518689,0.0819320105107051,0.0843788970493186,0.00244688653861355,1.02986484187757,8.47744594660558e-05,0.000562316138127658,0.000568910156628152,0.00674694854971229,0.0817660089913672,0.0820983189143724,0.0832832920195062,0.0854875708806582,0.00133184312118333,0.00356192995604377,1.01633578946046,1.04357398758786,81.9320105107051,84.3788970493186,2.44688653861355,81.7660089913672,82.0983189143724,83.2832920195062,85.4875708806582,1.33184312118333,3.56192995604377,0.652792427820964,4.24098064940614,joint_sn_vs_nn
26,1632495,0.0817353843812458,0.0848008942393312,0.00306550985808547,1.03750529689549,8.37482139299917e-05,0.000589269472654562,0.000595472642632098,0.00702743846886916,0.0815713909745692,0.0818996780845597,0.0836530606847535,0.0859630001280328,0.00189840492474767,0.00423261479142327,1.02331315270063,1.05189426935969,81.7353843812458,84.8008942393312,3.06550985808547,81.5713909745692,81.8996780845597,83.6530606847535,85.9630001280328,1.89840492474767,4.23261479142327,1.18764927001616,4.94337044615478,joint_sn_vs_nn
27,1737293,0.0814643825675766,0.0852457373321634,0.00378135476458677,1.04641727642691,8.79084373079085e-05,0.000640402668132149,0.000646688790129401,0.00759297921340935,0.0812922511576863,0.0816368460675969,0.0839989218009688,0.0865093118127747,0.00251386802672736,0.00504884150244618,1.03095983415946,1.06210647604662,81.4643825675766,85.2457373321634,3.78135476458677,81.2922511576863,81.6368460675969,83.9989218009688,86.5093118127747,2.51386802672736,5.04884150244618,1.74198082061783,5.82072870855571,joint_sn_vs_nn
28,1831931,0.0809877403413028,0.0856087907750286,0.00462105043372588,1.05705864139747,8.84945841908996e-05,0.000654857299243554,0.000661073505546954,0.00773032057400526,0.080814463418487,0.0811613559879302,0.0843339842339288,0.0869010386719355,0.00332537017172021,0.00591673069573155,1.04116370480283,1.07319623820796,80.9877403413028,85.6087907750286,4.62105043372588,80.814463418487,81.1613559879302,84.3339842339288,86.9010386719356,3.32537017172021,5.91673069573155,2.5363133811617,6.70578748629006,joint_sn_vs_nn
29,1897021,0.080627327161109,0.086201658887566,0.00557433172645705,1.06913700258621,8.39541504733983e-05,0.000631155520433307,0.000636981826307133,0.00739882784549789,0.0804629331564719,0.0807920275290991,0.0849726288015726,0.0874467666095961,0.00432587028808852,0.00682279316482558,1.05374485451734,1.08475398517851,80.627327161109,86.201658887566,5.57433172645705,80.4629331564719,80.7920275290991,84.9726288015726,87.4467666095961,4.32587028808852,6.82279316482558,3.56556930598494,7.58309414692916,joint_sn_vs_nn
30,1917984,0.0803239305796827,0.086926706102574,0.00660277552289131,1.08220184788319,7.71347880152957e-05,0.000599140258970677,0.000604357661976518,0.0069624398690169,0.0801728789612298,0.0804752418916737,0.0857595669852478,0.0881081985216117,0.0054182562716365,0.00778729477414611,1.06753428463809,1.09707093853087,80.3239305796827,86.926706102574,6.60277552289131,80.1728789612298,80.4752418916737,85.7595669852478,88.1081985216117,5.4182562716365,7.78729477414611,4.69689546514935,8.50865558063326,joint_sn_vs_nn
31,1910781,0.0798836882768968,0.0875350128030644,0.00765132452616754,1.0957808119681,7.24537572658282e-05,0.000595770981705076,0.000600423101608559,0.00686953798746591,0.0797417967348814,0.0800258103432182,0.0863743426362992,0.088709765291857,0.00647451687152893,0.00882813218080615,1.08112604518322,1.11063422551621,79.8836882768968,87.5350128030644,7.65132452616754,79.7417967348814,80.0258103432182,86.3743426362992,88.709765291857,6.47451687152893,8.82813218080615,5.75785235304932,9.54479669928576,joint_sn_vs_nn
32,1820180,0.0796679643292364,0.0883775547679727,0.00870959043873631,1.10932362226231,7.38837339731737e-05,0.000643883412217538,0.000648348468334008,0.0073473938251549,0.0795232750337246,0.079812894054439,0.0871236765987192,0.0896477065134934,0.00743885079136995,0.00998033008610268,1.09346314078112,1.12541415710646,79.6679643292364,88.3775547679727,8.70959043873631,79.5232750337246,79.812894054439,87.1236765987192,89.6477065134934,7.43885079136995,9.98033008610268,6.66498259472533,10.7541982827473,joint_sn_vs_nn
33,1685024,0.0798314149396645,0.0895935323206732,0.0097621173810087,1.12228415829015,8.12357822010725e-05,0.000730151744198956,0.000734878934920566,0.008215664141671,0.0796723406643379,0.0799907792185184,0.0881727281631128,0.0910349453809987,0.00832178113556724,0.0112024536264502,1.10435740261487,1.14050191447693,79.8314149396645,89.5935323206732,9.7621173810087,79.6723406643379,79.9907792185184,88.1727281631128,91.0349453809987,8.32178113556724,11.2024536264502,7.44463024542875,12.0796045165886,joint_sn_vs_nn
34,1525309,0.0804687721704151,0.0912574168835655,0.0107886447131505,1.13407244104959,9.08084606107494e-05,0.000822343818435564,0.000827542060863934,0.00908411745461713,0.0802909703680452,0.0806469331834843,0.0896584055865457,0.0928820360792409,0.00916669207816512,0.0124105973481358,1.1140594888696,1.15444490567837,80.4687721704151,91.2574168835655,10.7886447131505,80.2909703680452,80.6469331834843,89.6584055865457,92.8820360792409,9.16669207816512,12.4105973481358,8.17893855738649,13.3983508689145,joint_sn_vs_nn
35,1335627,0.0820640058864844,0.0938825983009028,0.0118185924144184,1.14401676212061,9.91160613404876e-05,0.000896227117441694,0.00090188546843729,0.00962471787445998,0.0818699512349485,0.0822584792919884,0.0921406947001389,0.0956539626683103,0.0100509293781012,0.0135862554507355,1.12263819277284,1.16580244680644,82.0640058864844,93.8825983009028,11.8185924144184,81.8699512349485,82.2584792919884,92.1406947001389,95.6539626683103,10.0509293781012,13.5862554507355,8.97443962740748,14.6627452014292,joint_sn_vs_nn
36,1115405,0.084284586743572,0.0970713539692482,0.0127867672256762,1.15170943727326,0.000103960131483249,0.000942837805713013,0.000948744849082266,0.00979312121694205,0.0840810521263736,0.0844885686076069,0.0952390592335191,0.0989350453286058,0.0109272614909571,0.0146462729603954,1.12981413962595,1.17402905609185,84.284586743572,97.0713539692482,12.7867672256762,84.0810521263736,84.4885686076069,95.2390592335191,98.9350453286058,10.9272614909571,14.6462729603954,9.79484042220412,15.7786940291484,joint_sn_vs_nn
37,892004,0.0871031231842425,0.100797036598707,0.0136939134144647,1.15721495296442,0.000108219395237135,0.00100425224245786,0.00101023924283081,0.010042262290991,0.0868912505462227,0.0873154630434658,0.0988457313185203,0.102782468914426,0.0117138808827473,0.0156739459461821,1.13466079053428,1.18021743461663,87.1031231842425,100.797036598707,13.6939134144647,86.8912505462227,87.3154630434658,98.8457313185203,102.782468914426,11.7138808827473,15.6739459461821,10.5080601563746,16.8797666725547,joint_sn_vs_nn
38,695220,0.090500198298713,0.105050561451611,0.0145503631528984,1.160777141116,0.000118307920530543,0.00115301711816443,0.00115919811207468,0.0110548100894228,0.0902685863811321,0.0907323452182617,0.102812048633808,0.107331982403573,0.0122783766022852,0.0168223497035116,1.13589706046949,1.1862021817193,90.500198298713,105.050561451611,14.5503631528984,90.2685863811321,90.7323452182617,102.812048633808,107.331982403573,12.2783766022852,16.8223497035116,10.8947586925365,18.2059676132604,joint_sn_vs_nn
39,531638,0.0940918253350322,0.109409913912389,0.0153180885773567,1.16279935608448,0.00014108114055726,0.00144755701261145,0.00145449116232046,0.0133160746981586,0.0938156752480066,0.0943687036306827,0.106604854087509,0.112279506316165,0.0124673382833768,0.0181688388713366,1.13284402730695,1.19354678130295,94.0918253350322,109.409913912389,15.3180885773567,93.8156752480066,94.3687036306827,106.604854087509,112.279506316165,12.4673382833768,18.1688388713366,10.7312588325951,19.9049183221183,joint_sn_vs_nn
40,379398,0.0986537036075691,0.114750833328032,0.0160971297204626,1.16316802240385,0.000181590123672373,0.00191615617561887,0.00192477447378776,0.0167998860205672,0.0982983647969352,0.0990101858882025,0.111048391560963,0.118560253835714,0.0123246410734765,0.0198696183674486,1.12549187780685,1.2021053861173,98.6537036075691,114.750833328032,16.0971297204626,98.2983647969352,99.0101858882025,111.048391560963,118.560253835714,12.3246410734765,19.8696183674486,10.027231850308,22.1670275906172,joint_sn_vs_nn
41,257682,0.103189031534636,0.119956692955973,0.0167676614213365,1.16249460986276,0.000238647344379836,0.00253625453965458,0.00254745016553038,0.0212691254776503,0.102722228569147,0.103657710740634,0.115074006024665,0.125017287689111,0.0117747508444863,0.0217605719981866,1.11503021352029,1.21197946169857,103.189031534636,119.956692955973,16.7676614213365,102.722228569147,103.657710740634,115.074006024665,125.017287689111,11.7747508444863,21.7605719981866,8.73411642962186,24.8012064130511,joint_sn_vs_nn
42,164620,0.10832036444902,0.125741197434849,0.0174208329858289,1.16082694214002,0.000311719506024817,0.00330161324187475,0.0033162640108964,0.0264141453251378,0.107710917417325,0.108932838853744,0.119411431356225,0.132356060709833,0.0109210749612456,0.0239205910104122,1.1022591636142,1.22250667908242,108.32036444902,125.741197434849,17.4208329858289,107.710917417325,108.932838853744,119.411431356225,132.356060709833,10.9210749612456,23.9205910104122,6.96278497514546,27.8788809965123,joint_sn_vs_nn
43,97642,0.113020571639657,0.130961616584048,0.0179410449443917,1.15874141038317,0.000396763846716703,0.00417300954417828,0.0041917662367066,0.0320566144898189,0.112245260089603,0.113800552005639,0.122997314878773,0.139359673880382,0.00972533408883579,0.0261567557999476,1.08817786635069,1.23388068959683,113.020571639657,130.961616584048,17.9410449443917,112.245260089603,113.800552005639,122.997314878773,139.359673880382,9.72533408883579,26.1567557999476,4.72204536866438,31.160044520119,joint_sn_vs_nn
44,54163,0.118512522153338,0.137003005825276,0.0184904836719378,1.15602134977782,0.000495116877475154,0.0051645272665501,0.0051881160095759,0.0379264895820355,0.117545544527486,0.119486377439884,0.127191621093699,0.147443374851184,0.00832196314555333,0.0286590041983222,1.07320520024121,1.24522818268284,118.512522153338,137.003005825276,18.4904836719378,117.545544527486,119.486377439884,127.191621093699,147.443374851184,8.32196314555333,28.6590041983222,2.1294321588907,34.8515351849848,joint_sn_vs_nn
45,28818,0.123787859351795,0.142777219322383,0.0189893599705881,1.15340244245295,0.000602959957460543,0.00624100910522835,0.00626995536028427,0.0439811619299,0.122610915532855,0.124974491464804,0.130976204306643,0.15545131174903,0.00670047327975704,0.0312782466614191,1.05814219733982,1.25723858059997,123.787859351795,142.777219322383,18.9893599705881,122.610915532855,124.974491464804,130.976204306643,155.45131174903,6.70047327975704,31.2782466614191,-0.783340262940843,38.762060204117,joint_sn_vs_nn
15,40557,0.0803059497189621,0.0689544473531173,-0.0113515023658448,0.858646807545762,0.000505918949054538,0.00180110664921957,0.00187033133309696,0.0268631814499971,0.0793199374928924,0.0813031365074249,0.0655069235686712,0.0725693189738496,-0.0150172844178717,-0.007685720313818,0.814607825951938,0.905066605819753,80.3059497189621,68.9544473531173,-11.3515023658448,79.3199374928924,81.3031365074249,65.5069235686712,72.5693189738497,-15.0172844178717,-7.685720313818,-17.24971035325,-5.45329437843964,prepregnancy_main
16,99756,0.0796683148113168,0.0688053025055627,-0.0108630123057541,0.863647017870509,0.000394490374710918,0.00140793963509777,0.00146146142864857,0.0210443816632347,0.0788985469970693,0.0804449369018711,0.0660965160267236,0.0716165882534214,-0.0137274240706998,-0.00799860054080847,0.828749477522089,0.900014047317144,79.6683148113168,68.8053025055627,-10.8630123057541,78.8985469970693,80.4449369018711,66.0965160267236,71.6165882534214,-13.7274240706998,-7.99860054080847,-15.4718232256174,-6.25420138589089,prepregnancy_main
17,199402,0.08104331022766,0.0704407037040953,-0.0106026065235647,0.869173575292264,0.000298461295543883,0.00106600431660637,0.00110658289068126,0.0155698469641396,0.0804602585044309,0.0816302119388279,0.0683797965010287,0.0725588871253982,-0.0127714691352082,-0.00843374391192118,0.843050201673815,0.89610642697958,81.04331022766,70.4407037040953,-10.6026065235647,80.4602585044309,81.6302119388279,68.3797965010287,72.5588871253982,-12.7714691352082,-8.43374391192118,-14.0922855601313,-7.11292748699807,prepregnancy_main
18,378795,0.0833673370403195,0.0729531370398863,-0.0104142000004332,0.875080572678044,0.000216367619873057,0.000768673356799002,0.000798560530030438,0.0108516632957276,0.0829442436086224,0.0837923914506524,0.0714608231133714,0.0744741153820875,-0.0119793498787681,-0.00884905012209833,0.856665130429739,0.89389188549602,83.3673370403195,72.9531370398863,-10.4142000004332,82.9442436086224,83.7923914506524,71.4608231133714,74.4741153820875,-11.9793498787681,-8.84905012209833,-12.9325110682657,-7.89588893260067,prepregnancy_main
19,653855,0.0859267660813483,0.0757298868988595,-0.0101968791824888,0.881330583617738,0.000160533640067061,0.00054097720924433,0.000563673044013937,0.00737648623982473,0.0856126473940413,0.0862419285896239,0.0746763819954361,0.0767970207293259,-0.0113016580478122,-0.0090921003171654,0.868680283965824,0.894165105341036,85.9267660813483,75.7298868988595,-10.1968791824888,85.6126473940413,86.2419285896239,74.6763819954361,76.7970207293259,-11.3016580478122,-9.0921003171654,-11.974457727881,-8.41930063709655,prepregnancy_main
20,858662,0.0856283280183659,0.0760034462855403,-0.00962488173282559,0.887596990907481,0.000132198698909769,0.000413743582070592,0.000434154377499096,0.00565612552848364,0.0853695783831899,0.0858877882620358,0.0751964835911446,0.0768183494857267,-0.0104758086764542,-0.00877395478919696,0.877811605756596,0.897491458419459,85.6283280183659,76.0034462855403,-9.62488173282559,85.3695783831899,85.8877882620358,75.1964835911446,76.8183494857266,-10.4758086764542,-8.77395478919696,-10.9940149830781,-8.25574848257311,prepregnancy_main
21,1000721,0.0843658139544737,0.075447657752547,-0.00891815620192674,0.894291825279618,0.000126279359742613,0.000387803881442921,0.000408248683735017,0.0053583639072378,0.0841186403275477,0.0846136467761023,0.0746910835789609,0.0762112643519097,-0.00971830891878325,-0.00811800348507022,0.884948939728093,0.903733348737253,84.3658139544737,75.447657752547,-8.91815620192674,84.1186403275477,84.6136467761023,74.6910835789609,76.2112643519097,-9.71830891878325,-8.11800348507022,-10.2055942107133,-7.63071819314014,prepregnancy_main
22,1152710,0.0833316004555613,0.075141081205735,-0.00819051924982632,0.901711725143283,0.00012159727926409,0.000379979201245115,0.000399599061248842,0.00527092040673717,0.0830935837803277,0.0835702367751589,0.0743997181934621,0.0758892259141892,-0.00897371901813007,-0.00740731948152258,0.892444261527707,0.911075425449002,83.3316004555613,75.1410812057349,-8.19051924982632,83.0935837803277,83.5702367751589,74.3997181934621,75.8892259141892,-8.97371901813007,-7.40731948152258,-9.45068012780021,-6.93035837185243,prepregnancy_main
23,1275619,0.0825806282049,0.0751722065712264,-0.00740842163367353,0.910288625859183,0.000109997739616735,0.000350645295501585,0.000368167004481853,0.00485923331239493,0.0823652925267618,0.0827964760602333,0.0744878341039274,0.0758623514535334,-0.00813001570275396,-0.0066868275645931,0.901660260888127,0.918999559271261,82.5806282049,75.1722065712264,-7.40842163367353,82.3652925267618,82.7964760602333,74.4878341039274,75.8623514535334,-8.13001570275396,-6.6868275645931,-8.56945953541162,-6.24738373193543,prepregnancy_main
24,1394616,0.0821137269910469,0.0755800244616597,-0.00653370252938716,0.920431056185045,9.51743857257782e-05,0.000310107689147208,0.000325109794801219,0.0042725040816796,0.0819273814440478,0.0823004583892234,0.0749744642017566,0.0761900729107607,-0.00717090601821876,-0.00589649904055557,0.912755590596942,0.92817106563637,82.1137269910469,75.5800244616597,-6.53370252938716,81.9273814440478,82.3004583892234,74.9744642017566,76.1900729107607,-7.17090601821876,-5.89649904055557,-7.55895680094184,-5.50844825783248,prepregnancy_main
25,1520035,0.0819193729818652,0.0764023074473113,-0.00551706553455392,0.932652493131567,8.47355857600963e-05,0.000285935671248057,0.00029897742168161,0.00389202434700526,0.0817534475391463,0.0820856050798791,0.0758437658065839,0.0769646198357423,-0.00610305051324052,-0.00493108055586732,0.925565074281416,0.939794183158702,81.9193729818653,76.4023074473113,-5.51706553455392,81.7534475391464,82.0856050798791,75.8437658065839,76.9646198357423,-6.10305051324052,-4.93108055586732,-6.45990971697818,-4.57422135212965,prepregnancy_main
26,1633763,0.0817293533451481,0.0774291693725542,-0.00430018397259394,0.947385072846056,8.37173550330595e-05,0.000295230927545724,0.000307620046179692,0.0039573084962435,0.0815654203224832,0.0818935864676888,0.076852504456654,0.0780097956585095,-0.00490310818402868,-0.00369725976115919,0.940065404709872,0.954761734401374,81.7293533451482,77.4291693725542,-4.30018397259394,81.5654203224832,81.8935864676888,76.852504456654,78.0097956585095,-4.90310818402868,-3.69725976115919,-5.27028321723347,-3.3300847279544,prepregnancy_main
27,1738576,0.0814591400434493,0.0786232308155191,-0.0028359092279302,0.965186113842872,8.78778528582452e-05,0.00032097565252485,0.000333456955941862,0.00423081664275202,0.0812870684743445,0.0816315434952681,0.0779964277208196,0.0792546380994003,-0.00348947285197061,-0.00218234560388979,0.957215643216466,0.97322295237964,81.4591400434493,78.6232308155191,-2.8359092279302,81.2870684743445,81.6315434952681,77.9964277208196,79.2546380994003,-3.48947285197061,-2.18234560388979,-3.88748679934126,-1.78433165651914,prepregnancy_main
28,1833198,0.0809852833430123,0.0798857394577792,-0.00109954388523309,0.986422917351835,8.84669810338951e-05,0.000331903238582404,0.000344096305466796,0.00430341188043896,0.0808120604215017,0.0811588447884086,0.0792376349830461,0.0805386812645049,-0.0017739602511613,-0.000425127519304877,0.978137890677413,0.994778119885562,80.9852833430123,79.8857394577792,-1.09954388523309,80.8120604215017,81.1588447884087,79.2376349830461,80.5386812645049,-1.7739602511613,-0.425127519304877,-2.184673317343,-0.0144144531231817,prepregnancy_main
29,1898168,0.080627056715401,0.0814802852922328,0.00085322857683183,1.01058241006916,8.39293763088825e-05,0.000324038060699986,0.000335331046686108,0.00411830650238209,0.080462711177475,0.0807917084370304,0.0808474337707975,0.0821176480272526,0.000195991802428939,0.00151046535123472,1.00245809203554,1.01877257079888,80.627056715401,81.4802852922328,0.85322857683183,80.4627111774751,80.7917084370304,80.8474337707975,82.1176480272526,0.195991802428939,1.51046535123472,-0.204259058107134,1.91071621177079,prepregnancy_main
30,1919128,0.0803256266277392,0.083285283999988,0.00295965737224878,1.03684574271627,7.71140463020074e-05,0.000309814734668538,0.000319880314545717,0.00384941527779818,0.0801746155894998,0.0804768972138205,0.082680067313621,0.083894525695492,0.00233270347637583,0.00358661126812173,1.02905247274066,1.04469803306112,80.3256266277392,83.285283999988,2.95965737224878,80.1746155894998,80.4768972138205,82.680067313621,83.894525695492,2.33270347637583,3.58661126812173,1.9508945969692,3.96842014752835,prepregnancy_main
31,1911762,0.0798877101803412,0.0850265029513652,0.00513879277102401,1.06432519794877,7.24375272783651e-05,0.000307054690176772,0.000316105174970432,0.00373113293295278,0.0797458503905239,0.0800298003783999,0.0844266155198731,0.0856302541889353,0.00451923801275523,0.00575834752929279,1.05657029883529,1.07213701562254,79.8877101803412,85.0265029513652,5.13879277102401,79.7458503905239,80.0298003783999,84.4266155198731,85.6302541889353,4.51923801275523,5.75834752929279,4.1419351368296,6.13565040521842,prepregnancy_main
32,1821134,0.0796729899540831,0.0870029978524734,0.00733000789839028,1.09200116504495,7.38690475966136e-05,0.000329560787742435,0.000338375469217992,0.00390770563036459,0.0795283293872327,0.0798178908383291,0.0863592361073539,0.0876510981084102,0.00666680416547117,0.00799321163130938,1.08366951591375,1.10039687095382,79.6729899540831,87.0029978524734,7.33000789839028,79.5283293872328,79.8178908383291,86.3592361073539,87.6510981084102,6.66680416547117,7.99321163130938,6.26291948471397,8.39709631206659,prepregnancy_main
33,1685860,0.079837527576074,0.0893189036227491,0.00948137604667512,1.11875838762217,8.12215128241549e-05,0.000373664040925694,0.000383040874732905,0.00431351461986217,0.0796784812050831,0.0799968638242332,0.0885892385269384,0.0900539847835563,0.00873062972759191,0.0102321223657583,1.1093399009413,1.12825683887592,79.837527576074,89.3189036227491,9.48137604667512,79.6784812050831,79.9968638242332,88.5892385269384,90.0539847835563,8.73062972759191,10.2321223657583,8.27343245567976,10.6893196376705,prepregnancy_main
34,1526013,0.0804753794328758,0.0920129415721773,0.0115375621393014,1.14336760162684,9.07934223383434e-05,0.000423520424771647,0.000433780218599106,0.00474695106242181,0.0802976070292851,0.0806535108956447,0.0911862148086006,0.0928463979892194,0.0106873685336413,0.0123877557449616,1.13277921019888,1.15405496559246,80.4753794328758,92.0129415721773,11.5375621393014,80.2976070292851,80.6535108956447,91.1862148086006,92.8463979892194,10.6873685336413,12.3877557449616,10.1696088227716,12.9055154558313,prepregnancy_main
35,1336272,0.0820697311047011,0.095565613497788,0.0134958823930869,1.16444409176715,9.90983466569413e-05,0.000464895380900452,0.000475983107515868,0.00502006592341535,0.081875711082393,0.0822641696989805,0.0946583120342328,0.0964806846898938,0.0125629726451063,0.0144287921410675,1.15304313337004,1.17595777955713,82.0697311047011,95.565613497788,13.4958823930869,81.875711082393,82.2641696989805,94.6583120342328,96.4806846898938,12.5629726451063,14.4287921410675,11.9948396008607,14.9969251853131,prepregnancy_main
36,1115942,0.0842917199252217,0.0995477261676856,0.0152560062424639,1.18099056770936,0.000103942578111763,0.00049002751463072,0.000501622775984566,0.0050827891800237,0.0840882196155696,0.0844956672886664,0.09859140232708,0.100512291873654,0.0142728436677091,0.0162391688172186,1.16928384925711,1.19281449231048,84.2917199252217,99.5477261676856,15.2560062424639,84.0882196155696,84.4956672886664,98.59140232708,100.512291873654,14.2728436677091,16.2391688172186,13.6741071363427,16.8379053485851,prepregnancy_main
37,892411,0.0871109154462418,0.103928578773812,0.01681766332757,1.19306034429116,0.000108201256725913,0.000517358002118605,0.000529269841316321,0.00513881170655991,0.0868990782575405,0.0873232196529319,0.102918939825992,0.104946963609543,0.0157803135004868,0.0178550131546532,1.18110428775925,1.20513742932944,87.1109154462418,103.928578773812,16.81766332757,86.8990782575405,87.3232196529319,102.918939825992,104.946963609543,15.7803135004868,17.8550131546532,15.1485774547607,18.4867492003792,prepregnancy_main
38,695545,0.0905087068851146,0.108708951927371,0.0182002450422568,1.20108833358275,0.000118288489927743,0.00058321576120322,0.000595729507814536,0.00552882018806941,0.0902771329348773,0.0907408156052124,0.107571135718528,0.109857321694704,0.0170326366624126,0.0193678534221011,1.18814325890582,1.21417444761426,90.5087068851146,108.708951927371,18.2002450422568,90.2771329348773,90.7408156052124,107.571135718528,109.857321694704,17.0326366624126,19.3678534221011,16.3215744136113,20.0789156709024,prepregnancy_main
39,531877,0.0941072438965404,0.113470094638247,0.0193628507417067,1.20575303175379,0.000141063446470349,0.000720898425430952,0.000735023710436773,0.00653241752928704,0.0938311283308878,0.0943840873536277,0.112064812255885,0.114890718991191,0.0179222307414676,0.0208034707419458,1.19041381608991,1.22128990266495,94.1072438965405,113.470094638247,19.3628507417067,93.8311283308878,94.3840873536277,112.064812255885,114.890718991191,17.9222307414676,20.8034707419458,17.0449070473925,21.6807944360209,prepregnancy_main
40,379580,0.0986665622094465,0.119101679577377,0.0204351173679308,1.20711289529427,0.000181562142536566,0.000948233717530373,0.000965747222930294,0.00817433279331731,0.0983112779803697,0.0990229893868671,0.117255679397426,0.120972759288519,0.0185422875928178,0.0223279471430437,1.18792735925994,1.22660828595907,98.6665622094465,119.101679577377,20.4351173679308,98.3112779803697,99.0229893868671,117.255679397426,120.972759288519,18.5422875928178,22.3279471430437,17.3895725046739,23.4806622311877,prepregnancy_main
41,257793,0.103203852764747,0.12448039237342,0.0212765396086734,1.20616032288226,0.000238613143145077,0.00125464163599559,0.00127727887375497,0.0103422430985812,0.102737116410108,0.103672464513725,0.122042102851248,0.126960352105712,0.0187731190178998,0.0237799601994471,1.18195707551138,1.23085918654533,103.203852764747,124.48039237342,21.2765396086734,102.737116410108,103.672464513725,122.042102851248,126.960352105712,18.7731190178998,23.7799601994471,17.2485600084755,25.3045192088713,prepregnancy_main
42,164709,0.108339419388764,0.130349942915955,0.0220105235271904,1.20316264985885,0.000311673965588574,0.00163549578331204,0.00166497100548331,0.0128729331527618,0.107730060866652,0.108951803784552,0.127177799261757,0.133589098173577,0.0187472403211397,0.0252738067332412,1.17318602482816,1.23390522166116,108.339419388764,130.349942915955,22.0105235271904,107.730060866652,108.951803784552,127.177799261757,133.589098173577,18.7472403211397,25.2738067332412,16.7599323032928,27.2611147510881,prepregnancy_main
43,97685,0.113034261201232,0.135539448238229,0.0225051870369971,1.19910058063662,0.000396690756189707,0.00207008535913567,0.00210768560497611,0.0156703803553567,0.112259091719707,0.113814097120404,0.131533117637524,0.139648184672814,0.0183741991605104,0.0266361749134838,1.16283196442414,1.23650041147186,113.034261201232,135.539448238229,22.5051870369971,112.259091719707,113.814097120404,131.533117637524,139.648184672814,18.3741991605104,26.6361749134838,15.8584673621337,29.1519067118605,prepregnancy_main
44,54186,0.118538959885546,0.141520976062542,0.0229820161769956,1.1938773226894,0.000495070147378958,0.00256428342531577,0.00261144883269186,0.0185929829974221,0.117572072303128,0.119512722026571,0.136569211385792,0.146621794558493,0.0178636705174504,0.0281003618365408,1.15115373563423,1.2381865406072,118.538959885546,141.520976062542,22.9820161769956,117.572072303128,119.512722026571,136.569211385792,146.621794558493,17.8636705174504,28.1003618365408,14.7466473462877,31.2173850077035,prepregnancy_main
45,28835,0.123817796645238,0.147174674350611,0.0233568777053731,1.1886390998565,0.00060289906181817,0.00309990968302857,0.00315768723086796,0.0216158366461399,0.122640969819282,0.125004307026659,0.14120213451174,0.153354728429989,0.0171679244584298,0.0295458309523163,1.13933274291394,1.24007926437202,123.817796645238,147.174674350611,23.3568777053731,122.640969819282,125.004307026659,141.20213451174,153.354728429989,17.1679244584298,29.5458309523163,13.3989115860794,33.3148438246667,prepregnancy_main
15,1199,0.0732933540090058,0.0659799932269797,-0.00731336078202605,0.900217954534767,0.00335795528465076,0.00210283971100579,0.00395943624761549,0.05577202685703,0.0669779472838719,0.0801530894158751,0.0619762113465465,0.0702230636760321,-0.0150737132264348,0.000446991662382728,0.807001673280925,1.00420159275761,73.2933540090058,65.9799932269797,-7.31336078202605,66.9779472838719,80.1530894158751,61.9762113465465,70.2230636760321,-15.0737132264348,0.446991662382728,-19.7996930633966,5.17297149934447,primary_main
16,4170,0.0745564975828868,0.0663290800602946,-0.00822741752259223,0.889648551242022,0.00266956425631173,0.00165783623981544,0.003140163045241,0.0436332872026846,0.0694901279994184,0.0799605034918503,0.06315278192865,0.0696532541280071,-0.0143820239968482,-0.00207281104833625,0.816728582292434,0.969079032970144,74.5564975828868,66.3290800602946,-8.22741752259223,69.4901279994184,79.9605034918503,63.15278192865,69.6532541280071,-14.3820239968482,-2.07281104833625,-18.1301200156991,1.67528497051461,primary_main
17,11232,0.0763884367545807,0.0672315409162996,-0.00915689583828109,0.880127199517118,0.00201770797553716,0.00124474949614262,0.00236864332919096,0.0322258927092587,0.0725265111229864,0.080438169069024,0.0648325683703464,0.0697126643630762,-0.0137993514557164,-0.00451444022084576,0.826256165241691,0.937510568654283,76.3884367545807,67.2315409162996,-9.15689583828109,72.5265111229864,80.438169069024,64.8325683703464,69.7126643630762,-13.7993514557164,-4.51444022084576,-16.6265621783166,-1.68722949824555,primary_main
18,29922,0.0795174249997921,0.0693450950760196,-0.0101723299237725,0.872074203562312,0.00145479362387806,0.000893924372208615,0.00170873629791633,0.0223978911965133,0.0767123837943966,0.0824158788690922,0.0676133882797036,0.0711177711898433,-0.0135213915267648,-0.00682326832078021,0.834619102447102,0.911210172747085,79.5174249997922,69.3450950760196,-10.1723299237725,76.7123837943966,82.4158788690922,67.6133882797036,71.1177711898433,-13.5213915267648,-6.82326832078021,-15.5609377615352,-4.7837220860099,primary_main
19,60774,0.0822742553811607,0.0712317209482078,-0.0110425344329529,0.865783842323519,0.00101726822848592,0.000624211961116753,0.0011953353685845,0.0151793294268773,0.0803023125268865,0.0842901841752188,0.0700179466718247,0.0724648966991232,-0.0133853487048255,-0.00869972016108039,0.840405348945988,0.891928713410237,82.2742553811607,71.2317209482078,-11.0425344329529,80.3023125268865,84.2901841752188,70.0179466718247,72.4648966991232,-13.3853487048255,-8.69972016108039,-14.8121000141159,-7.27296885178991,primary_main
20,82205,0.0817879541032269,0.0704485966566773,-0.0113393574465496,0.8613566316595,0.000774276266194955,0.000470011105639285,0.000909117903916328,0.011627061493907,0.0802831686585683,0.0833183893334781,0.0695329398869664,0.0713753864552782,-0.0131211957959261,-0.00955751909717301,0.841949472247753,0.88121113126071,81.7879541032269,70.4485966566773,-11.3393574465496,80.2831686585683,83.3183893334781,69.5329398869664,71.3753864552782,-13.1211957959261,-9.55751909717301,-14.2063181756379,-8.47239671746126,primary_main
21,96740,0.0811574542257124,0.0697691930908622,-0.0113882611348502,0.859676954587837,0.000730377058597372,0.000437630499444332,0.000856001846826834,0.0110321282544041,0.0797374028547672,0.0826005254793063,0.0689163149068931,0.0706318254337082,-0.0130659939253306,-0.00971052834436985,0.841288050151089,0.878467804358674,81.1574542257124,69.7691930908622,-11.3882611348502,79.7374028547672,82.6005254793063,68.9163149068931,70.6318254337082,-13.0659939253306,-9.71052834436985,-14.0877170231433,-8.68880524655714,primary_main
22,110682,0.0798950386384116,0.0687737748757867,-0.0111212637626248,0.860801572260859,0.000709916851065258,0.000424374584070977,0.000831924582793861,0.0108853327146134,0.0785146447718485,0.081297560563046,0.0679466598347262,0.0696102064305395,-0.0127518059827543,-0.00949072154249535,0.842631013552196,0.879363962267533,79.8950386384116,68.7737748757867,-11.1212637626248,78.5146447718485,81.297560563046,67.9466598347262,69.6102064305395,-12.7518059827543,-9.49072154249535,-13.7447904780911,-8.49773704715858,primary_main
23,119247,0.0791689137463717,0.068484603575539,-0.0106843101708327,0.865044123188789,0.000650224639179124,0.0003896986311372,0.000763242237929219,0.01006423471341,0.0779038359216876,0.0804527427060985,0.0677247431340038,0.0692523562240615,-0.0121802374686537,-0.00918838287301169,0.848147854680039,0.88227698853964,79.1689137463717,68.484603575539,-10.6843101708327,77.9038359216876,80.4527427060985,67.7247431340039,69.2523562240615,-12.1802374686537,-9.18838287301169,-13.0912427738518,-8.27737756781367,primary_main
24,125425,0.0788266417563668,0.0687417688593728,-0.010084872896994,0.872062634252975,0.000575238248605341,0.000342838923168735,0.000675543727598594,0.0089212782307448,0.0777065428589921,0.0799614864866556,0.0680728510706768,0.0694167701537277,-0.0114089142730692,-0.00876083152091884,0.85694682220761,0.887445076348035,78.8266417563668,68.7417688593728,-10.084872896994,77.7065428589921,79.9614864866556,68.0728510706768,69.4167701537277,-11.4089142730692,-8.76083152091884,-12.2152427087246,-7.95450308526347,primary_main
25,130505,0.0794706784474189,0.0700915122492028,-0.00937916619821609,0.881979537843989,0.000540774287736722,0.000315159998242104,0.000632422896897819,0.00824579030504552,0.0784172172601753,0.080537055125294,0.069476321061274,0.0707117368139227,-0.0106186922991343,-0.00813964009729788,0.867840033082431,0.896349414087942,79.4706784474189,70.0915122492028,-9.37916619821609,78.4172172601753,80.537055125294,69.476321061274,70.7117368139227,-10.6186922991343,-8.13964009729788,-11.373551746858,-7.38478064957423,primary_main
26,131877,0.080672229295141,0.0721487958231359,-0.00852343347200511,0.894344887373548,0.00057127012045072,0.000326687705421788,0.000664822096915403,0.00849587415829645,0.0795596250817013,0.0817990100173757,0.0715111141251269,0.0727917180817262,-0.0098264608380857,-0.00722040610592453,0.879575912300309,0.909361848574719,80.6722292951411,72.1487958231359,-8.52343347200511,79.5596250817013,81.7990100173757,71.5111141251269,72.7917180817262,-9.8264608380857,-7.22040610592453,-10.6199919442074,-6.42687499980279,primary_main
27,130884,0.0821555590348668,0.0746830582475615,-0.00747250078730537,0.909044489805808,0.000627433131643321,0.00035998128833522,0.000729974767053652,0.00911727618910965,0.0809341627801094,0.0833937151571144,0.0739805644863185,0.0753916795572054,-0.00890322504035354,-0.00604177653425719,0.892944566795519,0.925434696816443,82.1555590348668,74.6830582475615,-7.47250078730537,80.9341627801094,83.3937151571144,73.9805644863185,75.3916795572054,-8.90322504035354,-6.04177653425719,-9.77452231977407,-5.17047925483666,primary_main
28,126880,0.0840864204638171,0.077856699795677,-0.00622972066814011,0.925912880655673,0.000652627037224696,0.000380707647005295,0.000762667957946067,0.00926281444827855,0.0828160992233689,0.0853744134638836,0.0771137926216786,0.0786061544682785,-0.00772452239787711,-0.00473491893840311,0.909254802920033,0.942876144080688,84.0864204638171,77.856699795677,-6.22972066814011,82.816099223369,85.3744134638836,77.1137926216786,78.6061544682785,-7.72452239787711,-4.73491893840311,-8.63484224296126,-3.82459909331896,primary_main
29,120282,0.0870768071107557,0.0822375999600518,-0.00483920715070389,0.944425992278877,0.000646598093837567,0.000382972953950362,0.000759757449130215,0.00886387967865496,0.0858178125917003,0.088352486697829,0.0814900986053651,0.082991338539375,-0.00632830438798514,-0.00335010991342265,0.928160288391461,0.960976747278974,87.0768071107557,82.2375999600518,-4.83920715070389,85.8178125917003,88.352486697829,81.4900986053651,82.991338539375,-6.32830438798514,-3.35010991342265,-7.23515025214907,-2.44326404925871,primary_main
30,111577,0.089423393813269,0.086187939455918,-0.003235454357351,0.963818703144871,0.000626869202591123,0.000372471561417081,0.000738894533769404,0.00834680374230519,0.0882023405241439,0.0906596703319994,0.0854607032534401,0.08692077597201,-0.00468366103191254,-0.00178724768278945,0.948179447473452,0.979715912433199,89.423393813269,86.187939455918,-3.235454357351,88.2023405241439,90.6596703319994,85.4607032534401,86.92077597201,-4.68366103191254,-1.78724768278945,-5.56560493752245,-0.905303777179539,primary_main
31,102027,0.0919984478439311,0.090485260088694,-0.00151318775523708,0.983552029510279,0.000638034259324555,0.000375105691302483,0.000751030494990527,0.00819973941893523,0.0907555383640284,0.0932566332967555,0.0897527510795732,0.0912231482703957,-0.0029851804767098,-4.11950337643591e-05,0.967871513893869,0.999486585633582,91.9984478439311,90.485260088694,-1.51318775523708,90.7555383640284,93.2566332967555,89.7527510795732,91.2231482703957,-2.9851804767098,-0.0411950337643591,-3.881609855616,0.855234345141836,primary_main
32,91764,0.0952000999554994,0.0954817221378793,0.000281622182379884,1.00295821309549,0.000703755170694507,0.000410346751230805,0.00082612008230354,0.00867106180268059,0.093829677755008,0.0965884042968344,0.0946804813765855,0.0962890222852033,-0.00133754342584032,0.00190078779060009,0.986056994154606,1.02014912239238,95.2000999554995,95.4817221378793,0.281622182379884,93.829677755008,96.5884042968345,94.6804813765855,96.2890222852033,-1.33754342584032,1.90078779060009,-2.32359967418299,2.88684403894276,primary_main
33,81398,0.0982475346791754,0.10034034636701,0.00209281168783416,1.02130141682097,0.000808989463448414,0.000474255556272848,0.000949112967169352,0.00960810288643679,0.0966733054967751,0.099844565220277,0.0994146402550926,0.101273702932446,0.000232584454922289,0.00395303892074604,1.00224870180183,1.04071632332906,98.2475346791754,100.34034636701,2.09281168783416,96.6733054967751,99.844565220277,99.4146402550926,101.273702932446,0.232584454922289,3.95303892074604,-0.900275999275605,5.08589937494394,primary_main
34,70747,0.101723499697904,0.105569176497761,0.0038456767998571,1.03780519556718,0.000921772693512292,0.00054749356405432,0.00108325770312489,0.0105472946963528,0.0999310316720308,0.103544420578063,0.104500908768805,0.106647064126492,0.00172253071575674,0.00596882288395747,1.01657158693242,1.05948232056758,101.723499697904,105.569176497761,3.8456767998571,99.9310316720308,103.544420578063,104.500908768806,106.647064126492,1.72253071575674,5.96882288395747,0.429555215447873,7.26179838426633,primary_main
35,59784,0.105372900232781,0.110829403394104,0.0054565031613234,1.05178279376642,0.00100973325870858,0.000607676178151265,0.0011899892072636,0.0111453904718811,0.103410191718132,0.10736839964688,0.109643970074186,0.112026040622896,0.00312416717309538,0.00778883914955142,1.02905618742772,1.07501131500731,105.372900232781,110.829403394104,5.4565031613234,103.410191718132,107.36839964688,109.643970074186,112.026040622896,3.12416717309538,7.78883914955142,1.70379703754472,9.20920928510209,primary_main
36,50300,0.109934097902184,0.116806856180599,0.00687275827841566,1.06251707531662,0.00107002006661524,0.000646096296531157,0.00126188806273827,0.0112989794684943,0.107854363985585,0.112048898166345,0.115546474981841,0.11807915015847,0.00439950312292764,0.00934601343390368,1.03924563578543,1.0863096235051,109.934097902184,116.806856180599,6.87275827841566,107.854363985585,112.048898166345,115.546474981841,118.07915015847,4.39950312292764,9.34601343390368,2.89331457282905,10.8522019840023,primary_main
37,39582,0.114727825517672,0.122786785160423,0.00805895964275044,1.07024415922107,0.00114378283175907,0.000682548647784611,0.00134361920025371,0.0115111609749515,0.112505044715945,0.116988733222847,0.12145526969125,0.124130835558366,0.00542551440131666,0.0106924048841842,1.04636823803477,1.09466487868371,114.727825517672,122.786785160423,8.05895964275044,112.505044715945,116.988733222847,121.45526969125,124.130835558366,5.42551440131666,10.6924048841842,3.82177163294204,12.2961476525588,primary_main
38,30385,0.119871294335853,0.128882283063629,0.00901098872777577,1.07517219846254,0.00130884464061422,0.00076488748359412,0.00152612729233371,0.0125077243554464,0.117329623461142,0.122460385693136,0.127390545609516,0.130388878528413,0.00601983419897806,0.0120021432565735,1.04913513531161,1.10185544019876,119.871294335853,128.882283063629,9.01098872777577,117.329623461142,122.460385693136,127.390545609516,130.388878528413,6.01983419897806,12.0021432565735,4.19824992254231,13.8237275330092,primary_main
39,22837,0.124838839868553,0.134554208271814,0.00971536840326133,1.07782328331063,0.00162956992313922,0.000939992770824542,0.00189002259162895,0.0148716315314599,0.121679812600776,0.128067922705741,0.132722485046622,0.136407235313591,0.00601099219370154,0.0134197446128211,1.04686048066252,1.10970186715934,124.838839868553,134.554208271814,9.71536840326133,121.679812600776,128.067922705741,132.722485046621,136.407235313591,6.01099219370154,13.4197446128211,3.75506278839292,15.6756740181297,primary_main
40,15853,0.13090024983884,0.141162639678694,0.0102623898398535,1.07839855044194,0.00214467844598963,0.00123380898554048,0.00248091214625653,0.0186176458441883,0.126753777756683,0.135161369834784,0.138761683017776,0.143598212782597,0.00539989138438273,0.0151248882953243,1.03975717640821,1.11847598649198,130.90024983884,141.162639678694,10.2623898398535,126.753777756683,135.161369834784,138.761683017776,143.598212782597,5.39989138438273,15.1248882953243,2.43867669440183,18.0861029853052,primary_main
41,10370,0.136894144511179,0.147467318695936,0.0105731741847568,1.07723613177548,0.00282471388355571,0.00162975315595661,0.00326586819349312,0.023440086934595,0.131451405675728,0.142525259625716,0.144301586959851,0.150690270783205,0.00417219014725538,0.0169741582222582,1.02886566321268,1.12788066031777,136.894144511179,147.467318695936,10.5731741847568,131.451405675728,142.525259625716,144.301586959851,150.690270783205,4.17219014725538,16.9741582222582,0.274052567210161,20.8722958023034,primary_main
42,6233,0.142685409734275,0.153382320308886,0.0106969105746115,1.07496849603987,0.00365064720493954,0.00211427260621313,0.00422232431418503,0.0290863391342967,0.135678711160398,0.149991154943838,0.149284100618715,0.157572207552566,0.00242130698776109,0.018972514161462,1.01540056300319,1.13803095013116,142.685409734275,153.382320308886,10.6969105746115,135.678711160398,149.991154943838,149.284100618715,157.572207552566,2.42130698776109,18.972514161462,-2.61845582846538,24.0122769776884,primary_main
43,3273,0.148485067019355,0.159173638092044,0.0106885710726883,1.0719841482194,0.00461116680681519,0.00267892657980992,0.00533613556445206,0.0353429996796808,0.139672524190519,0.157751677843317,0.153992973698737,0.164494703341533,0.00022993754973894,0.0211472045956376,1.00024029781962,1.14887394213035,148.485067019355,159.173638092044,10.6885710726883,139.672524190519,157.751677843317,153.992973698737,164.494703341533,0.22993754973894,21.1472045956376,-6.13926945544579,27.5164116008224,primary_main
44,1704,0.155323414445954,0.165881678167569,0.0105582637216149,1.06797599550124,0.00568207411062374,0.00330625308471221,0.00657665799013261,0.041675929939253,0.14450963196518,0.166788637065587,0.159502527993527,0.172463606021503,-0.00233174907768257,0.0234482765209124,0.984207965172754,1.15887370081044,155.323414445954,165.881678167569,10.5582637216149,144.50963196518,166.788637065587,159.502527993527,172.463606021504,-2.33174907768257,23.4482765209124,-10.1816426262094,31.2981700694392,primary_main
45,701,0.153987749292273,0.163987799942804,0.01000005065053,1.06494055985941,0.00660966410797522,0.00385157752705085,0.00765173910554984,0.0489398619568761,0.141473928164726,0.167392640550557,0.156577818003925,0.171677077134316,-0.00499708241544438,0.0249971837165044,0.967537222859383,1.17214962818902,153.987749292274,163.987799942804,10.00005065053,141.473928164726,167.392640550557,156.577818003925,171.677077134316,-4.99708241544438,24.9971837165044,-14.1301918959413,34.1302931970014,primary_main
15,40161,0.0803944498312647,0.0664990900239562,-0.0138953598073085,0.827160210232514,0.000506540006868039,0.00211981614309132,0.00217913070446615,0.0324894979344273,0.0794072272587009,0.0813928608039835,0.0624629377358115,0.0707763568805603,-0.0181663775056675,-0.00962434210894943,0.776130095537395,0.88154552609915,80.3944498312647,66.4990900239562,-13.8953598073085,79.4072272587009,81.3928608039835,62.4629377358115,70.7763568805603,-18.1663775056675,-9.62434210894943,-20.7673861158234,-7.02333349879354,broad_main
16,98382,0.079727768295267,0.06604153766811,-0.013686230627157,0.828337969069059,0.00039487189195268,0.00165100333563728,0.0016970299216538,0.0254785501945334,0.078957256520711,0.080505141961705,0.0628783708363137,0.0693520549180428,-0.0170123481542853,-0.0103601131000287,0.78798905924057,0.870752941243535,79.727768295267,66.04153766811,-13.686230627157,78.957256520711,80.505141961705,62.8783708363137,69.3520549180428,-17.0123481542853,-10.3601131000287,-19.0379216680113,-8.33453958630273,broad_main
17,195994,0.0810938166402094,0.0673348148908354,-0.013759001749374,0.830332295119135,0.000298719097358716,0.00124675715737729,0.00128175758995755,0.0188750912198828,0.0805102616309332,0.0816812256364988,0.0649319711058756,0.0698199378509251,-0.0162712004626016,-0.0112468030361463,0.800175818974289,0.86162528780436,81.0938166402094,67.3348148908355,-13.759001749374,80.5102616309332,81.6812256364988,64.9319711058756,69.8199378509251,-16.2712004626016,-11.2468030361463,-17.8011052639885,-9.71689823475949,broad_main
18,369890,0.0833486618636527,0.0694428014684171,-0.0139058603952356,0.833160364134174,0.000216378522362261,0.000896874231304788,0.000922518605385838,0.0131725590859714,0.082925547405114,0.08377373798584,0.0677054160955201,0.071221363948375,-0.01571396363686,-0.0120977571536113,0.811925344945176,0.854950762019951,83.3486618636527,69.4428014684171,-13.9058603952356,82.925547405114,83.77373798584,67.7054160955201,71.221363948375,-15.71396363686,-12.0977571536113,-16.8150810827846,-10.9966397076867,broad_main
19,635199,0.0858802242231015,0.0718802240266384,-0.0140000001964631,0.836982258452265,0.000160525519048018,0.000629942337446058,0.000649316968512941,0.00895200288149052,0.0855661217142487,0.0861953710771501,0.0706553000153152,0.0731247131385864,-0.0152726380692992,-0.012727362323627,0.822424981383405,0.851797205607098,85.8802242231015,71.8802240266384,-14.0000001964631,85.5661217142487,86.1953710771501,70.6553000153152,73.1247131385864,-15.2726380692992,-12.727362323627,-16.047662266958,-11.9523381259682,broad_main
20,834055,0.0855723969876636,0.072010469967954,-0.0135619270197096,0.841515167307225,0.000132155206327848,0.00047997108264852,0.000497445219942445,0.00683730061897586,0.0853137326207542,0.0858317720121739,0.0710753932190574,0.0729568825166486,-0.0145369017350784,-0.0125869523043408,0.830313362430933,0.85286809637128,85.5723969876636,72.010469967954,-13.5619270197096,85.3137326207542,85.8317720121739,71.0753932190574,72.9568825166486,-14.5369017350784,-12.5869523043408,-15.1306519390011,-11.993202100418,broad_main
21,972880,0.0842876985969558,0.0714299923557796,-0.0128577062411762,0.847454534229737,0.000126188166219584,0.000448429064655162,0.000466073307361103,0.00645665561725843,0.0840407035689519,0.0845353525455746,0.0705560633298507,0.0723139039318493,-0.0137711931377594,-0.0119442193445929,0.8367977281814,0.858247057084331,84.2876985969558,71.4299923557796,-12.8577062411762,84.040703568952,84.5353525455746,70.5560633298507,72.3139039318493,-13.7711931377594,-11.9442193445929,-14.32749785272,-11.3879146296323,broad_main
22,1121260,0.0832404053184715,0.0711948621173258,-0.0120455432011457,0.855292112585704,0.000121487462014598,0.000439666732996778,0.00045665086913178,0.00635182346415238,0.0830026036974787,0.0834788262166531,0.0703379318313211,0.0720614231814502,-0.0129405624581529,-0.0111505239441385,0.844710290852417,0.866006494502534,83.2404053184715,71.1948621173258,-12.0455432011457,83.0026036974787,83.4788262166531,70.3379318313211,72.0614231814502,-12.9405624581529,-11.1505239441385,-13.4856205586205,-10.6054658436709,broad_main
23,1242664,0.0825029741050041,0.0713964540576249,-0.0111065200473791,0.865380367582343,0.000109912926122899,0.000406674620567695,0.000421836894192508,0.00585670747861571,0.082287804530094,0.0827186556008143,0.0706034820313655,0.0721976403764401,-0.0119333051673467,-0.0102797349274116,0.855503518275919,0.875371245820429,82.5029741050041,71.3964540576249,-11.1065200473791,82.2878045300941,82.7186556008143,70.6034820313655,72.1976403764401,-11.9333051673467,-10.2797349274116,-12.4368093360629,-9.77623075869541,broad_main
24,1360984,0.0820374256188207,0.0720232677394919,-0.0100141578793287,0.877931836551544,9.50998372420316e-05,0.000359682139818703,0.000372669749640815,0.00513445991870988,0.0818512260803784,0.082224010800876,0.0713214781981531,0.0727314219373492,-0.0107445771667523,-0.00928373859190516,0.86914120131399,0.886811381701277,82.0374256188207,72.023267739492,-10.0141578793287,81.8512260803784,82.224010800876,71.3214781981531,72.7314219373492,-10.7445771667523,-9.28373859190516,-11.189395472315,-8.83892028634241,broad_main
25,1485728,0.0818296866344996,0.0731006589141961,-0.00872902772030354,0.893326883197139,8.46470471841674e-05,0.000329813565106076,0.000341136325230601,0.00463662999320553,0.0816639345895655,0.0819957450654106,0.0724568631102426,0.0737497201675166,-0.00939764263157386,-0.00806041280903322,0.885245437185992,0.901482105097872,81.8296866344996,73.1006589141961,-8.72902772030354,81.6639345895655,81.9957450654106,72.4568631102426,73.7497201675166,-9.39764263157386,-8.06041280903322,-9.80482266778886,-7.65323277281822,broad_main
26,1599762,0.0816207055770641,0.074422286046179,-0.00719841953088506,0.911806453031841,8.36076007458956e-05,0.00033848814018099,0.000349278398662444,0.00466973577595841,0.0814569874961158,0.0817847234123466,0.0737615746993734,0.0750884358619565,-0.00788299261284127,-0.00651384644892884,0.903499205849737,0.920190081416383,81.6207055770641,74.422286046179,-7.19841953088506,81.4569874961158,81.7847234123467,73.7615746993734,75.0884358619565,-7.88299261284127,-6.51384644892884,-8.29989102118389,-6.09694804058622,broad_main
27,1705131,0.0813343104235999,0.0759487841098114,-0.00538552631378853,0.933785307999293,8.77491048116981e-05,0.000368209623113304,0.000379050006643141,0.0049732477010232,0.0811624909910258,0.0815064613288027,0.0752302460869508,0.0766736160132077,-0.00612845067514875,-0.0046426019524283,0.924727558215292,0.942931778867057,81.3343104235999,75.9487841098114,-5.38552631378853,81.1624909910258,81.5064613288027,75.2302460869508,76.6736160132077,-6.12845067514875,-4.6426019524283,-6.5808844502031,-4.19016817737395,broad_main
28,1801255,0.0808513280894208,0.0775763513513914,-0.00327497673802941,0.959493841159822,8.83334909181904e-05,0.000382466232750035,0.000392999563722196,0.00505556079525818,0.0806783666023176,0.0810246276975353,0.0768300406839672,0.0783292964146591,-0.00404524172886487,-0.00250471174719396,0.950033435791418,0.969048452970192,80.8513280894208,77.5763513513914,-3.27497673802941,80.6783666023176,81.0246276975353,76.8300406839672,78.3292964146591,-4.04524172886487,-2.50471174719396,-4.51432568373456,-2.03562779232427,broad_main
29,1867931,0.0804573025446827,0.0795219047557203,-0.000935397788962372,0.988373985214793,8.37704212902129e-05,0.000374973599539718,0.000384671069233373,0.00483457828520087,0.0802932683289747,0.080621642496261,0.0787900657904136,0.0802599491405715,-0.0016893392305543,-0.000181456347370448,0.979052781094318,0.997783933116945,80.4573025446827,79.5219047557203,-0.935397788962372,80.2932683289747,80.621642496261,78.7900657904136,80.2599491405715,-1.6893392305543,-0.181456347370448,-2.14848230127662,0.277686723351872,broad_main
30,1891101,0.0801518852861456,0.0817181506859189,0.00156626539977335,1.01954121720508,7.69625600252897e-05,0.000359209466760084,0.00036782142150411,0.00450509473925954,0.0800011709555604,0.080302858764544,0.0810168702985934,0.0824249568906704,0.000845348660882969,0.00228718213866373,1.01057847621396,1.02858344804085,80.1518852861456,81.7181506859189,1.56626539977335,80.0011709555604,80.302858764544,81.0168702985934,82.4249568906704,0.845348660882969,2.28718213866373,0.406317315782285,2.72621348376442,broad_main
31,1886171,0.07969871495027,0.0838441672800052,0.00414545232973523,1.05201404228816,7.22814005452482e-05,0.000355354076521779,0.000363102496451928,0.00434012341377354,0.0795571609672961,0.0798404989495805,0.0831503089884341,0.0845432816615826,0.00343378451399287,0.0048571201454776,1.04310305433672,1.06100115474709,79.69871495027,83.8441672800052,4.14545232973523,79.5571609672961,79.8404989495805,83.1503089884342,84.5432816615826,3.43378451399287,4.8571201454776,3.00038567393939,5.29051898553108,broad_main
32,1798093,0.0794705241824549,0.0861981896199456,0.0067276654374907,1.08465611000683,7.37012657875513e-05,0.000380508587454516,0.000388092264071121,0.00451713071034576,0.0793261922528154,0.0796150960112687,0.0854553225308088,0.0869469005382009,0.0059670185772327,0.00748831229774871,1.07509558504226,1.09430165405146,79.4705241824549,86.1981896199456,6.7276654374907,79.3261922528154,79.6150960112687,85.4553225308088,86.9469005382009,5.9670185772327,7.48831229774871,5.50379197117596,7.95153890380545,broad_main
33,1665495,0.0796329133154901,0.0888852754408768,0.00925236212538669,1.11618766336892,8.10380127274949e-05,0.000431775282291473,0.000439864158322228,0.00496999500485154,0.0794742263529356,0.079791889664889,0.0880426390861287,0.0897351829269161,0.0083902442169851,0.0101144800337883,1.10536765131046,1.12711358829791,79.6329133154901,88.8852754408768,9.25236212538669,79.4742263529356,79.791889664889,88.0426390861287,89.7351829269161,8.3902442169851,10.1144800337883,7.86522272068372,10.6395015300897,broad_main
34,1508275,0.0802593790476681,0.0919127633164956,0.0116533842688276,1.14519654160178,9.0584592060934e-05,0.000490852863274692,0.000499694944488032,0.00546524470682691,0.0800820156500951,0.0804371009168003,0.0909552240593665,0.0928793531959946,0.0106740001743743,0.0126327683632808,1.13299502556499,1.15752945891592,80.2593790476681,91.9127633164957,11.6533842688276,80.0820156500951,80.4371009168003,90.9552240593665,92.8793531959946,10.6740001743743,12.6327683632808,10.0775647010908,13.2292038365643,broad_main
35,1321363,0.0818580494581832,0.0957794753043291,0.0139214258461459,1.17006789116393,9.88811045235228e-05,0.000540520256924776,0.000550062270963865,0.00577816105825804,0.0816644549025016,0.0820520619455875,0.0947253006899026,0.0968441265452543,0.0128433236058024,0.0149995280864894,1.15689163811697,1.18339421327409,81.8580494581832,95.7794753043291,13.9214258461459,81.6644549025016,82.0520619455875,94.7253006899026,96.8441265452543,12.8433236058024,14.9995280864894,12.1867697332115,15.6560819590802,broad_main
36,1103345,0.0840701924448141,0.100012737952497,0.015942545507683,1.18963374585051,0.000103712252785166,0.000570368664686647,0.000580351167143985,0.00584230604855493,0.0838671432262594,0.0842736880407125,0.0989003761265711,0.10113620664431,0.014805078121695,0.0170800128936709,1.17608929029117,1.20333418640002,84.0701924448141,100.012737952497,15.942545507683,83.8671432262594,84.2736880407125,98.9003761265712,101.13620664431,14.805078121695,17.0800128936709,14.1123714476245,17.7727195677414,broad_main
37,882785,0.0868803060611916,0.10459760531535,0.0177172992541581,1.20392768001622,0.000107966363813318,0.000600724354492888,0.000611022851082921,0.00588379900229722,0.0866689289297521,0.0870921495619666,0.103426046182384,0.105780869551589,0.0165197164723046,0.0189148820360116,1.19012369192287,1.21789177759112,86.8803060611916,104.59760531535,17.7172992541581,86.6689289297521,87.0921495619667,103.426046182384,105.780869551589,16.5197164723046,18.9148820360116,15.7904001016016,19.6441984067146,broad_main
38,688250,0.0902846738931343,0.10955426842587,0.019269594532736,1.21343151281185,0.000118058414897005,0.00067359376313911,0.00068447373998041,0.00629274006658826,0.0900535505836151,0.0905163313766494,0.10824100833633,0.110881480792131,0.0179280506540109,0.020611138411461,1.19855751508509,1.22849009559656,90.2846738931343,109.55426842587,19.269594532736,90.0535505836151,90.5163313766494,108.24100833633,110.881480792131,17.9280506540109,20.611138411461,17.1110633629476,21.4281257025243,broad_main
39,526483,0.093877633333542,0.1144294003686,0.0205517670350578,1.218920804725,0.000140808379417628,0.000828802366497891,0.000841114837872374,0.00740120684292187,0.0936020173752831,0.094153976554135,0.112814990437625,0.116063890554978,0.0189032122459657,0.0222003218241499,1.20136664802352,1.23673145965541,93.877633333542,114.4294003686,20.5517670350578,93.6020173752831,94.153976554135,112.814990437625,116.063890554978,18.9032122459657,22.2003218241499,17.899258269753,23.2042758003626,broad_main
40,375841,0.0984282819743623,0.120133410083018,0.0217051281086557,1.22051718950362,0.000181251418765174,0.00108855432288497,0.00110381519142525,0.00924920142855744,0.0980736063643124,0.0987840997574498,0.118016188303058,0.122283348819683,0.0195416900878741,0.0238685661294374,1.1985908715079,1.24284461469302,98.4282819743623,120.133410083018,21.7051281086557,98.0736063643124,98.7840997574498,118.016188303058,122.283348819683,19.5416900878741,23.8685661294374,18.2241771864984,25.1860790308131,broad_main
41,255445,0.102964726343417,0.125549233121356,0.0225845067779384,1.21934217260591,0.000238235827622154,0.00144096218222063,0.00146066513373778,0.0117095354623499,0.102498729034282,0.103432598091624,0.122752097235651,0.12840077779326,0.0197216557223389,0.0254473578335378,1.19167662341844,1.24764999554182,102.964726343417,125.549233121356,22.5845067779384,102.498729034282,103.432598091624,122.752097235651,128.40077779326,19.7216557223389,25.4473578335378,17.9782070243696,27.1908065315071,broad_main
42,163280,0.108148937104357,0.131479523152695,0.0233305860483378,1.21572644792454,0.000311329491876738,0.0018806727954202,0.001906307454187,0.0145910873816182,0.107540253463776,0.108760646076058,0.127837116918436,0.135209621823766,0.0195942920946711,0.0270668800020046,1.18145152905897,1.25099571148759,108.148937104357,131.479523152695,23.3305860483378,107.540253463776,108.760646076058,127.837116918436,135.209621823766,19.5942920946711,27.0668800020046,17.318925090855,29.3422470058207,broad_main
43,96885,0.112811043668682,0.136598258682377,0.0237872150136947,1.21085892161016,0.000396208252943334,0.00238181413503588,0.00241447807021138,0.0177862575454793,0.112036819559928,0.113589933597563,0.131996778010834,0.141334030470384,0.0190549249546186,0.0285195050727708,1.16937513810056,1.25381434945201,112.811043668682,136.598258682377,23.7872150136947,112.036819559928,113.589933597563,131.996778010834,141.334030470384,19.0549249546186,28.5195050727708,16.1730059229693,31.4014241044201,broad_main
44,53779,0.118293818979257,0.142501283780672,0.0242074648014147,1.20463845879944,0.000494445072639136,0.00295144412207595,0.00299238927777733,0.0211277029285314,0.117328156189144,0.119266355693791,0.136813875835837,0.148384476857695,0.0183424895892473,0.0300724400135821,1.15577365501181,1.25556921126037,118.293818979257,142.501283780672,24.2074648014147,117.328156189144,119.266355693791,136.813875835837,148.384476857695,18.3424895892473,30.0724400135821,14.7707762172659,33.6441533855635,broad_main
45,28641,0.123701663566803,0.148228098599984,0.0245264350331812,1.1982708584993,0.00060260160632123,0.00357100311970798,0.00362118649890017,0.0245764099226613,0.122525420347056,0.124887591576956,0.141364659107612,0.155364471462118,0.0174290399140342,0.0316238301523282,1.14191957956387,1.25740295203366,123.701663566803,148.228098599984,24.5264350331812,122.525420347056,124.887591576956,141.364659107612,155.364471462118,17.4290399140342,31.6238301523282,13.1067946979414,35.946075368421,broad_main
15,40526,0.0664864385681547,0.0743930113737318,0.00790657280557709,1.11892008319068,0.00211947284327303,0.0034138990565065,0.00401732654708002,0.0558615416517815,0.062450944967455,0.0707630182945569,0.0679724773167457,0.0813670697611716,3.27574591636008e-05,0.0157803881519906,1.00288154264664,1.24838487830119,66.4864385681547,74.3930113737318,7.90657280557709,62.450944967455,70.7630182945569,67.9724773167457,81.3670697611716,0.0327574591636008,15.7803881519906,-4.76232019145528,20.5754658026095,sn_vs_ss
16,99677,0.0660644300066985,0.0749018082288515,0.00883737822215296,1.13376908301876,0.00165152866222801,0.00268522087995438,0.00315130418666072,0.0436885418891664,0.062900252701726,0.0693759962520047,0.0698058581821337,0.0803376420667614,0.00266093551196765,0.0150138209323383,1.04072708121216,1.23512912925454,66.0644300066985,74.9018082288515,8.83737822215296,62.900252701726,69.3759962520047,69.8058581821337,80.3376420667614,2.66093551196765,15.0138209323383,-1.10045856408567,18.7752150083916,sn_vs_ss
17,199221,0.0673566583342083,0.0772918418989721,0.00993518356476376,1.14750113515827,0.00124712216891812,0.00204147099149389,0.00239107081329095,0.0322387743349919,0.0649531087316842,0.0698425063681433,0.0733843262204748,0.0813891468337842,0.0052487708862286,0.0146215962432989,1.07723741572588,1.22234786498039,67.3566583342083,77.2918418989721,9.93518356476376,64.9531087316842,69.8425063681433,73.3843262204748,81.3891468337842,5.2487708862286,14.6215962432989,2.39479073711871,17.4755763924088,sn_vs_ss
18,378353,0.0695069830851328,0.080590931813241,0.0110839487281082,1.15946525422536,0.000897566683405882,0.00147387510719075,0.00172416573600863,0.022367207750637,0.0677682516349951,0.0712869138671699,0.0777490185450484,0.0835273156426131,0.00770464598215326,0.0144632514740631,1.10973360327193,1.21142558159199,69.5069830851328,80.590931813241,11.0839487281082,67.7682516349951,71.2869138671699,77.7490185450484,83.5273156426131,7.70464598215326,14.4632514740631,5.64668318281172,16.5212142734046,sn_vs_ss
19,653131,0.0719613108964045,0.084123038640924,0.0121617277445194,1.16900369925205,0.000630464084972697,0.00103650062396361,0.00121076400079232,0.0150864638621038,0.0707353684620656,0.0732068267734399,0.0821136848313897,0.086176945761701,0.00978867390918883,0.01453478157985,1.13494355806492,1.20408599983156,71.9613108964045,84.123038640924,12.1617277445194,70.7353684620656,73.2068267734399,82.1136848313897,86.176945761701,9.78867390918883,14.53478157985,8.34350699723017,15.9799484918086,sn_vs_ss
20,857770,0.0720993213884353,0.084794291030435,0.0126949696419997,1.17607613216781,0.000480341155071037,0.000796771412879327,0.000927713746511004,0.011483686064378,0.0711635204380781,0.0730464603659483,0.0832456393989679,0.0863690385844608,0.0108766841108754,0.014513255173124,1.14990114121941,1.20284693968391,72.0993213884353,84.794291030435,12.6949696419997,71.1635204380781,73.0464603659483,83.2456393989679,86.3690385844608,10.8766841108754,14.513255173124,9.76936574879202,15.6205735352074,sn_vs_ss
21,999703,0.0715424715683517,0.0843868604900844,0.0128443889217328,1.17953515779031,0.000448911844825289,0.000753216517327533,0.000874613617047181,0.0108809199656474,0.0706675985034213,0.0724273315491678,0.0829222580766896,0.0858749089289641,0.011130177731932,0.0145586001115335,1.15464647577116,1.20496032132622,71.5424715683517,84.3868604900844,12.8443889217328,70.6675985034213,72.4273315491678,82.9222580766896,85.8749089289641,11.130177731932,14.5586001115335,10.0862396405468,15.6025382029188,sn_vs_ss
22,1151517,0.0713208446705962,0.0840593051031664,0.0127384604325701,1.17860781783228,0.000440223277525956,0.000738817602228186,0.000858096930259924,0.0107143058402471,0.0704628264941098,0.0721884994426824,0.0826225311933218,0.0855187348380314,0.0110566213540163,0.0144202995111239,1.15411552683572,1.20361987682807,71.3208446705962,84.0593051031664,12.7384604325701,70.4628264941098,72.1884994426824,82.6225311933218,85.5187348380314,11.0566213540163,14.4202995111239,10.0323975663472,15.4445232987931,sn_vs_ss
23,1274332,0.0715129328079964,0.0839143103992884,0.012401377591292,1.17341447349933,0.000407128379027389,0.000679619163910966,0.000790256334734472,0.00987333009337092,0.0707190733034859,0.072315010333802,0.0825918491101913,0.0852559791026672,0.0108525036366578,0.0139502515459262,1.15092559137315,1.19634278439753,71.5129328079964,83.9143103992884,12.401377591292,70.7190733034859,72.315010333802,82.5918491101913,85.2559791026672,10.8525036366578,13.9502515459262,9.90925432781094,14.893500854773,sn_vs_ss
24,1393370,0.0721420605554155,0.0840084354482915,0.011866374892876,1.16448622068067,0.000360052522153371,0.000601714544034183,0.000698973564358411,0.00870022247645736,0.0714395459157985,0.0728509415118658,0.082836590552532,0.0851953179257489,0.010496411880588,0.0132363379051641,1.1447976021965,1.18451345072121,72.1420605554155,84.0084354482915,11.866374892876,71.4395459157985,72.8509415118658,82.836590552532,85.1953179257489,10.496411880588,13.2363379051641,9.6621176111155,14.0706321746366,sn_vs_ss
25,1518689,0.073233110508807,0.0843788970493186,0.0111457865405117,1.15219600073072,0.000330171764983606,0.000562316138127658,0.000649530670941086,0.00801250152325556,0.072588613161985,0.0738828743227622,0.0832832920195062,0.0854875708806582,0.00987272981861302,0.0124188432624103,1.13424300550019,1.17043315908696,73.233110508807,84.3788970493186,11.1457865405117,72.588613161985,73.8828743227622,83.2832920195062,85.4875708806582,9.87272981861302,12.4188432624103,9.0974505459124,13.194122535111,sn_vs_ss
26,1632495,0.0745702299066249,0.0848008942393312,0.0102306643327064,1.13719502200163,0.000338909325621954,0.000589269472654562,0.000677129522140429,0.00826884943335326,0.0739086939108817,0.0752372060755027,0.0836530606847535,0.0859630001280328,0.00890351485644231,0.0115578138089704,1.11891344529099,1.15577529567443,74.5702299066249,84.8008942393312,10.2306643327064,73.9086939108817,75.2372060755027,83.6530606847535,85.9630001280328,8.90351485644231,11.5578138089704,8.09529361773076,12.366035047682,sn_vs_ss
27,1737293,0.0761161467633977,0.0852457373321634,0.00912959056876576,1.11994288934705,0.000368753591185353,0.000640402668132149,0.000736268123377309,0.00890448400939085,0.075396544283083,0.0768420465090554,0.0839989218009688,0.0865093118127747,0.00768653156398135,0.0105726495735502,1.10056669497176,1.13966021426007,76.1161467633977,85.2457373321634,9.12959056876576,75.396544283083,76.8420465090554,83.9989218009688,86.5093118127747,7.68653156398135,10.5726495735502,6.80772253964755,11.451458597884,sn_vs_ss
28,1831931,0.0777556250840092,0.0856087907750286,0.00785316569101942,1.10099803946704,0.000383069969818311,0.000654857299243554,0.000755714851286675,0.00906159294518424,0.0770081331668354,0.0785097554863105,0.0843339842339288,0.0869010386719355,0.00637199179991549,0.00933433958212334,1.0816164998618,1.12072687783993,77.7556250840092,85.6087907750286,7.85316569101942,77.0081331668354,78.5097554863105,84.3339842339288,86.9010386719355,6.37199179991549,9.33433958212334,5.46997117720077,10.2363602048381,sn_vs_ss
29,1897021,0.0797409223620263,0.086201658887566,0.00646073652553975,1.08102159260471,0.000375694777455202,0.000631155520433307,0.000731138282267608,0.0086653559745515,0.0790076724348564,0.0804803827334358,0.0849726288015726,0.0874467666095961,0.00502773182457676,0.00789374122650274,1.06281678449525,1.09953822777894,79.7409223620263,86.201658887566,6.46073652553975,79.0076724348564,80.4803827334358,84.9726288015726,87.4467666095961,5.02773182457676,7.89374122650274,4.15504577435723,8.76642727672226,sn_vs_ss
30,1917984,0.0819469204715946,0.086926706102574,0.00497978563097946,1.06076842915294,0.000359884039369179,0.000599140258970677,0.000695036849650435,0.00812610833600003,0.0812443197759548,0.0826550506264274,0.0857595669852478,0.0881081985216117,0.00361753843773643,0.0063420328242225,1.04400752676238,1.07779841758142,81.9469204715946,86.926706102574,4.97978563097946,81.2443197759548,82.6550506264274,85.7595669852478,88.1081985216117,3.61753843773643,6.3420328242225,2.78794302768998,7.17162823426895,sn_vs_ss
31,1910781,0.0840941669648054,0.0875350128030644,0.003440845838259,1.04091658152341,0.000356056239882733,0.000595770981705076,0.000689851545455322,0.00796608881128239,0.0833989341572232,0.0847946592416181,0.0863743426362992,0.088709765291857,0.00208876165448728,0.00479293002203073,1.02479070985217,1.05729620621433,84.0941669648054,87.5350128030644,3.440845838259,83.3989341572232,84.7946592416181,86.3743426362992,88.709765291857,2.08876165448728,4.79293002203073,1.26535541924806,5.61633625726994,sn_vs_ss
32,1820180,0.0864694199203718,0.0883775547679727,0.00190813484760094,1.02206716373671,0.000381322455217273,0.000643883412217538,0.000744197675940069,0.00846881724256836,0.085724959949252,0.0872197282380924,0.0871236765987192,0.0896477065134934,0.000449534205379995,0.00336673548982188,1.00524232392205,1.03917360255297,86.4694199203718,88.3775547679727,1.90813484760094,85.724959949252,87.2197282380924,87.1236765987192,89.6477065134934,0.449534205379995,3.36673548982188,-0.438739526347508,4.25500922154939,sn_vs_ss
33,1685024,0.089165545258185,0.0895935323206732,0.000427987062488186,1.00479991527275,0.00043273878352264,0.000730151744198956,0.000844958261072148,0.00944270925835401,0.088321023891621,0.090017344561151,0.0881727281631128,0.0910349453809987,-0.00122810069765282,0.00208407482262919,0.986374738105024,1.02356926909115,89.165545258185,89.5935323206732,0.427987062488186,88.321023891621,90.017344561151,88.1727281631128,91.0349453809987,-1.22810069765282,2.08407482262919,-2.23664218062431,3.09261630560069,sn_vs_ss
34,1525309,0.0922121465283725,0.0912574168835655,-0.000954729644807015,0.989646378695744,0.000492015555717435,0.000822343818435564,0.0009547807929144,0.0104342450060627,0.0912523333242953,0.0931810200957027,0.0896584055865457,0.0928820360792409,-0.00282606561204983,0.000916606322435804,0.969612921315561,1.01009375322347,92.2121465283725,91.2574168835655,-0.954729644807015,91.2523333242953,93.1810200957027,89.6584055865457,92.8820360792409,-2.82606561204983,0.916606322435804,-3.96569117837869,2.05623188876466,sn_vs_ss
35,1335627,0.0960814326645706,0.0938825983009028,-0.00219883436366783,0.977114887833283,0.000541782750158362,0.000896227117441694,0.00104388537564093,0.0110519127154665,0.0950247894214791,0.0971485641167333,0.0921406947001389,0.0956539626683103,-0.00424481210391212,-0.000152856623423539,0.956176851170266,0.998511418527777,96.0814326645706,93.8825983009028,-2.19883436366783,95.0247894214791,97.1485641167333,92.1406947001389,95.6539626683103,-4.24481210391212,-0.152856623423539,-5.49079282663479,1.09312409929913,sn_vs_ss
36,1115405,0.10032901304736,0.0970713539692482,-0.00325765907811181,0.967530238969117,0.000571699841758035,0.000942837805713013,0.0010992914711581,0.0112274348513919,0.0992140481074953,0.101455096692678,0.0952390592335191,0.0989350453286058,-0.00541223077009372,-0.00110308738612989,0.946471927763052,0.989057082265623,100.32901304736,97.0713539692482,-3.25765907811181,99.2140481074953,101.455096692678,95.2390592335191,98.9350453286058,-5.41223077009372,-1.10308738612989,-6.72434416269246,0.209026006468849,sn_vs_ss
37,892004,0.104926442205649,0.100797036598707,-0.00412940560694208,0.960644757220978,0.0006021001845113,0.00100425224245786,0.00116763710365222,0.0114658844106138,0.103752192215679,0.106112408678472,0.0988457313185203,0.102782468914426,-0.0064179322771131,-0.00184087893677106,0.93929722308924,0.982477459627792,104.926442205649,100.797036598707,-4.12940560694208,103.752192215679,106.112408678472,98.8457313185203,102.782468914426,-6.4179322771131,-1.84087893677106,-7.81162296024308,-0.447188253641088,sn_vs_ss
38,695220,0.109875498531007,0.105050561451611,-0.00482493707939531,0.956087233788214,0.000675006682238997,0.00115301711816443,0.00133301800887006,0.0125500693288327,0.108559474799804,0.11120548571383,0.102812048633808,0.107331982403573,-0.00743760436752392,-0.0022122697912667,0.932856583626034,0.979896389924875,109.875498531007,105.050561451611,-4.82493707939531,108.559474799804,111.20548571383,102.812048633808,107.331982403573,-7.43760436752392,-2.2122697912667,-9.02869356261343,-0.621180596177188,sn_vs_ss
39,531638,0.114749178172497,0.109409913912389,-0.00533926426010792,0.953470130722143,0.000830489611578573,0.00144755701261145,0.00166624126863521,0.0150575531129129,0.113131469488157,0.11638698334644,0.106604854087509,0.112279506316165,-0.00860503713618726,-0.00207349138402857,0.925742239494071,0.982028529535537,114.749178172497,109.409913912389,-5.33926426010792,113.131469488157,116.38698334644,106.604854087509,112.279506316165,-8.60503713618726,-2.07349138402857,-10.5938613390838,-0.0846671811320279,sn_vs_ss
40,379398,0.120464666537801,0.114750833328032,-0.00571383320976931,0.95256838893937,0.00109075238027635,0.00191615617561887,0.00220269229117076,0.0189771249621265,0.1183431496387,0.122618926081681,0.111048391560963,0.118560253835714,-0.010031030769488,-0.00139663565005062,0.917788913426782,0.988665827546995,120.464666537801,114.750833328032,-5.71383320976931,118.3431496387,122.618926081681,111.048391560963,118.560253835714,-10.031030769488,-1.39663565005062,-12.6601624700864,1.23249605054773,sn_vs_ss
41,257682,0.125876002128593,0.119956692955973,-0.00591930917261993,0.952975078072687,0.00144369907490026,0.00253625453965458,0.00291657999306518,0.0240392011009426,0.123073521307196,0.128732929635583,0.115074006024665,0.125017287689111,-0.0116357009170578,-0.000202917428182093,0.909116077379264,0.998949993322766,125.876002128593,119.956692955973,-5.91930917261993,123.073521307196,128.732929635583,115.074006024665,125.017287689111,-11.6357009170578,-0.202917428182093,-15.1169283893812,3.2783100441413,sn_vs_ss
42,164620,0.131741306559889,0.125741197434849,-0.00600010912504034,0.954455369528978,0.00188341736817663,0.00330161324187475,0.00379952760859344,0.0298853137527777,0.128093544327276,0.135476806680145,0.119411431356225,0.132356060709833,-0.0134470463961491,0.0014468281460684,0.900154797262059,1.01203154745559,131.741306559889,125.741197434849,-6.00010912504034,128.093544327276,135.476806680145,119.411431356225,132.356060709833,-13.4470463961491,1.4468281460684,-17.9821594135657,5.98194116348498,sn_vs_ss
43,97642,0.136898120118695,0.130961616584048,-0.00593650353464631,0.956635609535767,0.00238552497051761,0.00417300954417828,0.00480540364358778,0.0363080167239274,0.13228939729466,0.141641193470525,0.122997314878773,0.139359673880382,-0.0153549216072559,0.00348191453796329,0.890924912409611,1.02719283823452,136.898120118695,130.961616584048,-5.93650353464631,132.28939729466,141.641193470525,122.997314878773,139.359673880382,-15.3549216072559,3.48191453796329,-21.090647429773,9.21764036048039,sn_vs_ss
44,54163,0.142805497141878,0.137003005825276,-0.00580249131660182,0.9593678714564,0.00295582697223542,0.0051645272665501,0.00594932943872918,0.0429963703418339,0.137109534397011,0.148697311267139,0.127191621093699,0.147443374851184,-0.0174629627486749,0.00585798011547127,0.881833500292782,1.04371937840556,142.805497141878,137.003005825276,-5.80249131660182,137.109534397011,148.697311267139,127.191621093699,147.443374851184,-17.4629627486749,5.85798011547127,-24.5640774560552,12.9590948228516,sn_vs_ss
45,28818,0.148377755335799,0.142777219322383,-0.00560053601341634,0.962254881125939,0.00357379540629064,0.00624100910522835,0.00719065905649697,0.0499002717448546,0.14150888623164,0.155519640795636,0.130976204306643,0.15545131174903,-0.0196939687892572,0.00849289676242447,0.872599449075477,1.06112198126154,148.377755335799,142.777219322383,-5.60053601341634,141.50888623164,155.519640795636,130.976204306643,155.45131174903,-19.6939687892572,8.49289676242447,-28.2767335037886,17.0756614769559,sn_vs_ss
15,40526,0.0664864385681547,0.0803352812815655,0.0138488427134108,1.20829575191059,0.00211947284327303,0.000506216365101964,0.00217873968544132,0.0324907256528386,0.062450944967455,0.0707630182945569,0.0793486904332296,0.0813330553248325,0.00957859139825771,0.018119094028564,1.1337494588946,1.28774361269256,66.4864385681547,80.3352812815655,13.8488427134108,62.450944967455,70.7630182945569,79.3486904332296,81.3330553248325,9.57859139825771,18.119094028564,6.97804950808708,20.7196359187346,nn_vs_ss
16,99677,0.0660644300066985,0.0797124177618677,0.0136479877551692,1.20658602146095,0.00165152866222801,0.000394786578047208,0.00169755209052484,0.0254782223097878,0.062900252701726,0.0693759962520047,0.07894207244688,0.0804896234609683,0.0103208467958598,0.0169751287144786,1.1478131275593,1.26836833647361,66.0644300066985,79.7124177618677,13.6479877551692,62.900252701726,69.3759962520047,78.94207244688,80.4896234609683,10.3208467958598,16.9751287144786,8.29465002180036,19.0013254885381,nn_vs_ss
17,199221,0.0673566583342083,0.0810779966901058,0.0137213383558975,1.20371168486143,0.00124712216891812,0.000298660105603922,0.0012821338516445,0.0188749504214751,0.0649531087316842,0.0698425063681433,0.0804945569572716,0.0816652897187888,0.0112084021833146,0.0162342745284803,1.15999492577125,1.24907599859422,67.3566583342083,81.0779966901058,13.7213383558975,64.9531087316842,69.8425063681433,80.4945569572716,81.6652897187888,11.2084021833146,16.2342745284803,9.67804827628879,17.7646284355061,nn_vs_ss
18,378353,0.0695069830851328,0.0833827888404522,0.0138758057553194,1.19963182315544,0.000897566683405882,0.000216471746910031,0.000923284621855385,0.0131715044145991,0.0677682516349951,0.0712869138671699,0.0829594920646029,0.0838080480793906,0.0120662011490031,0.0156854103616356,1.1690588476728,1.23100433651569,69.5069830851328,83.3827888404522,13.8758057553194,67.7682516349951,71.2869138671699,82.9594920646029,83.8080480793906,12.0662011490031,15.6854103616356,10.9641693864528,16.787442124186,nn_vs_ss
19,653131,0.0719613108964045,0.0859340573258011,0.0139727464293965,1.1941702597596,0.000630464084972697,0.000160609393425593,0.000649974871512564,0.00895094633240471,0.0707353684620656,0.0732068267734399,0.0856197906074321,0.0862493687517859,0.0126988190903759,0.0152466737684172,1.17340299331135,1.21530507201964,71.9613108964045,85.9340573258011,13.9727464293965,70.7353684620656,73.2068267734399,85.6197906074321,86.2493687517859,12.6988190903759,15.2466737684172,11.9230096202398,16.0224832385533,nn_vs_ss
20,857770,0.0720993213884353,0.0856351452550305,0.0135358238665952,1.1877385751479,0.000480341155071037,0.000132265664705459,0.00049796129618392,0.00683587149028874,0.0711635204380781,0.0730464603659483,0.0853762646975174,0.0858947370781168,0.0125598376603798,0.0145118100728105,1.17193130998764,1.20375905214892,72.0993213884353,85.6351452550305,13.5358238665952,71.1635204380781,73.0464603659483,85.3762646975174,85.8947370781168,12.5598376603798,14.5118100728105,11.9654714682812,15.1061762649092,nn_vs_ss
21,999703,0.0715424715683517,0.0843775959883829,0.0128351244200312,1.17940566126191,0.000448911844825289,0.000126347312479852,0.000466683273382007,0.00645490657991049,0.0706675985034213,0.0724273315491678,0.0841302894798927,0.0846255622988515,0.0119204420120152,0.0137498068280472,1.16457853644741,1.19442156134864,71.5424715683517,84.3775959883829,12.8351244200312,70.6675985034213,72.4273315491678,84.1302894798927,84.6255622988515,11.9204420120152,13.7498068280472,11.3634092421155,14.3068395979469,nn_vs_ss
22,1151517,0.0713208446705962,0.083344471390262,0.0120236267196657,1.16858502973707,0.000440223277525956,0.000121660847192506,0.000457318580573835,0.00634988400679717,0.0704628264941098,0.0721884994426824,0.0831063303948311,0.0835832325718525,0.01112729877228,0.0129199546670514,1.15413148107746,1.18321958469648,71.3208446705962,83.344471390262,12.0236267196657,70.4628264941098,72.1884994426824,83.1063303948311,83.5832325718525,11.12729877228,12.9199546670514,10.5814436919864,13.4658097473451,nn_vs_ss
23,1274332,0.0715129328079964,0.0825941324717408,0.0110811996637444,1.15495378568092,0.000407128379027389,0.000110054043137137,0.000422395858003923,0.00585492580306522,0.0707190733034859,0.072315010333802,0.0823786866563509,0.0828100908959206,0.0102533189948378,0.0119090803326509,1.14177593398877,1.16828373006486,71.5129328079964,82.5941324717408,11.0811996637444,70.7190733034859,72.315010333802,82.3786866563509,82.8100908959206,10.2533189948378,11.9090803326509,9.74914764737768,12.4132516801111,nn_vs_ss
24,1393370,0.0721420605554155,0.0821281651812542,0.00998610462583871,1.13842278067686,0.000360052522153371,9.52224428579348e-05,0.000373148610309603,0.00513258748735829,0.0714395459157985,0.0728509415118658,0.0819417256011912,0.0823149909270849,0.00925474678875072,0.0107174624629267,1.12702801424195,1.14993275338922,72.1420605554155,82.1281651812542,9.98610462583871,71.4395459157985,72.8509415118658,81.9417256011912,82.3149909270849,9.25474678875072,10.7174624629267,8.80935691548896,11.1628523361885,nn_vs_ss
25,1518689,0.073233110508807,0.0819320105107051,0.00869890000189813,1.11878370236441,0.000330171764983606,8.47744594660558e-05,0.000341610219445248,0.00463466300851811,0.072588613161985,0.0738828743227622,0.0817660089913672,0.0820983189143724,0.00802935627503462,0.00936844372876164,1.10866694437866,1.12899277733739,73.233110508807,81.9320105107051,8.69890000189813,72.588613161985,73.8828743227622,81.7660089913672,82.0983189143724,8.02935627503462,9.36844372876164,7.62161059907618,9.77618940472008,nn_vs_ss
26,1632495,0.0745702299066249,0.0817353843812458,0.00716515447462089,1.09608599146862,0.000338909325621954,8.37482139299917e-05,0.000349811170811937,0.00466760299649783,0.0739086939108817,0.0752372060755027,0.0815713909745692,0.0818996780845597,0.00647953717843971,0.00785077177080208,1.08610435825229,1.10615935896528,74.5702299066249,81.7353843812458,7.16515447462089,73.9086939108817,75.2372060755027,81.5713909745692,81.8996780845597,6.47953717843971,7.85077177080208,6.06200285369921,8.26830609554258,nn_vs_ss
27,1737293,0.0761161467633977,0.0814643825675766,0.00534823580417899,1.07026414278174,0.000368753591185353,8.79084373079085e-05,0.000379703621171236,0.00497093655264886,0.075396544283083,0.0768420465090554,0.0812922511576863,0.0816368460675969,0.00460403038188393,0.00609244122647406,1.05988734461247,1.08074253471075,76.1161467633977,81.4643825675766,5.34823580417899,75.396544283083,76.8420465090554,81.2922511576863,81.6368460675969,4.60403038188393,6.09244122647406,4.15081645306835,6.54565515528963,nn_vs_ss
28,1831931,0.0777556250840092,0.0809877403413028,0.00323211525729354,1.04156760689405,0.000383069969818311,8.84945841908996e-05,0.000393710445545369,0.00505313474002061,0.0770081331668354,0.0785097554863105,0.080814463418487,0.0811613559879302,0.0024604569636874,0.00400377355089968,1.0313028754511,1.05193450494015,77.7556250840092,80.9877403413028,3.23211525729354,77.0081331668354,78.5097554863105,80.814463418487,81.1613559879302,2.4604569636874,4.00377355089968,1.99052450086035,4.47370601372673,nn_vs_ss
29,1897021,0.0797409223620263,0.080627327161109,0.000886404799082696,1.01111605901746,0.000375694777455202,8.39541504733983e-05,0.000385505774726734,0.00483189588736499,0.0790076724348564,0.0804803827334358,0.0804629331564719,0.0807920275290991,0.000130827364786086,0.00164198223337931,1.00158564359755,1.02073715946131,79.7409223620263,80.627327161109,0.886404799082696,79.0076724348564,80.4803827334358,80.4629331564719,80.7920275290991,0.130827364786086,1.64198223337931,-0.329312009724129,2.10212160788952,nn_vs_ss
30,1917984,0.0819469204715946,0.0803239305796827,-0.00162298989191184,0.980194620095889,0.000359884039369179,7.71347880152957e-05,0.000368614595213117,0.00450236708645429,0.0812443197759548,0.0826550506264274,0.0801728789612298,0.0804752418916737,-0.00234546122270536,-0.000900518561118321,0.971582967437556,0.988882602377105,81.9469204715946,80.3239305796827,-1.62298989191184,81.2443197759548,82.6550506264274,80.1728789612298,80.4752418916737,-2.34546122270536,-0.900518561118321,-2.78543929929042,-0.460540484533266,nn_vs_ss
31,1910781,0.0840941669648054,0.0798836882768968,-0.00421047868790854,0.949931382402887,0.000356056239882733,7.24537572658282e-05,0.000363926927284857,0.00433723981295027,0.0833989341572232,0.0847946592416181,0.0797417967348814,0.0800258103432182,-0.00492376235839119,-0.00349719501742589,0.941890399527738,0.958041011699786,84.0941669648054,79.8836882768968,-4.21047868790854,83.3989341572232,84.7946592416181,79.7417967348814,80.0258103432182,-4.92376235839119,-3.49719501742589,-5.35814523840636,-3.06281213741072,nn_vs_ss
32,1820180,0.0864694199203718,0.0796679643292364,-0.00680145559113537,0.921342648101504,0.000381322455217273,7.38837339731737e-05,0.00038902076700838,0.00451395925461867,0.085724959949252,0.0872197282380924,0.0795232750337246,0.079812894054439,-0.00756392228370995,-0.0060389888985608,0.913227299646898,0.929530113191873,86.4694199203718,79.6679643292364,-6.80145559113537,85.724959949252,87.2197282380924,79.5232750337246,79.812894054439,-7.56392228370995,-6.0389888985608,-8.0282571501062,-5.57465403216456,nn_vs_ss
33,1685024,0.089165545258185,0.0798314149396645,-0.00933413031852051,0.895316848099874,0.00043273878352264,8.12357822010725e-05,0.0004409311383925,0.00496664042476011,0.088321023891621,0.090017344561151,0.0796723406643379,0.0799907792185184,-0.0101983394694321,-0.00846992116760896,0.886643725690129,0.904074810733655,89.165545258185,79.8314149396645,-9.33413031852051,88.321023891621,90.017344561151,79.6723406643379,79.9907792185184,-10.1983394694321,-8.46992116760896,-10.7246345122646,-7.94362612477642,nn_vs_ss
34,1525309,0.0922121465283725,0.0804687721704151,-0.0117433743579575,0.87264829200843,0.000492015555717435,9.08084606107494e-05,0.000500955251696928,0.00546151027816549,0.0912523333242953,0.0931810200957027,0.0802909703680452,0.0806469331834843,-0.0127252286091497,-0.0107615201067653,0.863356965118994,0.882039610858141,92.2121465283725,80.4687721704151,-11.7433743579575,91.2523333242953,93.1810200957027,80.2909703680452,80.6469331834843,-12.7252286091497,-10.7615201067653,-13.3231683840774,-10.1635803318376,nn_vs_ss
35,1335627,0.0960814326645706,0.0820640058864844,-0.0140174267780862,0.854108890871533,0.000541782750158362,9.91160613404876e-05,0.000551413594949001,0.00577442761273417,0.0950247894214791,0.0971485641167333,0.0818699512349485,0.0822584792919884,-0.015098177564772,-0.0129366759914004,0.844496863647209,0.863830321779094,96.0814326645706,82.0640058864844,-14.0174267780862,95.0247894214791,97.1485641167333,81.8699512349485,82.2584792919884,-15.098177564772,-12.9366759914004,-15.7563443765561,-12.2785091796163,nn_vs_ss
36,1115405,0.10032901304736,0.084284586743572,-0.0160444263037881,0.84008188841433,0.000571699841758035,0.000103960131483249,0.000581772415051317,0.00583843387941646,0.0992140481074953,0.101455096692678,0.0840810521263736,0.0844885686076069,-0.0171846792844875,-0.0149041733230886,0.830523523506741,0.849750259043752,100.32901304736,84.284586743572,-16.0444263037881,99.2140481074953,101.455096692678,84.0810521263736,84.4885686076069,-17.1846792844875,-14.9041733230886,-17.879082358887,-14.2097702486891,nn_vs_ss
37,892004,0.104926442205649,0.0871031231842425,-0.0178233190214068,0.830135105634534,0.0006021001845113,0.000108219395237135,0.000612486831228607,0.00587968691424548,0.103752192215679,0.106112408678472,0.0868912505462227,0.0873154630434658,-0.0190237711516199,-0.0166228668911936,0.820623560434091,0.839756895649366,104.926442205649,87.1031231842425,-17.8233190214068,103.752192215679,106.112408678472,86.8912505462227,87.3154630434658,-19.0237711516199,-16.6228668911936,-19.7548349278164,-15.8918031149972,nn_vs_ss
38,695220,0.109875498531007,0.090500198298713,-0.0193753002322937,0.823661321301525,0.000675006682238997,0.000118307920530543,0.000685968922085925,0.00628830783802404,0.108559474799804,0.11120548571383,0.0902685863811321,0.0907323452182617,-0.0207197746140959,-0.0180308258504916,0.813572115118886,0.833875644950098,109.875498531007,90.500198298713,-19.3753002322937,108.559474799804,111.20548571383,90.2685863811321,90.7323452182617,-20.7197746140959,-18.0308258504916,-21.5385465532862,-17.2120539113013,nn_vs_ss
39,531638,0.114749178172497,0.0940918253350322,-0.0206573528374646,0.819978206672545,0.000830489611578573,0.00014108114055726,0.000842872837607467,0.00739624130670404,0.113131469488157,0.11638698334644,0.0938156752480066,0.0943687036306827,-0.0223093532427224,-0.0190053524322069,0.808177244196682,0.831951486194395,114.749178172497,94.0918253350322,-20.6573528374646,113.131469488157,116.38698334644,93.8156752480066,94.3687036306827,-22.3093532427224,-19.0053524322069,-23.3154055659678,-17.9993001089615,nn_vs_ss
40,379398,0.120464666537801,0.0986537036075691,-0.0218109629302319,0.818943068062306,0.00109075238027635,0.000181590123672373,0.00110607972421903,0.0092429140049812,0.1183431496387,0.122618926081681,0.0982983647969352,0.0990101858882025,-0.0239788393537312,-0.0196430865067326,0.804240849931166,0.833914055453286,120.464666537801,98.6537036075691,-21.8109629302319,118.3431496387,122.618926081681,98.2983647969352,99.0101858882025,-23.9788393537312,-19.6430865067326,-25.2990551995803,-18.3228706608835,nn_vs_ss
41,257682,0.125876002128593,0.103189031534636,-0.0226869705939564,0.819767309015905,0.00144369907490026,0.000238647344379836,0.00146346550400202,0.0117017515063345,0.123073521307196,0.128732929635583,0.102722228569147,0.103657710740634,-0.0255553102744171,-0.0198186309134957,0.801179902306468,0.838785944326037,125.876002128593,103.189031534636,-22.6869705939564,123.073521307196,128.732929635583,102.722228569147,103.657710740634,-25.5553102744171,-19.8186309134957,-27.3021014920223,-18.0718396958904,nn_vs_ss
42,164620,0.131741306559889,0.10832036444902,-0.0234209421108692,0.822220207750693,0.00188341736817663,0.000311719506024817,0.00190910392626309,0.0145836870412504,0.128093544327276,0.135476806680145,0.107710917417325,0.108932838853744,-0.0271627170490889,-0.0196791671726496,0.799050981574662,0.846061247182671,131.741306559889,108.32036444902,-23.4209421108692,128.093544327276,135.476806680145,107.710917417325,108.932838853744,-27.1627170490889,-19.6791671726496,-29.4414219196667,-17.4004623020717,nn_vs_ss
43,97642,0.136898120118695,0.113020571639657,-0.023877548479038,0.82558161895623,0.00238552497051761,0.000396763846716703,0.00241825193985568,0.0177752701732018,0.13228939729466,0.141641193470525,0.112245260089603,0.113800552005639,-0.0286172351866993,-0.0191378617713768,0.79731452833755,0.85485085914531,136.898120118695,113.020571639657,-23.877548479038,132.28939729466,141.641193470525,112.245260089603,113.800552005639,-28.6172351866993,-19.1378617713768,-31.503658706041,-16.251438252035,nn_vs_ss
44,54163,0.142805497141878,0.118512522153338,-0.0242929749885396,0.82988767607171,0.00295582697223542,0.000495116877475154,0.00299684132025389,0.0211142909549072,0.137109534397011,0.148697311267139,0.117545544527486,0.119486377439884,-0.0301666760436187,-0.0184192739334605,0.796245146776709,0.864951651741542,142.805497141878,118.512522153338,-24.2929749885396,137.109534397011,148.697311267139,117.545544527486,119.486377439884,-30.1666760436187,-18.4192739334605,-33.7437033698253,-14.8422466072538,nn_vs_ss
45,28818,0.148377755335799,0.123787859351795,-0.0245898959840044,0.834275050674854,0.00357379540629064,0.000602959957460543,0.00362401565034929,0.0245710714506591,0.14150888623164,0.155519640795636,0.122610915532855,0.124974491464804,-0.0316928361380985,-0.0174869558299103,0.795049780643083,0.875435572871359,148.377755335799,123.787859351795,-24.5898959840044,141.50888623164,155.519640795636,122.610915532855,124.974491464804,-31.6928361380985,-17.4869558299103,-36.0184582270257,-13.1613337409831,nn_vs_ss
15,40557,0.0689544473531173,0.0803059497189621,0.0113515023658448,1.16462320853234,0.00180110664921957,0.000505918949054538,0.00187033133309696,0.0268631814499971,0.0655069235686712,0.0725693189738496,0.0793199374928924,0.0813031365074249,0.007685720313818,0.0150172844178717,1.10489105837052,1.22758457277453,68.9544473531173,80.3059497189621,11.3515023658448,65.5069235686712,72.5693189738496,79.3199374928924,81.3031365074249,7.685720313818,15.0172844178717,5.45329437843964,17.24971035325,n_vs_s
16,99756,0.0688053025055627,0.0796683148113168,0.0108630123057541,1.15788045267116,0.00140793963509777,0.000394490374710918,0.00146146142864857,0.0210443816632347,0.0660965160267236,0.0716165882534214,0.0788985469970693,0.0804449369018711,0.00799860054080847,0.0137274240706998,1.11109376901494,1.20663726146765,68.8053025055627,79.6683148113168,10.8630123057541,66.0965160267236,71.6165882534214,78.8985469970693,80.4449369018711,7.99860054080847,13.7274240706998,6.25420138589089,15.4718232256174,n_vs_s
17,199402,0.0704407037040953,0.08104331022766,0.0106026065235647,1.15051818005828,0.00106600431660637,0.000298461295543883,0.00110658289068126,0.0155698469641396,0.0683797965010287,0.0725588871253982,0.0804602585044309,0.0816302119388279,0.00843374391192118,0.0127714691352082,1.11593887722757,1.18616898259982,70.4407037040953,81.04331022766,10.6026065235647,68.3797965010287,72.5588871253982,80.4602585044309,81.6302119388279,8.43374391192118,12.7714691352082,7.11292748699807,14.0922855601313,n_vs_s
18,378795,0.0729531370398863,0.0833673370403195,0.0104142000004332,1.1427519147633,0.000768673356799002,0.000216367619873057,0.000798560530030438,0.0108516632957276,0.0714608231133714,0.0744741153820875,0.0829442436086224,0.0837923914506524,0.00884905012209833,0.0119793498787681,1.11870352133815,1.16731726841544,72.9531370398863,83.3673370403195,10.4142000004332,71.4608231133714,74.4741153820875,82.9442436086224,83.7923914506524,8.84905012209833,11.9793498787681,7.89588893260067,12.9325110682657,n_vs_s
19,653855,0.0757298868988595,0.0859267660813483,0.0101968791824888,1.13464801810819,0.00054097720924433,0.000160533640067061,0.000563673044013937,0.00737648623982473,0.0746763819954361,0.0767970207293259,0.0856126473940413,0.0862419285896239,0.0090921003171654,0.0113016580478122,1.11836169184728,1.1511715166766,75.7298868988595,85.9267660813483,10.1968791824888,74.6763819954361,76.7970207293259,85.6126473940413,86.2419285896239,9.0921003171654,11.3016580478122,8.41930063709655,11.974457727881,n_vs_s
20,858662,0.0760034462855403,0.0856283280183659,0.00962488173282559,1.12663743821123,0.000413743582070592,0.000132198698909769,0.000434154377499096,0.00565612552848364,0.0751964835911446,0.0768183494857267,0.0853695783831899,0.0858877882620358,0.00877395478919696,0.0104758086764542,1.11421673222502,1.13919660373833,76.0034462855403,85.6283280183659,9.62488173282559,75.1964835911446,76.8183494857267,85.3695783831899,85.8877882620358,8.77395478919696,10.4758086764542,8.25574848257311,10.9940149830781,n_vs_s
21,1000721,0.075447657752547,0.0843658139544737,0.00891815620192674,1.11820322151254,0.000387803881442921,0.000126279359742613,0.000408248683735017,0.0053583639072378,0.0746910835789609,0.0762112643519097,0.0841186403275477,0.0846136467761023,0.00811800348507022,0.00971830891878325,1.10652107880854,1.13000869892816,75.447657752547,84.3658139544737,8.91815620192674,74.6910835789609,76.2112643519097,84.1186403275477,84.6136467761023,8.11800348507022,9.71830891878325,7.63071819314014,10.2055942107133,n_vs_s
22,1152710,0.075141081205735,0.0833316004555613,0.00819051924982632,1.10900188177225,0.000379979201245115,0.00012159727926409,0.000399599061248842,0.00527092040673717,0.0743997181934621,0.0758892259141892,0.0830935837803277,0.0835702367751589,0.00740731948152258,0.00897371901813007,1.09760396567296,1.12051815794992,75.141081205735,83.3316004555613,8.19051924982632,74.3997181934621,75.8892259141892,83.0935837803277,83.5702367751589,7.40731948152258,8.97371901813007,6.93035837185243,9.45068012780021,n_vs_s
23,1275619,0.0751722065712264,0.0825806282049,0.00740842163367353,1.09855266955153,0.000350645295501585,0.000109997739616735,0.000368167004481853,0.00485923331239493,0.0744878341039274,0.0758623514535334,0.0823652925267618,0.0827964760602333,0.0066868275645931,0.00813001570275396,1.08813980367191,1.10906518050935,75.1722065712264,82.5806282049,7.40842163367353,74.4878341039274,75.8623514535334,82.3652925267618,82.7964760602333,6.6868275645931,8.13001570275396,6.24738373193543,8.56945953541162,n_vs_s
24,1394616,0.0755800244616597,0.0821137269910469,0.00653370252938716,1.08644747836383,0.000310107689147208,9.51743857257782e-05,0.000325109794801219,0.0042725040816796,0.0749744642017566,0.0761900729107607,0.0819273814440478,0.0823004583892234,0.00589649904055557,0.00717090601821876,1.07738760345258,1.09558353879378,75.5800244616597,82.1137269910469,6.53370252938716,74.9744642017566,76.1900729107607,81.9273814440478,82.3004583892234,5.89649904055557,7.17090601821876,5.50844825783248,7.55895680094184,n_vs_s
25,1520035,0.0764023074473113,0.0819193729818652,0.00551706553455392,1.07221071874509,0.000285935671248057,8.47355857600963e-05,0.00029897742168161,0.00389202434700526,0.0758437658065839,0.0769646198357423,0.0817534475391463,0.0820856050798791,0.00493108055586732,0.00610305051324052,1.0640627681254,1.08042106145413,76.4023074473113,81.9193729818652,5.51706553455392,75.8437658065839,76.9646198357423,81.7534475391463,82.0856050798791,4.93108055586732,6.10305051324052,4.57422135212965,6.45990971697818,n_vs_s
26,1633763,0.0774291693725542,0.0817293533451481,0.00430018397259394,1.05553700249454,0.000295230927545724,8.37173550330595e-05,0.000307620046179692,0.0039573084962435,0.076852504456654,0.0780097956585095,0.0815654203224832,0.0818935864676888,0.00369725976115919,0.00490310818402868,1.04738173302158,1.06375577166211,77.4291693725542,81.7293533451481,4.30018397259394,76.852504456654,78.0097956585095,81.5654203224832,81.8935864676888,3.69725976115919,4.90310818402868,3.3300847279544,5.27028321723347,n_vs_s
27,1738576,0.0786232308155191,0.0814591400434493,0.0028359092279302,1.03606960943368,0.00032097565252485,8.78778528582452e-05,0.000333456955941862,0.00423081664275202,0.0779964277208196,0.0792546380994003,0.0812870684743445,0.0816315434952681,0.00218234560388979,0.00348947285197061,1.0275137855667,1.04469667528601,78.6232308155191,81.4591400434493,2.8359092279302,77.9964277208196,79.2546380994003,81.2870684743445,81.6315434952681,2.18234560388979,3.48947285197061,1.78433165651914,3.88748679934126,n_vs_s
28,1833198,0.0798857394577792,0.0809852833430123,0.00109954388523309,1.01376395703033,0.000331903238582404,8.84669810338951e-05,0.000344096305466796,0.00430341188043896,0.0792376349830461,0.0805386812645049,0.0808120604215017,0.0811588447884086,0.000425127519304877,0.0017739602511613,1.00524929128421,1.02235074372535,79.8857394577792,80.9852833430123,1.09954388523309,79.2376349830461,80.5386812645049,80.8120604215017,81.1588447884086,0.425127519304877,1.7739602511613,0.0144144531231817,2.184673317343,n_vs_s
29,1898168,0.0814802852922328,0.080627056715401,-0.00085322857683183,0.989528404646944,0.000324038060699986,8.39293763088825e-05,0.000335331046686108,0.00411830650238209,0.0808474337707975,0.0821176480272526,0.080462711177475,0.0807917084370304,-0.00151046535123472,-0.000195991802428939,0.981573344888782,0.99754793536501,81.4802852922328,80.627056715401,-0.85322857683183,80.8474337707975,82.1176480272526,80.462711177475,80.7917084370304,-1.51046535123472,-0.195991802428939,-1.91071621177079,0.204259058107134,n_vs_s
30,1919128,0.083285283999988,0.0803256266277392,-0.00295965737224878,0.964463621541481,0.000309814734668538,7.71140463020074e-05,0.000319880314545717,0.00384941527779818,0.082680067313621,0.083894525695492,0.0801746155894998,0.0804768972138205,-0.00358661126812173,-0.00233270347637583,0.957214399140632,0.971767744104161,83.285283999988,80.3256266277392,-2.95965737224878,82.680067313621,83.894525695492,80.1746155894998,80.4768972138205,-3.58661126812173,-2.33270347637583,-3.96842014752835,-1.9508945969692,n_vs_s
31,1911762,0.0850265029513652,0.0798877101803412,-0.00513879277102401,0.939562458849286,0.000307054690176772,7.24375272783651e-05,0.000316105174970432,0.00373113293295278,0.0844266155198731,0.0856302541889353,0.0797458503905239,0.0800298003783999,-0.00575834752929279,-0.00451923801275523,0.93271660751247,0.946458556616961,85.0265029513652,79.8877101803412,-5.13879277102401,84.4266155198731,85.6302541889353,79.7458503905239,80.0298003783999,-5.75834752929279,-4.51923801275523,-6.13565040521842,-4.1419351368296,n_vs_s
32,1821134,0.0870029978524734,0.0796729899540831,-0.00733000789839028,0.915749938745566,0.000329560787742435,7.38690475966136e-05,0.000338375469217992,0.00390770563036459,0.0863592361073539,0.0876510981084102,0.0795283293872327,0.0798178908383291,-0.00799321163130938,-0.00666680416547117,0.908763034861416,0.922790560512169,87.0029978524734,79.6729899540831,-7.33000789839028,86.3592361073539,87.6510981084102,79.5283293872327,79.8178908383291,-7.99321163130938,-6.66680416547117,-8.39709631206659,-6.26291948471397,n_vs_s
33,1685860,0.0893189036227491,0.079837527576074,-0.00948137604667512,0.89384804714217,0.000373664040925694,8.12215128241549e-05,0.000383040874732905,0.00431351461986217,0.0885892385269384,0.0900539847835563,0.0796784812050831,0.0799968638242332,-0.0102321223657583,-0.00873062972759191,0.886323012228579,0.901436970897267,89.3189036227491,79.837527576074,-9.48137604667512,88.5892385269384,90.0539847835563,79.6784812050831,79.9968638242332,-10.2321223657583,-8.73062972759191,-10.6893196376705,-8.27343245567976,n_vs_s
34,1526013,0.0920129415721773,0.0804753794328758,-0.0115375621393014,0.874609354486825,0.000423520424771647,9.07934223383434e-05,0.000433780218599106,0.00474695106242181,0.0911862148086006,0.0928463979892194,0.0802976070292851,0.0806535108956447,-0.0123877557449616,-0.0106873685336413,0.866509854222262,0.882784562955063,92.0129415721773,80.4753794328758,-11.5375621393014,91.1862148086006,92.8463979892194,80.2976070292851,80.6535108956447,-12.3877557449616,-10.6873685336413,-12.9055154558313,-10.1696088227716,n_vs_s
35,1336272,0.095565613497788,0.0820697311047011,-0.0134958823930869,0.858778886054039,0.000464895380900452,9.90983466569413e-05,0.000475983107515868,0.00502006592341535,0.0946583120342328,0.0964806846898938,0.081875711082393,0.0822641696989805,-0.0144287921410675,-0.0125629726451063,0.850370665838533,0.867270244329251,95.565613497788,82.0697311047011,-13.4958823930869,94.6583120342328,96.4806846898938,81.875711082393,82.2641696989805,-14.4287921410675,-12.5629726451063,-14.9969251853131,-11.9948396008607,n_vs_s
36,1115942,0.0995477261676856,0.0842917199252217,-0.0152560062424639,0.846746813515702,0.00049002751463072,0.000103942578111763,0.000501622775984566,0.0050827891800237,0.09859140232708,0.100512291873654,0.0840882196155696,0.0844956672886664,-0.0162391688172186,-0.0142728436677091,0.83835332857417,0.855224332941345,99.5477261676856,84.2917199252217,-15.2560062424639,98.59140232708,100.512291873654,84.0882196155696,84.4956672886664,-16.2391688172186,-14.2728436677091,-16.8379053485851,-13.6741071363427,n_vs_s
37,892411,0.103928578773812,0.0871109154462418,-0.01681766332757,0.838180570484166,0.000517358002118605,0.000108201256725913,0.000529269841316321,0.00513881170655991,0.102918939825992,0.104946963609543,0.0868990782575405,0.0873232196529319,-0.0178550131546532,-0.0157803135004868,0.829780882796428,0.846665286345853,103.928578773812,87.1109154462418,-16.81766332757,102.918939825992,104.946963609543,86.8990782575405,87.3232196529319,-17.8550131546532,-15.7803135004868,-18.4867492003792,-15.1485774547607,n_vs_s
38,695545,0.108708951927371,0.0905087068851146,-0.0182002450422568,0.832578230959151,0.00058321576120322,0.000118288489927743,0.000595729507814536,0.00552882018806941,0.107571135718528,0.109857321694704,0.0902771329348773,0.0907408156052124,-0.0193678534221011,-0.0170326366624126,0.823604879813529,0.841649348682848,108.708951927371,90.5087068851146,-18.2002450422568,107.571135718528,109.857321694704,90.2771329348773,90.7408156052124,-19.3678534221011,-17.0326366624126,-20.0789156709024,-16.3215744136113,n_vs_s
39,531877,0.113470094638247,0.0941072438965404,-0.0193628507417067,0.829357234578529,0.000720898425430952,0.000141063446470349,0.000735023710436773,0.00653241752928704,0.112064812255885,0.114890718991191,0.0938311283308878,0.0943840873536277,-0.0208034707419458,-0.0179222307414676,0.818806409369243,0.840044013673033,113.470094638247,94.1072438965404,-19.3628507417067,112.064812255885,114.890718991191,93.8311283308878,94.3840873536277,-20.8034707419458,-17.9222307414676,-21.6807944360209,-17.0449070473925,n_vs_s
40,379580,0.119101679577377,0.0986665622094465,-0.0204351173679308,0.828422928707277,0.000948233717530373,0.000181562142536566,0.000965747222930294,0.00817433279331731,0.117255679397426,0.120972759288519,0.0983112779803697,0.0990229893868671,-0.0223279471430437,-0.0185422875928178,0.815256191766316,0.841802314093502,119.101679577377,98.6665622094465,-20.4351173679308,117.255679397426,120.972759288519,98.3112779803697,99.0229893868671,-22.3279471430437,-18.5422875928178,-23.4806622311877,-17.3895725046739,n_vs_s
41,257793,0.12448039237342,0.103203852764747,-0.0212765396086734,0.829077180727007,0.00125464163599559,0.000238613143145077,0.00127727887375497,0.0103422430985812,0.122042102851248,0.126960352105712,0.102737116410108,0.103672464513725,-0.0237799601994471,-0.0187731190178998,0.812440619472252,0.846054413242837,124.48039237342,103.203852764747,-21.2765396086734,122.042102851248,126.960352105712,102.737116410108,103.672464513725,-23.7799601994471,-18.7731190178998,-25.3045192088713,-17.2485600084755,n_vs_s
42,164709,0.130349942915955,0.108339419388764,-0.0220105235271904,0.831142821893047,0.00163549578331204,0.000311673965588574,0.00166497100548331,0.0128729331527618,0.127177799261757,0.133589098173577,0.107730060866652,0.108951803784552,-0.0252738067332412,-0.0187472403211397,0.810435017572693,0.852379741010359,130.349942915955,108.339419388764,-22.0105235271904,127.177799261757,133.589098173577,107.730060866652,108.951803784552,-25.2738067332412,-18.7472403211397,-27.2611147510881,-16.7599323032928,n_vs_s
43,97685,0.135539448238229,0.113034261201232,-0.0225051870369971,0.833958398609969,0.00207008535913567,0.000396690756189707,0.00210768560497611,0.0156703803553567,0.131533117637524,0.139648184672814,0.112259091719707,0.113814097120404,-0.0266361749134838,-0.0183741991605104,0.80873406164876,0.859969480195036,135.539448238229,113.034261201232,-22.5051870369971,131.533117637524,139.648184672814,112.259091719707,113.814097120404,-26.6361749134838,-18.3741991605104,-29.1519067118605,-15.8584673621337,n_vs_s
44,54186,0.141520976062542,0.118538959885546,-0.0229820161769956,0.837606997800528,0.00256428342531577,0.000495070147378958,0.00261144883269186,0.0185929829974221,0.136569211385792,0.146621794558493,0.117572072303128,0.119512722026571,-0.0281003618365408,-0.0178636705174504,0.807632749351003,0.868693701844305,141.520976062542,118.538959885546,-22.9820161769956,136.569211385792,146.621794558493,117.572072303128,119.512722026571,-28.1003618365408,-17.8636705174504,-31.2173850077035,-14.7466473462877,n_vs_s
45,28835,0.147174674350611,0.123817796645238,-0.0233568777053731,0.84129825455071,0.00309990968302857,0.00060289906181817,0.00315768723086796,0.0216158366461399,0.14120213451174,0.153354728429989,0.122640969819282,0.125004307026659,-0.0295458309523163,-0.0171679244584298,0.806400065488074,0.877706715811937,147.174674350611,123.817796645238,-23.3568777053731,141.20213451174,153.354728429989,122.640969819282,125.004307026659,-29.5458309523163,-17.1679244584298,-33.3148438246667,-13.3989115860794,n_vs_s
15,40552,0.0802188880244341,0.0661769403246952,-0.014041947699739,0.824954595537875,0.000500902457613729,0.00209210672390084,0.00215086044066935,0.0322198778192056,0.0792426046941049,0.0812061385356364,0.0621926381992678,0.0703973317739499,-0.0182575566992228,-0.00982633870025508,0.77446970923101,0.878730409449835,80.2188880244341,66.1769403246952,-14.041947699739,79.2426046941049,81.2061385356364,62.1926381992678,70.3973317739499,-18.2575566992228,-9.82633870025508,-20.8248219458457,-7.25907345363223,t1_only
16,99741,0.0796099488475239,0.0658259712241031,-0.0137839776234208,0.826856092448682,0.000390701915713163,0.00163171324565369,0.00167729274886315,0.0252625526299493,0.0788475437007585,0.0803790826902578,0.0626991808021869,0.0690971985847917,-0.0170714110027228,-0.0104965442441189,0.786912432708541,0.868827291578365,79.6099488475239,65.8259712241031,-13.7839776234208,78.8475437007585,80.3790826902578,62.6991808021869,69.0971985847917,-17.0714110027228,-10.4965442441189,-19.0734262432973,-8.49452900354434,t1_only
17,199364,0.0810077423633913,0.0671990062278281,-0.0138087361355632,0.829538069662294,0.000295618681628281,0.00123356388534923,0.0012681907718543,0.0187123489277795,0.080430226574467,0.0815890369860154,0.0648212531206496,0.069657482690626,-0.0162943443739237,-0.0113231278972027,0.799665466489139,0.86052660500676,81.0077423633913,67.1990062278281,-13.8087361355632,80.430226574467,81.5890369860154,64.8212531206497,69.657482690626,-16.2943443739237,-11.3231278972027,-17.8080558324208,-9.80941643870563,t1_only
18,378724,0.0833280890679617,0.0694112566520976,-0.0139168324158641,0.832987500715231,0.000214154359282617,0.000888699388310709,0.000914050873160802,0.0130577240483396,0.0829093141269247,0.0837487860780486,0.0676895334978789,0.0711734296481232,-0.0157083392072967,-0.0121253256244316,0.811939612095542,0.854581013182737,83.3280890679617,69.4112566520976,-13.9168324158641,82.9093141269247,83.7487860780486,67.6895334978789,71.1734296481232,-15.7083392072967,-12.1253256244316,-16.7993495750269,-11.0343152567014,t1_only
19,653714,0.0858981640925732,0.07192402019066,-0.0139741439019132,0.837317315806038,0.000158688097456522,0.000625076608149983,0.000644169205643945,0.00887632600716894,0.0855876508750959,0.0862096976469909,0.0707084769316649,0.0731588146790828,-0.0152366923449251,-0.0127115954589013,0.822876254430571,0.852011810492441,85.8981640925732,71.92402019066,-13.9741439019132,85.5876508750959,86.2096976469909,70.7084769316649,73.1588146790828,-15.2366923449251,-12.7115954589013,-16.0055721770725,-11.9427156267539,t1_only
20,858518,0.0856206166195961,0.0721120294348668,-0.0135085871847294,0.842227401319163,0.000130444497991739,0.000477081997477542,0.000494199031562068,0.0067843416434723,0.0853652958327056,0.0858766293507224,0.0711825389561569,0.0730527024531281,-0.0144771994877856,-0.0125399748816731,0.831102377585885,0.85350134311164,85.6206166195961,72.1120294348668,-13.5085871847294,85.3652958327056,85.8766293507224,71.1825389561569,73.0527024531281,-14.4771994877856,-12.5399748816731,-15.067075043937,-11.9500993255217,t1_only
21,1000508,0.0843803909648274,0.0715862013224787,-0.0127941896423487,0.848374847567586,0.000124549134683662,0.000446272399182984,0.000463521686806156,0.00640875139309037,0.0841365994943577,0.0846248235666927,0.070716439937258,0.072465825957866,-0.013702675454542,-0.0118857038301554,0.837785124925104,0.859098425804191,84.3803909648274,71.5862013224787,-12.7941896423487,84.1365994943577,84.6248235666927,70.716439937258,72.465825957866,-13.702675454542,-11.8857038301554,-14.2559345573145,-11.3324447273829,t1_only
22,1152485,0.0833650454593423,0.071379152368914,-0.0119858930904283,0.856223996227845,0.000119978040874413,0.000437631246411393,0.000454247619126724,0.00630339835979456,0.0831301941107952,0.0836004997908445,0.0705261539556987,0.0722416657546369,-0.0128762020639797,-0.0110955841168768,0.84571090891767,0.866867772410099,83.3650454593423,71.379152368914,-11.9858930904283,83.1301941107952,83.6004997908445,70.5261539556987,72.2416657546369,-12.8762020639797,-11.0955841168768,-13.418391647225,-10.5533945336316,t1_only
23,1275343,0.0826267171897144,0.071566724165563,-0.0110599930241514,0.866145075100137,0.000108578769647414,0.000404618925987763,0.000419465134557763,0.00581091832363495,0.0824141559292353,0.0828397771900719,0.0707777295090739,0.0723638291976419,-0.0118821295806549,-0.010237856467648,0.85633634649228,0.876066155773041,82.6267171897144,71.566724165563,-11.0599930241514,82.4141559292353,82.8397771900719,70.7777295090739,72.3638291976419,-11.8821295806549,-10.237856467648,-12.3828028190287,-9.73718322927411,t1_only
24,1394344,0.0821713729554121,0.072179395951688,-0.00999197700372419,0.878400753883643,9.39941034445161e-05,0.000357780214684076,0.000370507554874412,0.00509428460715238,0.081987335821681,0.0823557861373024,0.0714812932848727,0.0728837812854565,-0.010718158467278,-0.00926579554017034,0.869673900736861,0.887215177746047,82.1713729554121,72.179395951688,-9.99197700372419,81.987335821681,82.3557861373024,71.4812932848727,72.8837812854565,-10.718158467278,-9.26579554017034,-11.1603959789523,-8.82355802849605,t1_only
25,1519744,0.0819872426696674,0.0732476158800448,-0.0087396267896226,0.893402601367689,8.37648688390948e-05,0.000328159489040582,0.000339275092079036,0.00460244302102881,0.0818232161696793,0.0821515685646662,0.0726070300677747,0.0738934030349586,-0.00940459375094902,-0.00807465982829618,0.885379793468055,0.901498107387461,81.9872426696674,73.2476158800448,-8.7396267896226,81.8232161696793,82.1515685646662,72.6070300677747,73.8934030349586,-9.40459375094902,-8.07465982829618,-9.80955222081061,-7.6697013584346,t1_only
26,1633514,0.0818070331453672,0.074561500725715,-0.00724553241965215,0.911431424156684,8.28610298417508e-05,0.000336943685166742,0.000347562616560336,0.00463824958900031,0.0816447752832049,0.0819695846906376,0.0739037863002913,0.0752245930914209,-0.00792674263048291,-0.00656432220882138,0.903183329113962,0.919754842857008,81.8070331453672,74.561500725715,-7.24553241965215,81.6447752832049,81.9695846906376,73.9037863002913,75.2245930914209,-7.92674263048291,-6.56432220882138,-8.3415930827247,-6.14947175657959,t1_only
27,1738295,0.0815460614076844,0.0760773343107053,-0.00546872709697903,0.932936956088676,8.70497492704635e-05,0.000366562876256207,0.000377257257059882,0.0049412811889192,0.0813756095896947,0.0817168384990633,0.0753619901152823,0.0767989046543851,-0.00620813773372277,-0.00472931646023529,0.923945321676666,0.942016095126234,81.5460614076844,76.0773343107053,-5.46872709697903,81.3756095896947,81.7168384990633,75.3619901152823,76.7989046543851,-6.20813773372277,-4.72931646023529,-6.65843168435431,-4.27902250960375,t1_only
28,1832885,0.0810826822076069,0.0776921131213782,-0.0033905690862287,0.958183807023707,8.76648048177945e-05,0.000380691957883868,0.000391094719396366,0.00502330221210913,0.0809110282488846,0.0812546681376069,0.0769492440158044,0.0784415444421517,-0.00415710065078938,-0.00262403752166802,0.948796304690801,0.967664190409812,81.0826822076069,77.6921131213782,-3.3905690862287,80.9110282488846,81.2546681376069,76.9492440158044,78.4415444421518,-4.15710065078938,-2.62403752166802,-4.62391098504405,-2.15722718741336,t1_only
29,1897935,0.0807339839768205,0.079654032476779,-0.00107995150004146,0.986623334476451,8.31855295681942e-05,0.000373266826876279,0.000382852905254871,0.0048033592206811,0.0805710934323167,0.0808971748617836,0.0789255050423167,0.0803886977207519,-0.00183032940571753,-0.00032957359436539,0.977378442714899,0.995955672430745,80.7339839768205,79.654032476779,-1.07995150004146,80.5710934323167,80.8971748617836,78.9255050423167,80.3886977207519,-1.83032940571753,-0.32957359436539,-2.28730231741586,0.127399317332936,t1_only
30,1918869,0.0804422784750863,0.0818397985883514,0.00139752011326513,1.01737295536324,7.64609140429714e-05,0.000357494046140806,0.000366014441615378,0.00447583931528121,0.0802925451609915,0.0805922665505212,0.0811418496396854,0.0825432117018776,0.000680144989877455,0.00211489523665281,1.00848710003071,1.0263371046323,80.4422784750863,81.8397985883514,1.39752011326513,80.2925451609915,80.5922665505212,81.1418496396854,82.5432117018776,0.680144989877455,2.11489523665281,0.243270454480448,2.55176977204982,t1_only
31,1911537,0.0800129769441385,0.0839703054547517,0.0039573285106132,1.04945858361671,7.18809793911081e-05,0.000353652593731518,0.000361334168956782,0.00431200508560483,0.0798722060100424,0.0801539743676476,0.0832797526547449,0.0846660554513363,0.0032491265530742,0.0046655304681522,1.04062658974093,1.05836553628807,80.0129769441385,83.9703054547517,3.9573285106132,79.8722060100424,80.1539743676476,83.2797526547449,84.6660554513363,3.2491265530742,4.6655304681522,2.81783838725931,5.0968186339671,t1_only
32,1820928,0.0798079567468681,0.0863324354484892,0.00652447870162107,1.08175223333076,7.33725153809417e-05,0.000378722475160226,0.00038625685370287,0.00448824535521552,0.079664267535489,0.0799518826135111,0.085593036800347,0.0870776131642517,0.00576742917958169,0.00728152822366045,1.07227800861811,1.09131016854869,79.8079567468681,86.3324354484892,6.52447870162107,79.664267535489,79.9518826135111,85.593036800347,87.0776131642517,5.76742917958169,7.28152822366045,5.30639331782551,7.74256408541662,t1_only
33,1685705,0.079981320345035,0.0890183954745243,0.00903707512948933,1.11298982175468,8.07217588377555e-05,0.000429771112906097,0.0004378206926303,0.0049389097329891,0.0798232514133725,0.0801396750297119,0.0881796476627101,0.0898643350223722,0.00817896234024756,0.0098951879187311,1.10226796342824,1.12381597254882,79.981320345035,89.0183954745243,9.03707512948933,79.8232514133725,80.1396750297119,88.1796476627101,89.8643350223722,8.17896234024756,9.8951879187311,7.65637992290935,10.4177703360693,t1_only
34,1525857,0.080626555262911,0.0920565679699725,0.0114300127070615,1.14176486481147,9.02484287759207e-05,0.000488640287099871,0.00049744793910762,0.00543148674371238,0.0804498485131326,0.0808036160396741,0.0911033168904988,0.093018772513182,0.0104550326622269,0.0124049927518961,1.12967465339727,1.15398447030529,80.626555262911,92.0565679699725,11.4300127070615,80.4498485131326,80.8036160396741,91.1033168904988,93.018772513182,10.4550326622269,12.4049927518961,9.86127921271076,12.9987462014122,t1_only
35,1336118,0.0822289675032505,0.095919347696887,0.0136903801936365,1.16649096552374,9.84998138075222e-05,0.000538091062597519,0.000547592819270907,0.00574307216550834,0.0820361176227819,0.0824222300283128,0.0948698788961945,0.0969791820435555,0.0126171179896728,0.0147636423976002,1.15343431497008,1.17969541480462,82.2289675032505,95.919347696887,13.6903801936365,82.0361176227819,82.4222300283128,94.8698788961945,96.9791820435555,12.6171179896728,14.7636423976002,11.9635116525843,15.4172487346887,t1_only
36,1115815,0.0844600632708558,0.100168752649389,0.015708689378533,1.18598955257891,0.000103315032087259,0.000567861771780305,0.00057780657067276,0.00580684915257442,0.0842577897519273,0.084662777483948,0.0990612459993285,0.101287249215862,0.0145762093099838,0.0168411694470822,1.17256807151074,1.19956465897464,84.4600632708558,100.168752649389,15.708689378533,84.2577897519273,84.662777483948,99.0612459993285,101.287249215862,14.5762093099838,16.8411694470822,13.886539864161,17.5308388929049,t1_only
37,892322,0.0872856139475086,0.104768821229501,0.0174832072819925,1.20029884068303,0.000107573544584775,0.000598052611718086,0.000608317963164734,0.00584742886446975,0.087075003838137,0.087496684641241,0.10360243603688,0.10594678587905,0.0162909259830409,0.0186754885809442,1.18662104438781,1.21413429650433,87.2856139475086,104.768821229501,17.4832072819925,87.075003838137,87.496684641241,103.60243603688,105.94678587905,16.2909259830409,18.6754885809442,15.5648381643244,19.4015763996607,t1_only
38,695469,0.0906865482815041,0.109721668663687,0.019035120382183,1.209900153252,0.000117672021879069,0.000670329541691119,0.000681188197888186,0.0062523048061637,0.0904561792279577,0.0909174453815183,0.108414726997478,0.111042403306563,0.0177000160476284,0.0203702247167376,1.19516415719874,1.22481783947593,90.6865482815041,109.721668663687,19.035120382183,90.4561792279578,90.9174453815183,108.414726997478,111.042403306563,17.7000160476284,20.3702247167376,16.8869503768944,21.1832903874716,t1_only
39,531812,0.0942835598362841,0.114606590607117,0.0203230307708327,1.21555222147023,0.000140422956372344,0.000824523067706756,0.000836827641627037,0.00735147951725545,0.0940086955543552,0.0945591438932431,0.113000447147327,0.116232571624746,0.0186828787319761,0.0219631828096892,1.198163348881,1.23319345772107,94.2835598362841,114.606590607117,20.3230307708327,94.0086955543552,94.5591438932431,113.000447147327,116.232571624746,18.6828787319761,21.9631828096892,17.6840419496631,22.9620195920022,t1_only
40,379545,0.0988449969370255,0.120330120080191,0.0214851231431651,1.21736176649237,0.00018080763902018,0.00108274682741766,0.00109801361696703,0.00918493558163555,0.0984911856129615,0.0991999394046076,0.118224076606832,0.122468469923309,0.0193330559993752,0.0236371902869551,1.19564272713791,1.23947533563385,98.8449969370255,120.330120080191,21.4851231431651,98.4911856129615,99.1999394046076,118.224076606832,122.468469923309,19.3330559993752,23.6371902869551,18.0224678524841,24.9477784338461,t1_only
41,257772,0.103381039436165,0.125757238759657,0.0223761993234916,1.21644393832303,0.000237635310582486,0.00143313962837767,0.00145285127136173,0.0116269711572388,0.102916210118497,0.103847725158627,0.12297508949272,0.128593101596156,0.0195286631567294,0.0252237354902538,1.18903654489253,1.24448307450179,103.381039436165,125.757238759657,22.3761993234916,102.916210118497,103.847725158627,122.97508949272,128.593101596156,19.5286631567294,25.2237354902538,17.7945410784424,26.9578575685408,t1_only
42,164690,0.108512820917639,0.131641661052242,0.0231288401346026,1.21314384732618,0.000310358537227604,0.00186981695721734,0.00189543956632882,0.014489306314212,0.107906025104292,0.109122611578596,0.128019967140325,0.135349909276283,0.0194138468497259,0.0268438334194794,1.17917694687584,1.24808918475264,108.512820917639,131.641661052242,23.1288401346027,107.906025104292,109.122611578596,128.019967140325,135.349909276283,19.4138468497259,26.8438334194794,17.1514517478868,29.1062285213185,t1_only
43,97677,0.113204755145515,0.136814222610208,0.0236094674646928,1.20855543951617,0.00039495161174504,0.00236857853796819,0.00240121842273195,0.0176598594743546,0.11243296990891,0.11398115787909,0.132237819415614,0.141523173363829,0.0189031658371241,0.0283157690922615,1.16743975348506,1.25111916569904,113.204755145515,136.814222610208,23.6094674646928,112.43296990891,113.98115787909,132.237819415614,141.523173363829,18.9031658371241,28.3157690922615,16.0370735097615,31.1818614196242,t1_only
44,54182,0.118696891331685,0.142750184256489,0.024053292924804,1.20264467464097,0.000492780995678799,0.00293540732177366,0.00297629981986778,0.0209766202288026,0.117734453453903,0.119666129680429,0.137092952184073,0.148600663603005,0.0182198524706701,0.0298867333789379,1.15420247443676,1.25312000751696,118.696891331685,142.750184256489,24.053292924804,117.734453453903,119.666129680429,137.092952184073,148.600663603005,18.2198524706701,29.8867333789379,14.667343462369,33.4392423872391,t1_only
45,28831,0.12396470578021,0.148345669530479,0.0243809637502689,1.19667665564017,0.00059999544232881,0.0035496086533598,0.00359965918575484,0.0244101448885619,0.122793516817857,0.125145471748254,0.141522417406725,0.155438328244599,0.0173257613895706,0.0314361661109672,1.14077203432892,1.25532093622592,123.96470578021,148.345669530479,24.3809637502689,122.793516817857,125.145471748254,141.522417406725,155.438328244599,17.3257613895706,31.4361661109672,13.0292111566791,35.7327163438587,t1_only
