contrast,sensitivity,specificity,age,crude_rr_recorded,corrected_crude_rr,valid,sign_preserved,interpretation
primary,0.7,0.98,15,1.06558231675529,,FALSE,,Non-differential recorded-exposure error corrected on the crude age-specific 2x2 table; the crude table is used because the correction is illustrative. Non-differential error cannot change the direction of an association; corrected estimates move away from the null in both directions.
primary,0.7,0.98,16,0.836521739130435,0.198595787362086,TRUE,TRUE,Non-differential recorded-exposure error corrected on the crude age-specific 2x2 table; the crude table is used because the correction is illustrative. Non-differential error cannot change the direction of an association; corrected estimates move away from the null in both directions.
primary,0.7,0.98,17,0.903610561195863,,FALSE,,Non-differential recorded-exposure error corrected on the crude age-specific 2x2 table; the crude table is used because the correction is illustrative. Non-differential error cannot change the direction of an association; corrected estimates move away from the null in both directions.
primary,0.7,0.98,18,0.876660402258511,,FALSE,,Non-differential recorded-exposure error corrected on the crude age-specific 2x2 table; the crude table is used because the correction is illustrative. Non-differential error cannot change the direction of an association; corrected estimates move away from the null in both directions.
primary,0.7,0.98,19,0.788846996928108,,FALSE,,Non-differential recorded-exposure error corrected on the crude age-specific 2x2 table; the crude table is used because the correction is illustrative. Non-differential error cannot change the direction of an association; corrected estimates move away from the null in both directions.
primary,0.7,0.98,20,0.778122338828622,,FALSE,,Non-differential recorded-exposure error corrected on the crude age-specific 2x2 table; the crude table is used because the correction is illustrative. Non-differential error cannot change the direction of an association; corrected estimates move away from the null in both directions.
primary,0.7,0.98,21,0.778647113645326,,FALSE,,Non-differential recorded-exposure error corrected on the crude age-specific 2x2 table; the crude table is used because the correction is illustrative. Non-differential error cannot change the direction of an association; corrected estimates move away from the null in both directions.
primary,0.7,0.98,22,0.749739475190738,,FALSE,,Non-differential recorded-exposure error corrected on the crude age-specific 2x2 table; the crude table is used because the correction is illustrative. Non-differential error cannot change the direction of an association; corrected estimates move away from the null in both directions.
primary,0.7,0.98,23,0.749591197456176,,FALSE,,Non-differential recorded-exposure error corrected on the crude age-specific 2x2 table; the crude table is used because the correction is illustrative. Non-differential error cannot change the direction of an association; corrected estimates move away from the null in both directions.
primary,0.7,0.98,24,0.763083688156701,,FALSE,,Non-differential recorded-exposure error corrected on the crude age-specific 2x2 table; the crude table is used because the correction is illustrative. Non-differential error cannot change the direction of an association; corrected estimates move away from the null in both directions.
primary,0.7,0.98,25,0.74721220877048,,FALSE,,Non-differential recorded-exposure error corrected on the crude age-specific 2x2 table; the crude table is used because the correction is illustrative. Non-differential error cannot change the direction of an association; corrected estimates move away from the null in both directions.
primary,0.7,0.98,26,0.762487609664535,,FALSE,,Non-differential recorded-exposure error corrected on the crude age-specific 2x2 table; the crude table is used because the correction is illustrative. Non-differential error cannot change the direction of an association; corrected estimates move away from the null in both directions.
primary,0.7,0.98,27,0.761723258020106,,FALSE,,Non-differential recorded-exposure error corrected on the crude age-specific 2x2 table; the crude table is used because the correction is illustrative. Non-differential error cannot change the direction of an association; corrected estimates move away from the null in both directions.
primary,0.7,0.98,28,0.79916563570756,,FALSE,,Non-differential recorded-exposure error corrected on the crude age-specific 2x2 table; the crude table is used because the correction is illustrative. Non-differential error cannot change the direction of an association; corrected estimates move away from the null in both directions.
primary,0.7,0.98,29,0.812946549651929,,FALSE,,Non-differential recorded-exposure error corrected on the crude age-specific 2x2 table; the crude table is used because the correction is illustrative. Non-differential error cannot change the direction of an association; corrected estimates move away from the null in both directions.
primary,0.7,0.98,30,0.81287918171368,,FALSE,,Non-differential recorded-exposure error corrected on the crude age-specific 2x2 table; the crude table is used because the correction is illustrative. Non-differential error cannot change the direction of an association; corrected estimates move away from the null in both directions.
primary,0.7,0.98,31,0.848702035076902,,FALSE,,Non-differential recorded-exposure error corrected on the crude age-specific 2x2 table; the crude table is used because the correction is illustrative. Non-differential error cannot change the direction of an association; corrected estimates move away from the null in both directions.
primary,0.7,0.98,32,0.878581311402645,,FALSE,,Non-differential recorded-exposure error corrected on the crude age-specific 2x2 table; the crude table is used because the correction is illustrative. Non-differential error cannot change the direction of an association; corrected estimates move away from the null in both directions.
primary,0.7,0.98,33,0.896979359186911,,FALSE,,Non-differential recorded-exposure error corrected on the crude age-specific 2x2 table; the crude table is used because the correction is illustrative. Non-differential error cannot change the direction of an association; corrected estimates move away from the null in both directions.
primary,0.7,0.98,34,0.900694941979045,,FALSE,,Non-differential recorded-exposure error corrected on the crude age-specific 2x2 table; the crude table is used because the correction is illustrative. Non-differential error cannot change the direction of an association; corrected estimates move away from the null in both directions.
primary,0.7,0.98,35,0.950341114237674,,FALSE,,Non-differential recorded-exposure error corrected on the crude age-specific 2x2 table; the crude table is used because the correction is illustrative. Non-differential error cannot change the direction of an association; corrected estimates move away from the null in both directions.
primary,0.7,0.98,36,0.915277651446243,,FALSE,,Non-differential recorded-exposure error corrected on the crude age-specific 2x2 table; the crude table is used because the correction is illustrative. Non-differential error cannot change the direction of an association; corrected estimates move away from the null in both directions.
primary,0.7,0.98,37,0.97398710218312,,FALSE,,Non-differential recorded-exposure error corrected on the crude age-specific 2x2 table; the crude table is used because the correction is illustrative. Non-differential error cannot change the direction of an association; corrected estimates move away from the null in both directions.
primary,0.7,0.98,38,1.00905909220875,,FALSE,,Non-differential recorded-exposure error corrected on the crude age-specific 2x2 table; the crude table is used because the correction is illustrative. Non-differential error cannot change the direction of an association; corrected estimates move away from the null in both directions.
primary,0.7,0.98,39,0.966530112507525,,FALSE,,Non-differential recorded-exposure error corrected on the crude age-specific 2x2 table; the crude table is used because the correction is illustrative. Non-differential error cannot change the direction of an association; corrected estimates move away from the null in both directions.
primary,0.7,0.98,40,0.950736606208647,,FALSE,,Non-differential recorded-exposure error corrected on the crude age-specific 2x2 table; the crude table is used because the correction is illustrative. Non-differential error cannot change the direction of an association; corrected estimates move away from the null in both directions.
primary,0.7,0.98,41,0.892357035869577,,FALSE,,Non-differential recorded-exposure error corrected on the crude age-specific 2x2 table; the crude table is used because the correction is illustrative. Non-differential error cannot change the direction of an association; corrected estimates move away from the null in both directions.
primary,0.7,0.98,42,1.05299407316575,,FALSE,,Non-differential recorded-exposure error corrected on the crude age-specific 2x2 table; the crude table is used because the correction is illustrative. Non-differential error cannot change the direction of an association; corrected estimates move away from the null in both directions.
primary,0.7,0.98,43,0.950261658717541,,FALSE,,Non-differential recorded-exposure error corrected on the crude age-specific 2x2 table; the crude table is used because the correction is illustrative. Non-differential error cannot change the direction of an association; corrected estimates move away from the null in both directions.
primary,0.7,0.98,44,1.0427972027972,,FALSE,,Non-differential recorded-exposure error corrected on the crude age-specific 2x2 table; the crude table is used because the correction is illustrative. Non-differential error cannot change the direction of an association; corrected estimates move away from the null in both directions.
primary,0.7,0.98,45,1.16022236973117,,FALSE,,Non-differential recorded-exposure error corrected on the crude age-specific 2x2 table; the crude table is used because the correction is illustrative. Non-differential error cannot change the direction of an association; corrected estimates move away from the null in both directions.
primary,0.7,0.995,15,1.06558231675529,,FALSE,,Non-differential recorded-exposure error corrected on the crude age-specific 2x2 table; the crude table is used because the correction is illustrative. Non-differential error cannot change the direction of an association; corrected estimates move away from the null in both directions.
primary,0.7,0.995,16,0.836521739130435,0.198868314559499,TRUE,TRUE,Non-differential recorded-exposure error corrected on the crude age-specific 2x2 table; the crude table is used because the correction is illustrative. Non-differential error cannot change the direction of an association; corrected estimates move away from the null in both directions.
primary,0.7,0.995,17,0.903610561195863,,FALSE,,Non-differential recorded-exposure error corrected on the crude age-specific 2x2 table; the crude table is used because the correction is illustrative. Non-differential error cannot change the direction of an association; corrected estimates move away from the null in both directions.
primary,0.7,0.995,18,0.876660402258511,,FALSE,,Non-differential recorded-exposure error corrected on the crude age-specific 2x2 table; the crude table is used because the correction is illustrative. Non-differential error cannot change the direction of an association; corrected estimates move away from the null in both directions.
primary,0.7,0.995,19,0.788846996928108,,FALSE,,Non-differential recorded-exposure error corrected on the crude age-specific 2x2 table; the crude table is used because the correction is illustrative. Non-differential error cannot change the direction of an association; corrected estimates move away from the null in both directions.
primary,0.7,0.995,20,0.778122338828622,,FALSE,,Non-differential recorded-exposure error corrected on the crude age-specific 2x2 table; the crude table is used because the correction is illustrative. Non-differential error cannot change the direction of an association; corrected estimates move away from the null in both directions.
primary,0.7,0.995,21,0.778647113645326,,FALSE,,Non-differential recorded-exposure error corrected on the crude age-specific 2x2 table; the crude table is used because the correction is illustrative. Non-differential error cannot change the direction of an association; corrected estimates move away from the null in both directions.
primary,0.7,0.995,22,0.749739475190738,,FALSE,,Non-differential recorded-exposure error corrected on the crude age-specific 2x2 table; the crude table is used because the correction is illustrative. Non-differential error cannot change the direction of an association; corrected estimates move away from the null in both directions.
primary,0.7,0.995,23,0.749591197456176,,FALSE,,Non-differential recorded-exposure error corrected on the crude age-specific 2x2 table; the crude table is used because the correction is illustrative. Non-differential error cannot change the direction of an association; corrected estimates move away from the null in both directions.
primary,0.7,0.995,24,0.763083688156701,,FALSE,,Non-differential recorded-exposure error corrected on the crude age-specific 2x2 table; the crude table is used because the correction is illustrative. Non-differential error cannot change the direction of an association; corrected estimates move away from the null in both directions.
primary,0.7,0.995,25,0.74721220877048,,FALSE,,Non-differential recorded-exposure error corrected on the crude age-specific 2x2 table; the crude table is used because the correction is illustrative. Non-differential error cannot change the direction of an association; corrected estimates move away from the null in both directions.
primary,0.7,0.995,26,0.762487609664535,,FALSE,,Non-differential recorded-exposure error corrected on the crude age-specific 2x2 table; the crude table is used because the correction is illustrative. Non-differential error cannot change the direction of an association; corrected estimates move away from the null in both directions.
primary,0.7,0.995,27,0.761723258020106,,FALSE,,Non-differential recorded-exposure error corrected on the crude age-specific 2x2 table; the crude table is used because the correction is illustrative. Non-differential error cannot change the direction of an association; corrected estimates move away from the null in both directions.
primary,0.7,0.995,28,0.79916563570756,,FALSE,,Non-differential recorded-exposure error corrected on the crude age-specific 2x2 table; the crude table is used because the correction is illustrative. Non-differential error cannot change the direction of an association; corrected estimates move away from the null in both directions.
primary,0.7,0.995,29,0.812946549651929,,FALSE,,Non-differential recorded-exposure error corrected on the crude age-specific 2x2 table; the crude table is used because the correction is illustrative. Non-differential error cannot change the direction of an association; corrected estimates move away from the null in both directions.
primary,0.7,0.995,30,0.81287918171368,,FALSE,,Non-differential recorded-exposure error corrected on the crude age-specific 2x2 table; the crude table is used because the correction is illustrative. Non-differential error cannot change the direction of an association; corrected estimates move away from the null in both directions.
primary,0.7,0.995,31,0.848702035076902,,FALSE,,Non-differential recorded-exposure error corrected on the crude age-specific 2x2 table; the crude table is used because the correction is illustrative. Non-differential error cannot change the direction of an association; corrected estimates move away from the null in both directions.
primary,0.7,0.995,32,0.878581311402645,,FALSE,,Non-differential recorded-exposure error corrected on the crude age-specific 2x2 table; the crude table is used because the correction is illustrative. Non-differential error cannot change the direction of an association; corrected estimates move away from the null in both directions.
primary,0.7,0.995,33,0.896979359186911,,FALSE,,Non-differential recorded-exposure error corrected on the crude age-specific 2x2 table; the crude table is used because the correction is illustrative. Non-differential error cannot change the direction of an association; corrected estimates move away from the null in both directions.
primary,0.7,0.995,34,0.900694941979045,,FALSE,,Non-differential recorded-exposure error corrected on the crude age-specific 2x2 table; the crude table is used because the correction is illustrative. Non-differential error cannot change the direction of an association; corrected estimates move away from the null in both directions.
primary,0.7,0.995,35,0.950341114237674,,FALSE,,Non-differential recorded-exposure error corrected on the crude age-specific 2x2 table; the crude table is used because the correction is illustrative. Non-differential error cannot change the direction of an association; corrected estimates move away from the null in both directions.
primary,0.7,0.995,36,0.915277651446243,,FALSE,,Non-differential recorded-exposure error corrected on the crude age-specific 2x2 table; the crude table is used because the correction is illustrative. Non-differential error cannot change the direction of an association; corrected estimates move away from the null in both directions.
primary,0.7,0.995,37,0.97398710218312,,FALSE,,Non-differential recorded-exposure error corrected on the crude age-specific 2x2 table; the crude table is used because the correction is illustrative. Non-differential error cannot change the direction of an association; corrected estimates move away from the null in both directions.
primary,0.7,0.995,38,1.00905909220875,,FALSE,,Non-differential recorded-exposure error corrected on the crude age-specific 2x2 table; the crude table is used because the correction is illustrative. Non-differential error cannot change the direction of an association; corrected estimates move away from the null in both directions.
primary,0.7,0.995,39,0.966530112507525,,FALSE,,Non-differential recorded-exposure error corrected on the crude age-specific 2x2 table; the crude table is used because the correction is illustrative. Non-differential error cannot change the direction of an association; corrected estimates move away from the null in both directions.
primary,0.7,0.995,40,0.950736606208647,,FALSE,,Non-differential recorded-exposure error corrected on the crude age-specific 2x2 table; the crude table is used because the correction is illustrative. Non-differential error cannot change the direction of an association; corrected estimates move away from the null in both directions.
primary,0.7,0.995,41,0.892357035869577,,FALSE,,Non-differential recorded-exposure error corrected on the crude age-specific 2x2 table; the crude table is used because the correction is illustrative. Non-differential error cannot change the direction of an association; corrected estimates move away from the null in both directions.
primary,0.7,0.995,42,1.05299407316575,,FALSE,,Non-differential recorded-exposure error corrected on the crude age-specific 2x2 table; the crude table is used because the correction is illustrative. Non-differential error cannot change the direction of an association; corrected estimates move away from the null in both directions.
primary,0.7,0.995,43,0.950261658717541,,FALSE,,Non-differential recorded-exposure error corrected on the crude age-specific 2x2 table; the crude table is used because the correction is illustrative. Non-differential error cannot change the direction of an association; corrected estimates move away from the null in both directions.
primary,0.7,0.995,44,1.0427972027972,,FALSE,,Non-differential recorded-exposure error corrected on the crude age-specific 2x2 table; the crude table is used because the correction is illustrative. Non-differential error cannot change the direction of an association; corrected estimates move away from the null in both directions.
primary,0.7,0.995,45,1.16022236973117,,FALSE,,Non-differential recorded-exposure error corrected on the crude age-specific 2x2 table; the crude table is used because the correction is illustrative. Non-differential error cannot change the direction of an association; corrected estimates move away from the null in both directions.
primary,0.7,1,15,1.06558231675529,,FALSE,,Non-differential recorded-exposure error corrected on the crude age-specific 2x2 table; the crude table is used because the correction is illustrative. Non-differential error cannot change the direction of an association; corrected estimates move away from the null in both directions.
primary,0.7,1,16,0.836521739130435,0.19895652173913,TRUE,TRUE,Non-differential recorded-exposure error corrected on the crude age-specific 2x2 table; the crude table is used because the correction is illustrative. Non-differential error cannot change the direction of an association; corrected estimates move away from the null in both directions.
primary,0.7,1,17,0.903610561195863,,FALSE,,Non-differential recorded-exposure error corrected on the crude age-specific 2x2 table; the crude table is used because the correction is illustrative. Non-differential error cannot change the direction of an association; corrected estimates move away from the null in both directions.
primary,0.7,1,18,0.876660402258511,,FALSE,,Non-differential recorded-exposure error corrected on the crude age-specific 2x2 table; the crude table is used because the correction is illustrative. Non-differential error cannot change the direction of an association; corrected estimates move away from the null in both directions.
primary,0.7,1,19,0.788846996928108,,FALSE,,Non-differential recorded-exposure error corrected on the crude age-specific 2x2 table; the crude table is used because the correction is illustrative. Non-differential error cannot change the direction of an association; corrected estimates move away from the null in both directions.
primary,0.7,1,20,0.778122338828622,,FALSE,,Non-differential recorded-exposure error corrected on the crude age-specific 2x2 table; the crude table is used because the correction is illustrative. Non-differential error cannot change the direction of an association; corrected estimates move away from the null in both directions.
primary,0.7,1,21,0.778647113645326,,FALSE,,Non-differential recorded-exposure error corrected on the crude age-specific 2x2 table; the crude table is used because the correction is illustrative. Non-differential error cannot change the direction of an association; corrected estimates move away from the null in both directions.
primary,0.7,1,22,0.749739475190738,,FALSE,,Non-differential recorded-exposure error corrected on the crude age-specific 2x2 table; the crude table is used because the correction is illustrative. Non-differential error cannot change the direction of an association; corrected estimates move away from the null in both directions.
primary,0.7,1,23,0.749591197456176,,FALSE,,Non-differential recorded-exposure error corrected on the crude age-specific 2x2 table; the crude table is used because the correction is illustrative. Non-differential error cannot change the direction of an association; corrected estimates move away from the null in both directions.
primary,0.7,1,24,0.763083688156701,,FALSE,,Non-differential recorded-exposure error corrected on the crude age-specific 2x2 table; the crude table is used because the correction is illustrative. Non-differential error cannot change the direction of an association; corrected estimates move away from the null in both directions.
primary,0.7,1,25,0.74721220877048,,FALSE,,Non-differential recorded-exposure error corrected on the crude age-specific 2x2 table; the crude table is used because the correction is illustrative. Non-differential error cannot change the direction of an association; corrected estimates move away from the null in both directions.
primary,0.7,1,26,0.762487609664535,,FALSE,,Non-differential recorded-exposure error corrected on the crude age-specific 2x2 table; the crude table is used because the correction is illustrative. Non-differential error cannot change the direction of an association; corrected estimates move away from the null in both directions.
primary,0.7,1,27,0.761723258020106,,FALSE,,Non-differential recorded-exposure error corrected on the crude age-specific 2x2 table; the crude table is used because the correction is illustrative. Non-differential error cannot change the direction of an association; corrected estimates move away from the null in both directions.
primary,0.7,1,28,0.79916563570756,,FALSE,,Non-differential recorded-exposure error corrected on the crude age-specific 2x2 table; the crude table is used because the correction is illustrative. Non-differential error cannot change the direction of an association; corrected estimates move away from the null in both directions.
primary,0.7,1,29,0.812946549651929,,FALSE,,Non-differential recorded-exposure error corrected on the crude age-specific 2x2 table; the crude table is used because the correction is illustrative. Non-differential error cannot change the direction of an association; corrected estimates move away from the null in both directions.
primary,0.7,1,30,0.81287918171368,,FALSE,,Non-differential recorded-exposure error corrected on the crude age-specific 2x2 table; the crude table is used because the correction is illustrative. Non-differential error cannot change the direction of an association; corrected estimates move away from the null in both directions.
primary,0.7,1,31,0.848702035076902,,FALSE,,Non-differential recorded-exposure error corrected on the crude age-specific 2x2 table; the crude table is used because the correction is illustrative. Non-differential error cannot change the direction of an association; corrected estimates move away from the null in both directions.
primary,0.7,1,32,0.878581311402645,,FALSE,,Non-differential recorded-exposure error corrected on the crude age-specific 2x2 table; the crude table is used because the correction is illustrative. Non-differential error cannot change the direction of an association; corrected estimates move away from the null in both directions.
primary,0.7,1,33,0.896979359186911,,FALSE,,Non-differential recorded-exposure error corrected on the crude age-specific 2x2 table; the crude table is used because the correction is illustrative. Non-differential error cannot change the direction of an association; corrected estimates move away from the null in both directions.
primary,0.7,1,34,0.900694941979045,,FALSE,,Non-differential recorded-exposure error corrected on the crude age-specific 2x2 table; the crude table is used because the correction is illustrative. Non-differential error cannot change the direction of an association; corrected estimates move away from the null in both directions.
primary,0.7,1,35,0.950341114237674,,FALSE,,Non-differential recorded-exposure error corrected on the crude age-specific 2x2 table; the crude table is used because the correction is illustrative. Non-differential error cannot change the direction of an association; corrected estimates move away from the null in both directions.
primary,0.7,1,36,0.915277651446243,,FALSE,,Non-differential recorded-exposure error corrected on the crude age-specific 2x2 table; the crude table is used because the correction is illustrative. Non-differential error cannot change the direction of an association; corrected estimates move away from the null in both directions.
primary,0.7,1,37,0.97398710218312,,FALSE,,Non-differential recorded-exposure error corrected on the crude age-specific 2x2 table; the crude table is used because the correction is illustrative. Non-differential error cannot change the direction of an association; corrected estimates move away from the null in both directions.
primary,0.7,1,38,1.00905909220875,,FALSE,,Non-differential recorded-exposure error corrected on the crude age-specific 2x2 table; the crude table is used because the correction is illustrative. Non-differential error cannot change the direction of an association; corrected estimates move away from the null in both directions.
primary,0.7,1,39,0.966530112507525,,FALSE,,Non-differential recorded-exposure error corrected on the crude age-specific 2x2 table; the crude table is used because the correction is illustrative. Non-differential error cannot change the direction of an association; corrected estimates move away from the null in both directions.
primary,0.7,1,40,0.950736606208647,,FALSE,,Non-differential recorded-exposure error corrected on the crude age-specific 2x2 table; the crude table is used because the correction is illustrative. Non-differential error cannot change the direction of an association; corrected estimates move away from the null in both directions.
primary,0.7,1,41,0.892357035869577,,FALSE,,Non-differential recorded-exposure error corrected on the crude age-specific 2x2 table; the crude table is used because the correction is illustrative. Non-differential error cannot change the direction of an association; corrected estimates move away from the null in both directions.
primary,0.7,1,42,1.05299407316575,,FALSE,,Non-differential recorded-exposure error corrected on the crude age-specific 2x2 table; the crude table is used because the correction is illustrative. Non-differential error cannot change the direction of an association; corrected estimates move away from the null in both directions.
primary,0.7,1,43,0.950261658717541,,FALSE,,Non-differential recorded-exposure error corrected on the crude age-specific 2x2 table; the crude table is used because the correction is illustrative. Non-differential error cannot change the direction of an association; corrected estimates move away from the null in both directions.
primary,0.7,1,44,1.0427972027972,,FALSE,,Non-differential recorded-exposure error corrected on the crude age-specific 2x2 table; the crude table is used because the correction is illustrative. Non-differential error cannot change the direction of an association; corrected estimates move away from the null in both directions.
primary,0.7,1,45,1.16022236973117,,FALSE,,Non-differential recorded-exposure error corrected on the crude age-specific 2x2 table; the crude table is used because the correction is illustrative. Non-differential error cannot change the direction of an association; corrected estimates move away from the null in both directions.
primary,0.8,0.98,15,1.06558231675529,1.16824687456277,TRUE,TRUE,Non-differential recorded-exposure error corrected on the crude age-specific 2x2 table; the crude table is used because the correction is illustrative. Non-differential error cannot change the direction of an association; corrected estimates move away from the null in both directions.
primary,0.8,0.98,16,0.836521739130435,0.69358074222668,TRUE,TRUE,Non-differential recorded-exposure error corrected on the crude age-specific 2x2 table; the crude table is used because the correction is illustrative. Non-differential error cannot change the direction of an association; corrected estimates move away from the null in both directions.
primary,0.8,0.98,17,0.903610561195863,0.780052206832563,TRUE,TRUE,Non-differential recorded-exposure error corrected on the crude age-specific 2x2 table; the crude table is used because the correction is illustrative. Non-differential error cannot change the direction of an association; corrected estimates move away from the null in both directions.
primary,0.8,0.98,18,0.876660402258511,0.721558133584642,TRUE,TRUE,Non-differential recorded-exposure error corrected on the crude age-specific 2x2 table; the crude table is used because the correction is illustrative. Non-differential error cannot change the direction of an association; corrected estimates move away from the null in both directions.
primary,0.8,0.98,19,0.788846996928108,0.599334447278366,TRUE,TRUE,Non-differential recorded-exposure error corrected on the crude age-specific 2x2 table; the crude table is used because the correction is illustrative. Non-differential error cannot change the direction of an association; corrected estimates move away from the null in both directions.
primary,0.8,0.98,20,0.778122338828622,0.572124382024734,TRUE,TRUE,Non-differential recorded-exposure error corrected on the crude age-specific 2x2 table; the crude table is used because the correction is illustrative. Non-differential error cannot change the direction of an association; corrected estimates move away from the null in both directions.
primary,0.8,0.98,21,0.778647113645326,0.549402479400895,TRUE,TRUE,Non-differential recorded-exposure error corrected on the crude age-specific 2x2 table; the crude table is used because the correction is illustrative. Non-differential error cannot change the direction of an association; corrected estimates move away from the null in both directions.
primary,0.8,0.98,22,0.749739475190738,0.499966243012826,TRUE,TRUE,Non-differential recorded-exposure error corrected on the crude age-specific 2x2 table; the crude table is used because the correction is illustrative. Non-differential error cannot change the direction of an association; corrected estimates move away from the null in both directions.
primary,0.8,0.98,23,0.749591197456176,0.479011646926868,TRUE,TRUE,Non-differential recorded-exposure error corrected on the crude age-specific 2x2 table; the crude table is used because the correction is illustrative. Non-differential error cannot change the direction of an association; corrected estimates move away from the null in both directions.
primary,0.8,0.98,24,0.763083688156701,0.474734396596668,TRUE,TRUE,Non-differential recorded-exposure error corrected on the crude age-specific 2x2 table; the crude table is used because the correction is illustrative. Non-differential error cannot change the direction of an association; corrected estimates move away from the null in both directions.
primary,0.8,0.98,25,0.74721220877048,0.433684986186091,TRUE,TRUE,Non-differential recorded-exposure error corrected on the crude age-specific 2x2 table; the crude table is used because the correction is illustrative. Non-differential error cannot change the direction of an association; corrected estimates move away from the null in both directions.
primary,0.8,0.98,26,0.762487609664535,0.437089255415503,TRUE,TRUE,Non-differential recorded-exposure error corrected on the crude age-specific 2x2 table; the crude table is used because the correction is illustrative. Non-differential error cannot change the direction of an association; corrected estimates move away from the null in both directions.
primary,0.8,0.98,27,0.761723258020106,0.425593313423321,TRUE,TRUE,Non-differential recorded-exposure error corrected on the crude age-specific 2x2 table; the crude table is used because the correction is illustrative. Non-differential error cannot change the direction of an association; corrected estimates move away from the null in both directions.
primary,0.8,0.98,28,0.79916563570756,0.461425925018556,TRUE,TRUE,Non-differential recorded-exposure error corrected on the crude age-specific 2x2 table; the crude table is used because the correction is illustrative. Non-differential error cannot change the direction of an association; corrected estimates move away from the null in both directions.
primary,0.8,0.98,29,0.812946549651929,0.483813219176938,TRUE,TRUE,Non-differential recorded-exposure error corrected on the crude age-specific 2x2 table; the crude table is used because the correction is illustrative. Non-differential error cannot change the direction of an association; corrected estimates move away from the null in both directions.
primary,0.8,0.98,30,0.81287918171368,0.479156967390552,TRUE,TRUE,Non-differential recorded-exposure error corrected on the crude age-specific 2x2 table; the crude table is used because the correction is illustrative. Non-differential error cannot change the direction of an association; corrected estimates move away from the null in both directions.
primary,0.8,0.98,31,0.848702035076902,0.544399872017016,TRUE,TRUE,Non-differential recorded-exposure error corrected on the crude age-specific 2x2 table; the crude table is used because the correction is illustrative. Non-differential error cannot change the direction of an association; corrected estimates move away from the null in both directions.
primary,0.8,0.98,32,0.878581311402645,0.604075635771692,TRUE,TRUE,Non-differential recorded-exposure error corrected on the crude age-specific 2x2 table; the crude table is used because the correction is illustrative. Non-differential error cannot change the direction of an association; corrected estimates move away from the null in both directions.
primary,0.8,0.98,33,0.896979359186911,0.643760689380737,TRUE,TRUE,Non-differential recorded-exposure error corrected on the crude age-specific 2x2 table; the crude table is used because the correction is illustrative. Non-differential error cannot change the direction of an association; corrected estimates move away from the null in both directions.
primary,0.8,0.98,34,0.900694941979045,0.657053754433985,TRUE,TRUE,Non-differential recorded-exposure error corrected on the crude age-specific 2x2 table; the crude table is used because the correction is illustrative. Non-differential error cannot change the direction of an association; corrected estimates move away from the null in both directions.
primary,0.8,0.98,35,0.950341114237674,0.794365953988419,TRUE,TRUE,Non-differential recorded-exposure error corrected on the crude age-specific 2x2 table; the crude table is used because the correction is illustrative. Non-differential error cannot change the direction of an association; corrected estimates move away from the null in both directions.
primary,0.8,0.98,36,0.915277651446243,0.690894141785668,TRUE,TRUE,Non-differential recorded-exposure error corrected on the crude age-specific 2x2 table; the crude table is used because the correction is illustrative. Non-differential error cannot change the direction of an association; corrected estimates move away from the null in both directions.
primary,0.8,0.98,37,0.97398710218312,0.868501932640598,TRUE,TRUE,Non-differential recorded-exposure error corrected on the crude age-specific 2x2 table; the crude table is used because the correction is illustrative. Non-differential error cannot change the direction of an association; corrected estimates move away from the null in both directions.
primary,0.8,0.98,38,1.00905909220875,1.05944551379017,TRUE,TRUE,Non-differential recorded-exposure error corrected on the crude age-specific 2x2 table; the crude table is used because the correction is illustrative. Non-differential error cannot change the direction of an association; corrected estimates move away from the null in both directions.
primary,0.8,0.98,39,0.966530112507525,0.804313331119529,TRUE,TRUE,Non-differential recorded-exposure error corrected on the crude age-specific 2x2 table; the crude table is used because the correction is illustrative. Non-differential error cannot change the direction of an association; corrected estimates move away from the null in both directions.
primary,0.8,0.98,40,0.950736606208647,0.723579225803583,TRUE,TRUE,Non-differential recorded-exposure error corrected on the crude age-specific 2x2 table; the crude table is used because the correction is illustrative. Non-differential error cannot change the direction of an association; corrected estimates move away from the null in both directions.
primary,0.8,0.98,41,0.892357035869577,0.429927745324756,TRUE,TRUE,Non-differential recorded-exposure error corrected on the crude age-specific 2x2 table; the crude table is used because the correction is illustrative. Non-differential error cannot change the direction of an association; corrected estimates move away from the null in both directions.
primary,0.8,0.98,42,1.05299407316575,2.36825867715916,TRUE,TRUE,Non-differential recorded-exposure error corrected on the crude age-specific 2x2 table; the crude table is used because the correction is illustrative. Non-differential error cannot change the direction of an association; corrected estimates move away from the null in both directions.
primary,0.8,0.98,43,0.950261658717541,0.763372825403527,TRUE,TRUE,Non-differential recorded-exposure error corrected on the crude age-specific 2x2 table; the crude table is used because the correction is illustrative. Non-differential error cannot change the direction of an association; corrected estimates move away from the null in both directions.
primary,0.8,0.98,44,1.0427972027972,1.41246733855916,TRUE,TRUE,Non-differential recorded-exposure error corrected on the crude age-specific 2x2 table; the crude table is used because the correction is illustrative. Non-differential error cannot change the direction of an association; corrected estimates move away from the null in both directions.
primary,0.8,0.98,45,1.16022236973117,2.13592689909408,TRUE,TRUE,Non-differential recorded-exposure error corrected on the crude age-specific 2x2 table; the crude table is used because the correction is illustrative. Non-differential error cannot change the direction of an association; corrected estimates move away from the null in both directions.
primary,0.8,0.995,15,1.06558231675529,1.16775764236528,TRUE,TRUE,Non-differential recorded-exposure error corrected on the crude age-specific 2x2 table; the crude table is used because the correction is illustrative. Non-differential error cannot change the direction of an association; corrected estimates move away from the null in both directions.
primary,0.8,0.995,16,0.836521739130435,0.694532522817652,TRUE,TRUE,Non-differential recorded-exposure error corrected on the crude age-specific 2x2 table; the crude table is used because the correction is illustrative. Non-differential error cannot change the direction of an association; corrected estimates move away from the null in both directions.
primary,0.8,0.995,17,0.903610561195863,0.780574007221967,TRUE,TRUE,Non-differential recorded-exposure error corrected on the crude age-specific 2x2 table; the crude table is used because the correction is illustrative. Non-differential error cannot change the direction of an association; corrected estimates move away from the null in both directions.
primary,0.8,0.995,18,0.876660402258511,0.722180959421313,TRUE,TRUE,Non-differential recorded-exposure error corrected on the crude age-specific 2x2 table; the crude table is used because the correction is illustrative. Non-differential error cannot change the direction of an association; corrected estimates move away from the null in both directions.
primary,0.8,0.995,19,0.788846996928108,0.600380895321741,TRUE,TRUE,Non-differential recorded-exposure error corrected on the crude age-specific 2x2 table; the crude table is used because the correction is illustrative. Non-differential error cannot change the direction of an association; corrected estimates move away from the null in both directions.
primary,0.8,0.995,20,0.778122338828622,0.573154930794798,TRUE,TRUE,Non-differential recorded-exposure error corrected on the crude age-specific 2x2 table; the crude table is used because the correction is illustrative. Non-differential error cannot change the direction of an association; corrected estimates move away from the null in both directions.
primary,0.8,0.995,21,0.778647113645326,0.550335365978172,TRUE,TRUE,Non-differential recorded-exposure error corrected on the crude age-specific 2x2 table; the crude table is used because the correction is illustrative. Non-differential error cannot change the direction of an association; corrected estimates move away from the null in both directions.
primary,0.8,0.995,22,0.749739475190738,0.500943911843265,TRUE,TRUE,Non-differential recorded-exposure error corrected on the crude age-specific 2x2 table; the crude table is used because the correction is illustrative. Non-differential error cannot change the direction of an association; corrected estimates move away from the null in both directions.
primary,0.8,0.995,23,0.749591197456176,0.479912223109831,TRUE,TRUE,Non-differential recorded-exposure error corrected on the crude age-specific 2x2 table; the crude table is used because the correction is illustrative. Non-differential error cannot change the direction of an association; corrected estimates move away from the null in both directions.
primary,0.8,0.995,24,0.763083688156701,0.475532446749531,TRUE,TRUE,Non-differential recorded-exposure error corrected on the crude age-specific 2x2 table; the crude table is used because the correction is illustrative. Non-differential error cannot change the direction of an association; corrected estimates move away from the null in both directions.
primary,0.8,0.995,25,0.74721220877048,0.434456055252074,TRUE,TRUE,Non-differential recorded-exposure error corrected on the crude age-specific 2x2 table; the crude table is used because the correction is illustrative. Non-differential error cannot change the direction of an association; corrected estimates move away from the null in both directions.
primary,0.8,0.995,26,0.762487609664535,0.437788068460052,TRUE,TRUE,Non-differential recorded-exposure error corrected on the crude age-specific 2x2 table; the crude table is used because the correction is illustrative. Non-differential error cannot change the direction of an association; corrected estimates move away from the null in both directions.
primary,0.8,0.995,27,0.761723258020106,0.42626748331336,TRUE,TRUE,Non-differential recorded-exposure error corrected on the crude age-specific 2x2 table; the crude table is used because the correction is illustrative. Non-differential error cannot change the direction of an association; corrected estimates move away from the null in both directions.
primary,0.8,0.995,28,0.79916563570756,0.462000303553916,TRUE,TRUE,Non-differential recorded-exposure error corrected on the crude age-specific 2x2 table; the crude table is used because the correction is illustrative. Non-differential error cannot change the direction of an association; corrected estimates move away from the null in both directions.
primary,0.8,0.995,29,0.812946549651929,0.484364787285541,TRUE,TRUE,Non-differential recorded-exposure error corrected on the crude age-specific 2x2 table; the crude table is used because the correction is illustrative. Non-differential error cannot change the direction of an association; corrected estimates move away from the null in both directions.
primary,0.8,0.995,30,0.81287918171368,0.479700729729559,TRUE,TRUE,Non-differential recorded-exposure error corrected on the crude age-specific 2x2 table; the crude table is used because the correction is illustrative. Non-differential error cannot change the direction of an association; corrected estimates move away from the null in both directions.
primary,0.8,0.995,31,0.848702035076902,0.544878877044248,TRUE,TRUE,Non-differential recorded-exposure error corrected on the crude age-specific 2x2 table; the crude table is used because the correction is illustrative. Non-differential error cannot change the direction of an association; corrected estimates move away from the null in both directions.
primary,0.8,0.995,32,0.878581311402645,0.60448639401049,TRUE,TRUE,Non-differential recorded-exposure error corrected on the crude age-specific 2x2 table; the crude table is used because the correction is illustrative. Non-differential error cannot change the direction of an association; corrected estimates move away from the null in both directions.
primary,0.8,0.995,33,0.896979359186911,0.644122878096336,TRUE,TRUE,Non-differential recorded-exposure error corrected on the crude age-specific 2x2 table; the crude table is used because the correction is illustrative. Non-differential error cannot change the direction of an association; corrected estimates move away from the null in both directions.
primary,0.8,0.995,34,0.900694941979045,0.657410286396348,TRUE,TRUE,Non-differential recorded-exposure error corrected on the crude age-specific 2x2 table; the crude table is used because the correction is illustrative. Non-differential error cannot change the direction of an association; corrected estimates move away from the null in both directions.
primary,0.8,0.995,35,0.950341114237674,0.794567714416112,TRUE,TRUE,Non-differential recorded-exposure error corrected on the crude age-specific 2x2 table; the crude table is used because the correction is illustrative. Non-differential error cannot change the direction of an association; corrected estimates move away from the null in both directions.
primary,0.8,0.995,36,0.915277651446243,0.691207096676077,TRUE,TRUE,Non-differential recorded-exposure error corrected on the crude age-specific 2x2 table; the crude table is used because the correction is illustrative. Non-differential error cannot change the direction of an association; corrected estimates move away from the null in both directions.
primary,0.8,0.995,37,0.97398710218312,0.868611132599469,TRUE,TRUE,Non-differential recorded-exposure error corrected on the crude age-specific 2x2 table; the crude table is used because the correction is illustrative. Non-differential error cannot change the direction of an association; corrected estimates move away from the null in both directions.
primary,0.8,0.995,38,1.00905909220875,1.05940163040928,TRUE,TRUE,Non-differential recorded-exposure error corrected on the crude age-specific 2x2 table; the crude table is used because the correction is illustrative. Non-differential error cannot change the direction of an association; corrected estimates move away from the null in both directions.
primary,0.8,0.995,39,0.966530112507525,0.804439201033254,TRUE,TRUE,Non-differential recorded-exposure error corrected on the crude age-specific 2x2 table; the crude table is used because the correction is illustrative. Non-differential error cannot change the direction of an association; corrected estimates move away from the null in both directions.
primary,0.8,0.995,40,0.950736606208647,0.72374735738568,TRUE,TRUE,Non-differential recorded-exposure error corrected on the crude age-specific 2x2 table; the crude table is used because the correction is illustrative. Non-differential error cannot change the direction of an association; corrected estimates move away from the null in both directions.
primary,0.8,0.995,41,0.892357035869577,0.430148871929238,TRUE,TRUE,Non-differential recorded-exposure error corrected on the crude age-specific 2x2 table; the crude table is used because the correction is illustrative. Non-differential error cannot change the direction of an association; corrected estimates move away from the null in both directions.
primary,0.8,0.995,42,1.05299407316575,2.36775318837039,TRUE,TRUE,Non-differential recorded-exposure error corrected on the crude age-specific 2x2 table; the crude table is used because the correction is illustrative. Non-differential error cannot change the direction of an association; corrected estimates move away from the null in both directions.
primary,0.8,0.995,43,0.950261658717541,0.763559242025573,TRUE,TRUE,Non-differential recorded-exposure error corrected on the crude age-specific 2x2 table; the crude table is used because the correction is illustrative. Non-differential error cannot change the direction of an association; corrected estimates move away from the null in both directions.
primary,0.8,0.995,44,1.0427972027972,1.4122060572788,TRUE,TRUE,Non-differential recorded-exposure error corrected on the crude age-specific 2x2 table; the crude table is used because the correction is illustrative. Non-differential error cannot change the direction of an association; corrected estimates move away from the null in both directions.
primary,0.8,0.995,45,1.16022236973117,2.13438243329021,TRUE,TRUE,Non-differential recorded-exposure error corrected on the crude age-specific 2x2 table; the crude table is used because the correction is illustrative. Non-differential error cannot change the direction of an association; corrected estimates move away from the null in both directions.
primary,0.8,1,15,1.06558231675529,1.16759925393019,TRUE,TRUE,Non-differential recorded-exposure error corrected on the crude age-specific 2x2 table; the crude table is used because the correction is illustrative. Non-differential error cannot change the direction of an association; corrected estimates move away from the null in both directions.
primary,0.8,1,16,0.836521739130435,0.694840579710145,TRUE,TRUE,Non-differential recorded-exposure error corrected on the crude age-specific 2x2 table; the crude table is used because the correction is illustrative. Non-differential error cannot change the direction of an association; corrected estimates move away from the null in both directions.
primary,0.8,1,17,0.903610561195863,0.780743059684083,TRUE,TRUE,Non-differential recorded-exposure error corrected on the crude age-specific 2x2 table; the crude table is used because the correction is illustrative. Non-differential error cannot change the direction of an association; corrected estimates move away from the null in both directions.
primary,0.8,1,18,0.876660402258511,0.722382778327684,TRUE,TRUE,Non-differential recorded-exposure error corrected on the crude age-specific 2x2 table; the crude table is used because the correction is illustrative. Non-differential error cannot change the direction of an association; corrected estimates move away from the null in both directions.
primary,0.8,1,19,0.788846996928108,0.600719814998745,TRUE,TRUE,Non-differential recorded-exposure error corrected on the crude age-specific 2x2 table; the crude table is used because the correction is illustrative. Non-differential error cannot change the direction of an association; corrected estimates move away from the null in both directions.
primary,0.8,1,20,0.778122338828622,0.573488791126071,TRUE,TRUE,Non-differential recorded-exposure error corrected on the crude age-specific 2x2 table; the crude table is used because the correction is illustrative. Non-differential error cannot change the direction of an association; corrected estimates move away from the null in both directions.
primary,0.8,1,21,0.778647113645326,0.550637722972293,TRUE,TRUE,Non-differential recorded-exposure error corrected on the crude age-specific 2x2 table; the crude table is used because the correction is illustrative. Non-differential error cannot change the direction of an association; corrected estimates move away from the null in both directions.
primary,0.8,1,22,0.749739475190738,0.50126083157742,TRUE,TRUE,Non-differential recorded-exposure error corrected on the crude age-specific 2x2 table; the crude table is used because the correction is illustrative. Non-differential error cannot change the direction of an association; corrected estimates move away from the null in both directions.
primary,0.8,1,23,0.749591197456176,0.480204240379442,TRUE,TRUE,Non-differential recorded-exposure error corrected on the crude age-specific 2x2 table; the crude table is used because the correction is illustrative. Non-differential error cannot change the direction of an association; corrected estimates move away from the null in both directions.
primary,0.8,1,24,0.763083688156701,0.475791291174498,TRUE,TRUE,Non-differential recorded-exposure error corrected on the crude age-specific 2x2 table; the crude table is used because the correction is illustrative. Non-differential error cannot change the direction of an association; corrected estimates move away from the null in both directions.
primary,0.8,1,25,0.74721220877048,0.434706200805546,TRUE,TRUE,Non-differential recorded-exposure error corrected on the crude age-specific 2x2 table; the crude table is used because the correction is illustrative. Non-differential error cannot change the direction of an association; corrected estimates move away from the null in both directions.
primary,0.8,1,26,0.762487609664535,0.438014809271839,TRUE,TRUE,Non-differential recorded-exposure error corrected on the crude age-specific 2x2 table; the crude table is used because the correction is illustrative. Non-differential error cannot change the direction of an association; corrected estimates move away from the null in both directions.
primary,0.8,1,27,0.761723258020106,0.426486247921204,TRUE,TRUE,Non-differential recorded-exposure error corrected on the crude age-specific 2x2 table; the crude table is used because the correction is illustrative. Non-differential error cannot change the direction of an association; corrected estimates move away from the null in both directions.
primary,0.8,1,28,0.79916563570756,0.462186712884244,TRUE,TRUE,Non-differential recorded-exposure error corrected on the crude age-specific 2x2 table; the crude table is used because the correction is illustrative. Non-differential error cannot change the direction of an association; corrected estimates move away from the null in both directions.
primary,0.8,1,29,0.812946549651929,0.484543793209508,TRUE,TRUE,Non-differential recorded-exposure error corrected on the crude age-specific 2x2 table; the crude table is used because the correction is illustrative. Non-differential error cannot change the direction of an association; corrected estimates move away from the null in both directions.
primary,0.8,1,30,0.81287918171368,0.479877208111065,TRUE,TRUE,Non-differential recorded-exposure error corrected on the crude age-specific 2x2 table; the crude table is used because the correction is illustrative. Non-differential error cannot change the direction of an association; corrected estimates move away from the null in both directions.
primary,0.8,1,31,0.848702035076902,0.545034336884142,TRUE,TRUE,Non-differential recorded-exposure error corrected on the crude age-specific 2x2 table; the crude table is used because the correction is illustrative. Non-differential error cannot change the direction of an association; corrected estimates move away from the null in both directions.
primary,0.8,1,32,0.878581311402645,0.604619706990021,TRUE,TRUE,Non-differential recorded-exposure error corrected on the crude age-specific 2x2 table; the crude table is used because the correction is illustrative. Non-differential error cannot change the direction of an association; corrected estimates move away from the null in both directions.
primary,0.8,1,33,0.896979359186911,0.644240430909021,TRUE,TRUE,Non-differential recorded-exposure error corrected on the crude age-specific 2x2 table; the crude table is used because the correction is illustrative. Non-differential error cannot change the direction of an association; corrected estimates move away from the null in both directions.
primary,0.8,1,34,0.900694941979045,0.657525999724342,TRUE,TRUE,Non-differential recorded-exposure error corrected on the crude age-specific 2x2 table; the crude table is used because the correction is illustrative. Non-differential error cannot change the direction of an association; corrected estimates move away from the null in both directions.
primary,0.8,1,35,0.950341114237674,0.794633201335857,TRUE,TRUE,Non-differential recorded-exposure error corrected on the crude age-specific 2x2 table; the crude table is used because the correction is illustrative. Non-differential error cannot change the direction of an association; corrected estimates move away from the null in both directions.
primary,0.8,1,36,0.915277651446243,0.691308670616016,TRUE,TRUE,Non-differential recorded-exposure error corrected on the crude age-specific 2x2 table; the crude table is used because the correction is illustrative. Non-differential error cannot change the direction of an association; corrected estimates move away from the null in both directions.
primary,0.8,1,37,0.97398710218312,0.868646583546297,TRUE,TRUE,Non-differential recorded-exposure error corrected on the crude age-specific 2x2 table; the crude table is used because the correction is illustrative. Non-differential error cannot change the direction of an association; corrected estimates move away from the null in both directions.
primary,0.8,1,38,1.00905909220875,1.05938738225734,TRUE,TRUE,Non-differential recorded-exposure error corrected on the crude age-specific 2x2 table; the crude table is used because the correction is illustrative. Non-differential error cannot change the direction of an association; corrected estimates move away from the null in both directions.
primary,0.8,1,39,0.966530112507525,0.804480073898126,TRUE,TRUE,Non-differential recorded-exposure error corrected on the crude age-specific 2x2 table; the crude table is used because the correction is illustrative. Non-differential error cannot change the direction of an association; corrected estimates move away from the null in both directions.
primary,0.8,1,40,0.950736606208647,0.72380195612061,TRUE,TRUE,Non-differential recorded-exposure error corrected on the crude age-specific 2x2 table; the crude table is used because the correction is illustrative. Non-differential error cannot change the direction of an association; corrected estimates move away from the null in both directions.
primary,0.8,1,41,0.892357035869577,0.430220701144229,TRUE,TRUE,Non-differential recorded-exposure error corrected on the crude age-specific 2x2 table; the crude table is used because the correction is illustrative. Non-differential error cannot change the direction of an association; corrected estimates move away from the null in both directions.
primary,0.8,1,42,1.05299407316575,2.3675889849225,TRUE,TRUE,Non-differential recorded-exposure error corrected on the crude age-specific 2x2 table; the crude table is used because the correction is illustrative. Non-differential error cannot change the direction of an association; corrected estimates move away from the null in both directions.
primary,0.8,1,43,0.950261658717541,0.763619764202176,TRUE,TRUE,Non-differential recorded-exposure error corrected on the crude age-specific 2x2 table; the crude table is used because the correction is illustrative. Non-differential error cannot change the direction of an association; corrected estimates move away from the null in both directions.
primary,0.8,1,44,1.0427972027972,1.41212121212121,TRUE,TRUE,Non-differential recorded-exposure error corrected on the crude age-specific 2x2 table; the crude table is used because the correction is illustrative. Non-differential error cannot change the direction of an association; corrected estimates move away from the null in both directions.
primary,0.8,1,45,1.16022236973117,2.13388138578978,TRUE,TRUE,Non-differential recorded-exposure error corrected on the crude age-specific 2x2 table; the crude table is used because the correction is illustrative. Non-differential error cannot change the direction of an association; corrected estimates move away from the null in both directions.
primary,0.9,0.98,15,1.06558231675529,1.09050876186362,TRUE,TRUE,Non-differential recorded-exposure error corrected on the crude age-specific 2x2 table; the crude table is used because the correction is illustrative. Non-differential error cannot change the direction of an association; corrected estimates move away from the null in both directions.
primary,0.9,0.98,16,0.836521739130435,0.792577733199599,TRUE,TRUE,Non-differential recorded-exposure error corrected on the crude age-specific 2x2 table; the crude table is used because the correction is illustrative. Non-differential error cannot change the direction of an association; corrected estimates move away from the null in both directions.
primary,0.9,0.98,17,0.903610561195863,0.870870614798252,TRUE,TRUE,Non-differential recorded-exposure error corrected on the crude age-specific 2x2 table; the crude table is used because the correction is illustrative. Non-differential error cannot change the direction of an association; corrected estimates move away from the null in both directions.
primary,0.9,0.98,18,0.876660402258511,0.835250650405705,TRUE,TRUE,Non-differential recorded-exposure error corrected on the crude age-specific 2x2 table; the crude table is used because the correction is illustrative. Non-differential error cannot change the direction of an association; corrected estimates move away from the null in both directions.
primary,0.9,0.98,19,0.788846996928108,0.731227944305894,TRUE,TRUE,Non-differential recorded-exposure error corrected on the crude age-specific 2x2 table; the crude table is used because the correction is illustrative. Non-differential error cannot change the direction of an association; corrected estimates move away from the null in both directions.
primary,0.9,0.98,20,0.778122338828622,0.716278242108268,TRUE,TRUE,Non-differential recorded-exposure error corrected on the crude age-specific 2x2 table; the crude table is used because the correction is illustrative. Non-differential error cannot change the direction of an association; corrected estimates move away from the null in both directions.
primary,0.9,0.98,21,0.778647113645326,0.712591651679795,TRUE,TRUE,Non-differential recorded-exposure error corrected on the crude age-specific 2x2 table; the crude table is used because the correction is illustrative. Non-differential error cannot change the direction of an association; corrected estimates move away from the null in both directions.
primary,0.9,0.98,22,0.749739475190738,0.676812082092612,TRUE,TRUE,Non-differential recorded-exposure error corrected on the crude age-specific 2x2 table; the crude table is used because the correction is illustrative. Non-differential error cannot change the direction of an association; corrected estimates move away from the null in both directions.
primary,0.9,0.98,23,0.749591197456176,0.672976399587864,TRUE,TRUE,Non-differential recorded-exposure error corrected on the crude age-specific 2x2 table; the crude table is used because the correction is illustrative. Non-differential error cannot change the direction of an association; corrected estimates move away from the null in both directions.
primary,0.9,0.98,24,0.763083688156701,0.685268021961133,TRUE,TRUE,Non-differential recorded-exposure error corrected on the crude age-specific 2x2 table; the crude table is used because the correction is illustrative. Non-differential error cannot change the direction of an association; corrected estimates move away from the null in both directions.
primary,0.9,0.98,25,0.74721220877048,0.663309982528741,TRUE,TRUE,Non-differential recorded-exposure error corrected on the crude age-specific 2x2 table; the crude table is used because the correction is illustrative. Non-differential error cannot change the direction of an association; corrected estimates move away from the null in both directions.
primary,0.9,0.98,26,0.762487609664535,0.679063694815769,TRUE,TRUE,Non-differential recorded-exposure error corrected on the crude age-specific 2x2 table; the crude table is used because the correction is illustrative. Non-differential error cannot change the direction of an association; corrected estimates move away from the null in both directions.
primary,0.9,0.98,27,0.761723258020106,0.676675200391383,TRUE,TRUE,Non-differential recorded-exposure error corrected on the crude age-specific 2x2 table; the crude table is used because the correction is illustrative. Non-differential error cannot change the direction of an association; corrected estimates move away from the null in both directions.
primary,0.9,0.98,28,0.79916563570756,0.720464439880494,TRUE,TRUE,Non-differential recorded-exposure error corrected on the crude age-specific 2x2 table; the crude table is used because the correction is illustrative. Non-differential error cannot change the direction of an association; corrected estimates move away from the null in both directions.
primary,0.9,0.98,29,0.812946549651929,0.737943835301648,TRUE,TRUE,Non-differential recorded-exposure error corrected on the crude age-specific 2x2 table; the crude table is used because the correction is illustrative. Non-differential error cannot change the direction of an association; corrected estimates move away from the null in both directions.
primary,0.9,0.98,30,0.81287918171368,0.737348873996723,TRUE,TRUE,Non-differential recorded-exposure error corrected on the crude age-specific 2x2 table; the crude table is used because the correction is illustrative. Non-differential error cannot change the direction of an association; corrected estimates move away from the null in both directions.
primary,0.9,0.98,31,0.848702035076902,0.783977269997536,TRUE,TRUE,Non-differential recorded-exposure error corrected on the crude age-specific 2x2 table; the crude table is used because the correction is illustrative. Non-differential error cannot change the direction of an association; corrected estimates move away from the null in both directions.
primary,0.9,0.98,32,0.878581311402645,0.823808017970194,TRUE,TRUE,Non-differential recorded-exposure error corrected on the crude age-specific 2x2 table; the crude table is used because the correction is illustrative. Non-differential error cannot change the direction of an association; corrected estimates move away from the null in both directions.
primary,0.9,0.98,33,0.896979359186911,0.84880916231541,TRUE,TRUE,Non-differential recorded-exposure error corrected on the crude age-specific 2x2 table; the crude table is used because the correction is illustrative. Non-differential error cannot change the direction of an association; corrected estimates move away from the null in both directions.
primary,0.9,0.98,34,0.900694941979045,0.854294021260511,TRUE,TRUE,Non-differential recorded-exposure error corrected on the crude age-specific 2x2 table; the crude table is used because the correction is illustrative. Non-differential error cannot change the direction of an association; corrected estimates move away from the null in both directions.
primary,0.9,0.98,35,0.950341114237674,0.924791395891521,TRUE,TRUE,Non-differential recorded-exposure error corrected on the crude age-specific 2x2 table; the crude table is used because the correction is illustrative. Non-differential error cannot change the direction of an association; corrected estimates move away from the null in both directions.
primary,0.9,0.98,36,0.915277651446243,0.874430601590155,TRUE,TRUE,Non-differential recorded-exposure error corrected on the crude age-specific 2x2 table; the crude table is used because the correction is illustrative. Non-differential error cannot change the direction of an association; corrected estimates move away from the null in both directions.
primary,0.9,0.98,37,0.97398710218312,0.959420658240498,TRUE,TRUE,Non-differential recorded-exposure error corrected on the crude age-specific 2x2 table; the crude table is used because the correction is illustrative. Non-differential error cannot change the direction of an association; corrected estimates move away from the null in both directions.
primary,0.9,0.98,38,1.00905909220875,1.01458853417672,TRUE,TRUE,Non-differential recorded-exposure error corrected on the crude age-specific 2x2 table; the crude table is used because the correction is illustrative. Non-differential error cannot change the direction of an association; corrected estimates move away from the null in both directions.
primary,0.9,0.98,39,0.966530112507525,0.946814626043104,TRUE,TRUE,Non-differential recorded-exposure error corrected on the crude age-specific 2x2 table; the crude table is used because the correction is illustrative. Non-differential error cannot change the direction of an association; corrected estimates move away from the null in both directions.
primary,0.9,0.98,40,0.950736606208647,0.922114966491542,TRUE,TRUE,Non-differential recorded-exposure error corrected on the crude age-specific 2x2 table; the crude table is used because the correction is illustrative. Non-differential error cannot change the direction of an association; corrected estimates move away from the null in both directions.
primary,0.9,0.98,41,0.892357035869577,0.831115355032802,TRUE,TRUE,Non-differential recorded-exposure error corrected on the crude age-specific 2x2 table; the crude table is used because the correction is illustrative. Non-differential error cannot change the direction of an association; corrected estimates move away from the null in both directions.
primary,0.9,0.98,42,1.05299407316575,1.09283020396653,TRUE,TRUE,Non-differential recorded-exposure error corrected on the crude age-specific 2x2 table; the crude table is used because the correction is illustrative. Non-differential error cannot change the direction of an association; corrected estimates move away from the null in both directions.
primary,0.9,0.98,43,0.950261658717541,0.923071717041097,TRUE,TRUE,Non-differential recorded-exposure error corrected on the crude age-specific 2x2 table; the crude table is used because the correction is illustrative. Non-differential error cannot change the direction of an association; corrected estimates move away from the null in both directions.
primary,0.9,0.98,44,1.0427972027972,1.07138857782755,TRUE,TRUE,Non-differential recorded-exposure error corrected on the crude age-specific 2x2 table; the crude table is used because the correction is illustrative. Non-differential error cannot change the direction of an association; corrected estimates move away from the null in both directions.
primary,0.9,0.98,45,1.16022236973117,1.26031658104239,TRUE,TRUE,Non-differential recorded-exposure error corrected on the crude age-specific 2x2 table; the crude table is used because the correction is illustrative. Non-differential error cannot change the direction of an association; corrected estimates move away from the null in both directions.
primary,0.9,0.995,15,1.06558231675529,1.0900520844185,TRUE,TRUE,Non-differential recorded-exposure error corrected on the crude age-specific 2x2 table; the crude table is used because the correction is illustrative. Non-differential error cannot change the direction of an association; corrected estimates move away from the null in both directions.
primary,0.9,0.995,16,0.836521739130435,0.793665364469282,TRUE,TRUE,Non-differential recorded-exposure error corrected on the crude age-specific 2x2 table; the crude table is used because the correction is illustrative. Non-differential error cannot change the direction of an association; corrected estimates move away from the null in both directions.
primary,0.9,0.995,17,0.903610561195863,0.871453166353059,TRUE,TRUE,Non-differential recorded-exposure error corrected on the crude age-specific 2x2 table; the crude table is used because the correction is illustrative. Non-differential error cannot change the direction of an association; corrected estimates move away from the null in both directions.
primary,0.9,0.995,18,0.876660402258511,0.835971611976168,TRUE,TRUE,Non-differential recorded-exposure error corrected on the crude age-specific 2x2 table; the crude table is used because the correction is illustrative. Non-differential error cannot change the direction of an association; corrected estimates move away from the null in both directions.
primary,0.9,0.995,19,0.788846996928108,0.732504680617407,TRUE,TRUE,Non-differential recorded-exposure error corrected on the crude age-specific 2x2 table; the crude table is used because the correction is illustrative. Non-differential error cannot change the direction of an association; corrected estimates move away from the null in both directions.
primary,0.9,0.995,20,0.778122338828622,0.717568450469633,TRUE,TRUE,Non-differential recorded-exposure error corrected on the crude age-specific 2x2 table; the crude table is used because the correction is illustrative. Non-differential error cannot change the direction of an association; corrected estimates move away from the null in both directions.
primary,0.9,0.995,21,0.778647113645326,0.713801633818313,TRUE,TRUE,Non-differential recorded-exposure error corrected on the crude age-specific 2x2 table; the crude table is used because the correction is illustrative. Non-differential error cannot change the direction of an association; corrected estimates move away from the null in both directions.
primary,0.9,0.995,22,0.749739475190738,0.678135567599831,TRUE,TRUE,Non-differential recorded-exposure error corrected on the crude age-specific 2x2 table; the crude table is used because the correction is illustrative. Non-differential error cannot change the direction of an association; corrected estimates move away from the null in both directions.
primary,0.9,0.995,23,0.749591197456176,0.674241643389456,TRUE,TRUE,Non-differential recorded-exposure error corrected on the crude age-specific 2x2 table; the crude table is used because the correction is illustrative. Non-differential error cannot change the direction of an association; corrected estimates move away from the null in both directions.
primary,0.9,0.995,24,0.763083688156701,0.686419988731603,TRUE,TRUE,Non-differential recorded-exposure error corrected on the crude age-specific 2x2 table; the crude table is used because the correction is illustrative. Non-differential error cannot change the direction of an association; corrected estimates move away from the null in both directions.
primary,0.9,0.995,25,0.74721220877048,0.664489312745321,TRUE,TRUE,Non-differential recorded-exposure error corrected on the crude age-specific 2x2 table; the crude table is used because the correction is illustrative. Non-differential error cannot change the direction of an association; corrected estimates move away from the null in both directions.
primary,0.9,0.995,26,0.762487609664535,0.680149373683731,TRUE,TRUE,Non-differential recorded-exposure error corrected on the crude age-specific 2x2 table; the crude table is used because the correction is illustrative. Non-differential error cannot change the direction of an association; corrected estimates move away from the null in both directions.
primary,0.9,0.995,27,0.761723258020106,0.677747101737226,TRUE,TRUE,Non-differential recorded-exposure error corrected on the crude age-specific 2x2 table; the crude table is used because the correction is illustrative. Non-differential error cannot change the direction of an association; corrected estimates move away from the null in both directions.
primary,0.9,0.995,28,0.79916563570756,0.721361267057559,TRUE,TRUE,Non-differential recorded-exposure error corrected on the crude age-specific 2x2 table; the crude table is used because the correction is illustrative. Non-differential error cannot change the direction of an association; corrected estimates move away from the null in both directions.
primary,0.9,0.995,29,0.812946549651929,0.738785123363571,TRUE,TRUE,Non-differential recorded-exposure error corrected on the crude age-specific 2x2 table; the crude table is used because the correction is illustrative. Non-differential error cannot change the direction of an association; corrected estimates move away from the null in both directions.
primary,0.9,0.995,30,0.81287918171368,0.738185640600729,TRUE,TRUE,Non-differential recorded-exposure error corrected on the crude age-specific 2x2 table; the crude table is used because the correction is illustrative. Non-differential error cannot change the direction of an association; corrected estimates move away from the null in both directions.
primary,0.9,0.995,31,0.848702035076902,0.78466707371144,TRUE,TRUE,Non-differential recorded-exposure error corrected on the crude age-specific 2x2 table; the crude table is used because the correction is illustrative. Non-differential error cannot change the direction of an association; corrected estimates move away from the null in both directions.
primary,0.9,0.995,32,0.878581311402645,0.824368189429746,TRUE,TRUE,Non-differential recorded-exposure error corrected on the crude age-specific 2x2 table; the crude table is used because the correction is illustrative. Non-differential error cannot change the direction of an association; corrected estimates move away from the null in both directions.
primary,0.9,0.995,33,0.896979359186911,0.849286714153166,TRUE,TRUE,Non-differential recorded-exposure error corrected on the crude age-specific 2x2 table; the crude table is used because the correction is illustrative. Non-differential error cannot change the direction of an association; corrected estimates move away from the null in both directions.
primary,0.9,0.995,34,0.900694941979045,0.854757580172976,TRUE,TRUE,Non-differential recorded-exposure error corrected on the crude age-specific 2x2 table; the crude table is used because the correction is illustrative. Non-differential error cannot change the direction of an association; corrected estimates move away from the null in both directions.
primary,0.9,0.995,35,0.950341114237674,0.925026282981815,TRUE,TRUE,Non-differential recorded-exposure error corrected on the crude age-specific 2x2 table; the crude table is used because the correction is illustrative. Non-differential error cannot change the direction of an association; corrected estimates move away from the null in both directions.
primary,0.9,0.995,36,0.915277651446243,0.874826693142452,TRUE,TRUE,Non-differential recorded-exposure error corrected on the crude age-specific 2x2 table; the crude table is used because the correction is illustrative. Non-differential error cannot change the direction of an association; corrected estimates move away from the null in both directions.
primary,0.9,0.995,37,0.97398710218312,0.95954128974687,TRUE,TRUE,Non-differential recorded-exposure error corrected on the crude age-specific 2x2 table; the crude table is used because the correction is illustrative. Non-differential error cannot change the direction of an association; corrected estimates move away from the null in both directions.
primary,0.9,0.995,38,1.00905909220875,1.01454650882051,TRUE,TRUE,Non-differential recorded-exposure error corrected on the crude age-specific 2x2 table; the crude table is used because the correction is illustrative. Non-differential error cannot change the direction of an association; corrected estimates move away from the null in both directions.
primary,0.9,0.995,39,0.966530112507525,0.946962796501904,TRUE,TRUE,Non-differential recorded-exposure error corrected on the crude age-specific 2x2 table; the crude table is used because the correction is illustrative. Non-differential error cannot change the direction of an association; corrected estimates move away from the null in both directions.
primary,0.9,0.995,40,0.950736606208647,0.922329230034034,TRUE,TRUE,Non-differential recorded-exposure error corrected on the crude age-specific 2x2 table; the crude table is used because the correction is illustrative. Non-differential error cannot change the direction of an association; corrected estimates move away from the null in both directions.
primary,0.9,0.995,41,0.892357035869577,0.831542826203002,TRUE,TRUE,Non-differential recorded-exposure error corrected on the crude age-specific 2x2 table; the crude table is used because the correction is illustrative. Non-differential error cannot change the direction of an association; corrected estimates move away from the null in both directions.
primary,0.9,0.995,42,1.05299407316575,1.0925969467546,TRUE,TRUE,Non-differential recorded-exposure error corrected on the crude age-specific 2x2 table; the crude table is used because the correction is illustrative. Non-differential error cannot change the direction of an association; corrected estimates move away from the null in both directions.
primary,0.9,0.995,43,0.950261658717541,0.923297132337099,TRUE,TRUE,Non-differential recorded-exposure error corrected on the crude age-specific 2x2 table; the crude table is used because the correction is illustrative. Non-differential error cannot change the direction of an association; corrected estimates move away from the null in both directions.
primary,0.9,0.995,44,1.0427972027972,1.07119039003818,TRUE,TRUE,Non-differential recorded-exposure error corrected on the crude age-specific 2x2 table; the crude table is used because the correction is illustrative. Non-differential error cannot change the direction of an association; corrected estimates move away from the null in both directions.
primary,0.9,0.995,45,1.16022236973117,1.25940525965667,TRUE,TRUE,Non-differential recorded-exposure error corrected on the crude age-specific 2x2 table; the crude table is used because the correction is illustrative. Non-differential error cannot change the direction of an association; corrected estimates move away from the null in both directions.
primary,0.9,1,15,1.06558231675529,1.08990423555196,TRUE,TRUE,Non-differential recorded-exposure error corrected on the crude age-specific 2x2 table; the crude table is used because the correction is illustrative. Non-differential error cannot change the direction of an association; corrected estimates move away from the null in both directions.
primary,0.9,1,16,0.836521739130435,0.794017391304348,TRUE,TRUE,Non-differential recorded-exposure error corrected on the crude age-specific 2x2 table; the crude table is used because the correction is illustrative. Non-differential error cannot change the direction of an association; corrected estimates move away from the null in both directions.
primary,0.9,1,17,0.903610561195863,0.871641900927907,TRUE,TRUE,Non-differential recorded-exposure error corrected on the crude age-specific 2x2 table; the crude table is used because the correction is illustrative. Non-differential error cannot change the direction of an association; corrected estimates move away from the null in both directions.
primary,0.9,1,18,0.876660402258511,0.836205230537119,TRUE,TRUE,Non-differential recorded-exposure error corrected on the crude age-specific 2x2 table; the crude table is used because the correction is illustrative. Non-differential error cannot change the direction of an association; corrected estimates move away from the null in both directions.
primary,0.9,1,19,0.788846996928108,0.732918185197071,TRUE,TRUE,Non-differential recorded-exposure error corrected on the crude age-specific 2x2 table; the crude table is used because the correction is illustrative. Non-differential error cannot change the direction of an association; corrected estimates move away from the null in both directions.
primary,0.9,1,20,0.778122338828622,0.717986431067396,TRUE,TRUE,Non-differential recorded-exposure error corrected on the crude age-specific 2x2 table; the crude table is used because the correction is illustrative. Non-differential error cannot change the direction of an association; corrected estimates move away from the null in both directions.
primary,0.9,1,21,0.778647113645326,0.714193799995052,TRUE,TRUE,Non-differential recorded-exposure error corrected on the crude age-specific 2x2 table; the crude table is used because the correction is illustrative. Non-differential error cannot change the direction of an association; corrected estimates move away from the null in both directions.
primary,0.9,1,22,0.749739475190738,0.678564586774879,TRUE,TRUE,Non-differential recorded-exposure error corrected on the crude age-specific 2x2 table; the crude table is used because the correction is illustrative. Non-differential error cannot change the direction of an association; corrected estimates move away from the null in both directions.
primary,0.9,1,23,0.749591197456176,0.674651906338137,TRUE,TRUE,Non-differential recorded-exposure error corrected on the crude age-specific 2x2 table; the crude table is used because the correction is illustrative. Non-differential error cannot change the direction of an association; corrected estimates move away from the null in both directions.
primary,0.9,1,24,0.763083688156701,0.686793624618038,TRUE,TRUE,Non-differential recorded-exposure error corrected on the crude age-specific 2x2 table; the crude table is used because the correction is illustrative. Non-differential error cannot change the direction of an association; corrected estimates move away from the null in both directions.
primary,0.9,1,25,0.74721220877048,0.66487190390708,TRUE,TRUE,Non-differential recorded-exposure error corrected on the crude age-specific 2x2 table; the crude table is used because the correction is illustrative. Non-differential error cannot change the direction of an association; corrected estimates move away from the null in both directions.
primary,0.9,1,26,0.762487609664535,0.680501639156994,TRUE,TRUE,Non-differential recorded-exposure error corrected on the crude age-specific 2x2 table; the crude table is used because the correction is illustrative. Non-differential error cannot change the direction of an association; corrected estimates move away from the null in both directions.
primary,0.9,1,27,0.761723258020106,0.678094928124958,TRUE,TRUE,Non-differential recorded-exposure error corrected on the crude age-specific 2x2 table; the crude table is used because the correction is illustrative. Non-differential error cannot change the direction of an association; corrected estimates move away from the null in both directions.
primary,0.9,1,28,0.79916563570756,0.721652324162245,TRUE,TRUE,Non-differential recorded-exposure error corrected on the crude age-specific 2x2 table; the crude table is used because the correction is illustrative. Non-differential error cannot change the direction of an association; corrected estimates move away from the null in both directions.
primary,0.9,1,29,0.812946549651929,0.739058155006439,TRUE,TRUE,Non-differential recorded-exposure error corrected on the crude age-specific 2x2 table; the crude table is used because the correction is illustrative. Non-differential error cannot change the direction of an association; corrected estimates move away from the null in both directions.
primary,0.9,1,30,0.81287918171368,0.738457213685844,TRUE,TRUE,Non-differential recorded-exposure error corrected on the crude age-specific 2x2 table; the crude table is used because the correction is illustrative. Non-differential error cannot change the direction of an association; corrected estimates move away from the null in both directions.
primary,0.9,1,31,0.848702035076902,0.784890947718651,TRUE,TRUE,Non-differential recorded-exposure error corrected on the crude age-specific 2x2 table; the crude table is used because the correction is illustrative. Non-differential error cannot change the direction of an association; corrected estimates move away from the null in both directions.
primary,0.9,1,32,0.878581311402645,0.824549994976822,TRUE,TRUE,Non-differential recorded-exposure error corrected on the crude age-specific 2x2 table; the crude table is used because the correction is illustrative. Non-differential error cannot change the direction of an association; corrected estimates move away from the null in both directions.
primary,0.9,1,33,0.896979359186911,0.849441709489335,TRUE,TRUE,Non-differential recorded-exposure error corrected on the crude age-specific 2x2 table; the crude table is used because the correction is illustrative. Non-differential error cannot change the direction of an association; corrected estimates move away from the null in both directions.
primary,0.9,1,34,0.900694941979045,0.854908029361673,TRUE,TRUE,Non-differential recorded-exposure error corrected on the crude age-specific 2x2 table; the crude table is used because the correction is illustrative. Non-differential error cannot change the direction of an association; corrected estimates move away from the null in both directions.
primary,0.9,1,35,0.950341114237674,0.925102522074918,TRUE,TRUE,Non-differential recorded-exposure error corrected on the crude age-specific 2x2 table; the crude table is used because the correction is illustrative. Non-differential error cannot change the direction of an association; corrected estimates move away from the null in both directions.
primary,0.9,1,36,0.915277651446243,0.874955250262904,TRUE,TRUE,Non-differential recorded-exposure error corrected on the crude age-specific 2x2 table; the crude table is used because the correction is illustrative. Non-differential error cannot change the direction of an association; corrected estimates move away from the null in both directions.
primary,0.9,1,37,0.97398710218312,0.959580451859772,TRUE,TRUE,Non-differential recorded-exposure error corrected on the crude age-specific 2x2 table; the crude table is used because the correction is illustrative. Non-differential error cannot change the direction of an association; corrected estimates move away from the null in both directions.
primary,0.9,1,38,1.00905909220875,1.01453286393609,TRUE,TRUE,Non-differential recorded-exposure error corrected on the crude age-specific 2x2 table; the crude table is used because the correction is illustrative. Non-differential error cannot change the direction of an association; corrected estimates move away from the null in both directions.
primary,0.9,1,39,0.966530112507525,0.947010910868251,TRUE,TRUE,Non-differential recorded-exposure error corrected on the crude age-specific 2x2 table; the crude table is used because the correction is illustrative. Non-differential error cannot change the direction of an association; corrected estimates move away from the null in both directions.
primary,0.9,1,40,0.950736606208647,0.92239880957534,TRUE,TRUE,Non-differential recorded-exposure error corrected on the crude age-specific 2x2 table; the crude table is used because the correction is illustrative. Non-differential error cannot change the direction of an association; corrected estimates move away from the null in both directions.
primary,0.9,1,41,0.892357035869577,0.831681682939201,TRUE,TRUE,Non-differential recorded-exposure error corrected on the crude age-specific 2x2 table; the crude table is used because the correction is illustrative. Non-differential error cannot change the direction of an association; corrected estimates move away from the null in both directions.
primary,0.9,1,42,1.05299407316575,1.09252117526513,TRUE,TRUE,Non-differential recorded-exposure error corrected on the crude age-specific 2x2 table; the crude table is used because the correction is illustrative. Non-differential error cannot change the direction of an association; corrected estimates move away from the null in both directions.
primary,0.9,1,43,0.950261658717541,0.92337031585584,TRUE,TRUE,Non-differential recorded-exposure error corrected on the crude age-specific 2x2 table; the crude table is used because the correction is illustrative. Non-differential error cannot change the direction of an association; corrected estimates move away from the null in both directions.
primary,0.9,1,44,1.0427972027972,1.07112603305785,TRUE,TRUE,Non-differential recorded-exposure error corrected on the crude age-specific 2x2 table; the crude table is used because the correction is illustrative. Non-differential error cannot change the direction of an association; corrected estimates move away from the null in both directions.
primary,0.9,1,45,1.16022236973117,1.25910961354962,TRUE,TRUE,Non-differential recorded-exposure error corrected on the crude age-specific 2x2 table; the crude table is used because the correction is illustrative. Non-differential error cannot change the direction of an association; corrected estimates move away from the null in both directions.
primary,1,0.98,15,1.06558231675529,1.06617335267084,TRUE,TRUE,Non-differential recorded-exposure error corrected on the crude age-specific 2x2 table; the crude table is used because the correction is illustrative. Non-differential error cannot change the direction of an association; corrected estimates move away from the null in both directions.
primary,1,0.98,16,0.836521739130435,0.835005015045136,TRUE,TRUE,Non-differential recorded-exposure error corrected on the crude age-specific 2x2 table; the crude table is used because the correction is illustrative. Non-differential error cannot change the direction of an association; corrected estimates move away from the null in both directions.
primary,1,0.98,17,0.903610561195863,0.902810987091269,TRUE,TRUE,Non-differential recorded-exposure error corrected on the crude age-specific 2x2 table; the crude table is used because the correction is illustrative. Non-differential error cannot change the direction of an association; corrected estimates move away from the null in both directions.
primary,1,0.98,18,0.876660402258511,0.875659640039581,TRUE,TRUE,Non-differential recorded-exposure error corrected on the crude age-specific 2x2 table; the crude table is used because the correction is illustrative. Non-differential error cannot change the direction of an association; corrected estimates move away from the null in both directions.
primary,1,0.98,19,0.788846996928108,0.787027774158064,TRUE,TRUE,Non-differential recorded-exposure error corrected on the crude age-specific 2x2 table; the crude table is used because the correction is illustrative. Non-differential error cannot change the direction of an association; corrected estimates move away from the null in both directions.
primary,1,0.98,20,0.778122338828622,0.776271078232985,TRUE,TRUE,Non-differential recorded-exposure error corrected on the crude age-specific 2x2 table; the crude table is used because the correction is illustrative. Non-differential error cannot change the direction of an association; corrected estimates move away from the null in both directions.
primary,1,0.98,21,0.778647113645326,0.776900377449471,TRUE,TRUE,Non-differential recorded-exposure error corrected on the crude age-specific 2x2 table; the crude table is used because the correction is illustrative. Non-differential error cannot change the direction of an association; corrected estimates move away from the null in both directions.
primary,1,0.98,22,0.749739475190738,0.747803149649499,TRUE,TRUE,Non-differential recorded-exposure error corrected on the crude age-specific 2x2 table; the crude table is used because the correction is illustrative. Non-differential error cannot change the direction of an association; corrected estimates move away from the null in both directions.
primary,1,0.98,23,0.749591197456176,0.747729578005486,TRUE,TRUE,Non-differential recorded-exposure error corrected on the crude age-specific 2x2 table; the crude table is used because the correction is illustrative. Non-differential error cannot change the direction of an association; corrected estimates move away from the null in both directions.
primary,1,0.98,24,0.763083688156701,0.76138861927376,TRUE,TRUE,Non-differential recorded-exposure error corrected on the crude age-specific 2x2 table; the crude table is used because the correction is illustrative. Non-differential error cannot change the direction of an association; corrected estimates move away from the null in both directions.
primary,1,0.98,25,0.74721220877048,0.745456853015219,TRUE,TRUE,Non-differential recorded-exposure error corrected on the crude age-specific 2x2 table; the crude table is used because the correction is illustrative. Non-differential error cannot change the direction of an association; corrected estimates move away from the null in both directions.
primary,1,0.98,26,0.762487609664535,0.760876423621061,TRUE,TRUE,Non-differential recorded-exposure error corrected on the crude age-specific 2x2 table; the crude table is used because the correction is illustrative. Non-differential error cannot change the direction of an association; corrected estimates move away from the null in both directions.
primary,1,0.98,27,0.761723258020106,0.760128437605049,TRUE,TRUE,Non-differential recorded-exposure error corrected on the crude age-specific 2x2 table; the crude table is used because the correction is illustrative. Non-differential error cannot change the direction of an association; corrected estimates move away from the null in both directions.
primary,1,0.98,28,0.79916563570756,0.797850159729187,TRUE,TRUE,Non-differential recorded-exposure error corrected on the crude age-specific 2x2 table; the crude table is used because the correction is illustrative. Non-differential error cannot change the direction of an association; corrected estimates move away from the null in both directions.
primary,1,0.98,29,0.812946549651929,0.811720824243065,TRUE,TRUE,Non-differential recorded-exposure error corrected on the crude age-specific 2x2 table; the crude table is used because the correction is illustrative. Non-differential error cannot change the direction of an association; corrected estimates move away from the null in both directions.
primary,1,0.98,30,0.81287918171368,0.811659143175419,TRUE,TRUE,Non-differential recorded-exposure error corrected on the crude age-specific 2x2 table; the crude table is used because the correction is illustrative. Non-differential error cannot change the direction of an association; corrected estimates move away from the null in both directions.
primary,1,0.98,31,0.848702035076902,0.847714075993454,TRUE,TRUE,Non-differential recorded-exposure error corrected on the crude age-specific 2x2 table; the crude table is used because the correction is illustrative. Non-differential error cannot change the direction of an association; corrected estimates move away from the null in both directions.
primary,1,0.98,32,0.878581311402645,0.877790713942837,TRUE,TRUE,Non-differential recorded-exposure error corrected on the crude age-specific 2x2 table; the crude table is used because the correction is illustrative. Non-differential error cannot change the direction of an association; corrected estimates move away from the null in both directions.
primary,1,0.98,33,0.896979359186911,0.896311412519841,TRUE,TRUE,Non-differential recorded-exposure error corrected on the crude age-specific 2x2 table; the crude table is used because the correction is illustrative. Non-differential error cannot change the direction of an association; corrected estimates move away from the null in both directions.
primary,1,0.98,34,0.900694941979045,0.900048049012717,TRUE,TRUE,Non-differential recorded-exposure error corrected on the crude age-specific 2x2 table; the crude table is used because the correction is illustrative. Non-differential error cannot change the direction of an association; corrected estimates move away from the null in both directions.
primary,1,0.98,35,0.950341114237674,0.950021499928188,TRUE,TRUE,Non-differential recorded-exposure error corrected on the crude age-specific 2x2 table; the crude table is used because the correction is illustrative. Non-differential error cannot change the direction of an association; corrected estimates move away from the null in both directions.
primary,1,0.98,36,0.915277651446243,0.914728824286358,TRUE,TRUE,Non-differential recorded-exposure error corrected on the crude age-specific 2x2 table; the crude table is used because the correction is illustrative. Non-differential error cannot change the direction of an association; corrected estimates move away from the null in both directions.
primary,1,0.98,37,0.97398710218312,0.97382490950414,TRUE,TRUE,Non-differential recorded-exposure error corrected on the crude age-specific 2x2 table; the crude table is used because the correction is illustrative. Non-differential error cannot change the direction of an association; corrected estimates move away from the null in both directions.
primary,1,0.98,38,1.00905909220875,1.0091144620883,TRUE,TRUE,Non-differential recorded-exposure error corrected on the crude age-specific 2x2 table; the crude table is used because the correction is illustrative. Non-differential error cannot change the direction of an association; corrected estimates move away from the null in both directions.
primary,1,0.98,39,0.966530112507525,0.966329781981282,TRUE,TRUE,Non-differential recorded-exposure error corrected on the crude age-specific 2x2 table; the crude table is used because the correction is illustrative. Non-differential error cannot change the direction of an association; corrected estimates move away from the null in both directions.
primary,1,0.98,40,0.950736606208647,0.950444042940585,TRUE,TRUE,Non-differential recorded-exposure error corrected on the crude age-specific 2x2 table; the crude table is used because the correction is illustrative. Non-differential error cannot change the direction of an association; corrected estimates move away from the null in both directions.
primary,1,0.98,41,0.892357035869577,0.891749391500041,TRUE,TRUE,Non-differential recorded-exposure error corrected on the crude age-specific 2x2 table; the crude table is used because the correction is illustrative. Non-differential error cannot change the direction of an association; corrected estimates move away from the null in both directions.
primary,1,0.98,42,1.05299407316575,1.05329192129756,TRUE,TRUE,Non-differential recorded-exposure error corrected on the crude age-specific 2x2 table; the crude table is used because the correction is illustrative. Non-differential error cannot change the direction of an association; corrected estimates move away from the null in both directions.
primary,1,0.98,43,0.950261658717541,0.949954363800087,TRUE,TRUE,Non-differential recorded-exposure error corrected on the crude age-specific 2x2 table; the crude table is used because the correction is illustrative. Non-differential error cannot change the direction of an association; corrected estimates move away from the null in both directions.
primary,1,0.98,44,1.0427972027972,1.04305280385908,TRUE,TRUE,Non-differential recorded-exposure error corrected on the crude age-specific 2x2 table; the crude table is used because the correction is illustrative. Non-differential error cannot change the direction of an association; corrected estimates move away from the null in both directions.
primary,1,0.98,45,1.16022236973117,1.16133454508872,TRUE,TRUE,Non-differential recorded-exposure error corrected on the crude age-specific 2x2 table; the crude table is used because the correction is illustrative. Non-differential error cannot change the direction of an association; corrected estimates move away from the null in both directions.
primary,1,0.995,15,1.06558231675529,1.06572686627864,TRUE,TRUE,Non-differential recorded-exposure error corrected on the crude age-specific 2x2 table; the crude table is used because the correction is illustrative. Non-differential error cannot change the direction of an association; corrected estimates move away from the null in both directions.
primary,1,0.995,16,0.836521739130435,0.836150868034266,TRUE,TRUE,Non-differential recorded-exposure error corrected on the crude age-specific 2x2 table; the crude table is used because the correction is illustrative. Non-differential error cannot change the direction of an association; corrected estimates move away from the null in both directions.
primary,1,0.995,17,0.903610561195863,0.903414904522045,TRUE,TRUE,Non-differential recorded-exposure error corrected on the crude age-specific 2x2 table; the crude table is used because the correction is illustrative. Non-differential error cannot change the direction of an association; corrected estimates move away from the null in both directions.
primary,1,0.995,18,0.876660402258511,0.876415481353762,TRUE,TRUE,Non-differential recorded-exposure error corrected on the crude age-specific 2x2 table; the crude table is used because the correction is illustrative. Non-differential error cannot change the direction of an association; corrected estimates move away from the null in both directions.
primary,1,0.995,19,0.788846996928108,0.788401937912693,TRUE,TRUE,Non-differential recorded-exposure error corrected on the crude age-specific 2x2 table; the crude table is used because the correction is illustrative. Non-differential error cannot change the direction of an association; corrected estimates move away from the null in both directions.
primary,1,0.995,20,0.778122338828622,0.777669349710385,TRUE,TRUE,Non-differential recorded-exposure error corrected on the crude age-specific 2x2 table; the crude table is used because the correction is illustrative. Non-differential error cannot change the direction of an association; corrected estimates move away from the null in both directions.
primary,1,0.995,21,0.778647113645326,0.778219555940976,TRUE,TRUE,Non-differential recorded-exposure error corrected on the crude age-specific 2x2 table; the crude table is used because the correction is illustrative. Non-differential error cannot change the direction of an association; corrected estimates move away from the null in both directions.
primary,1,0.995,22,0.749739475190738,0.749265456037047,TRUE,TRUE,Non-differential recorded-exposure error corrected on the crude age-specific 2x2 table; the crude table is used because the correction is illustrative. Non-differential error cannot change the direction of an association; corrected estimates move away from the null in both directions.
primary,1,0.995,23,0.749591197456176,0.749135363133195,TRUE,TRUE,Non-differential recorded-exposure error corrected on the crude age-specific 2x2 table; the crude table is used because the correction is illustrative. Non-differential error cannot change the direction of an association; corrected estimates move away from the null in both directions.
primary,1,0.995,24,0.763083688156701,0.762668548236894,TRUE,TRUE,Non-differential recorded-exposure error corrected on the crude age-specific 2x2 table; the crude table is used because the correction is illustrative. Non-differential error cannot change the direction of an association; corrected estimates move away from the null in both directions.
primary,1,0.995,25,0.74721220877048,0.746782236041366,TRUE,TRUE,Non-differential recorded-exposure error corrected on the crude age-specific 2x2 table; the crude table is used because the correction is illustrative. Non-differential error cannot change the direction of an association; corrected estimates move away from the null in both directions.
primary,1,0.995,26,0.762487609664535,0.762092903695849,TRUE,TRUE,Non-differential recorded-exposure error corrected on the crude age-specific 2x2 table; the crude table is used because the correction is illustrative. Non-differential error cannot change the direction of an association; corrected estimates move away from the null in both directions.
primary,1,0.995,27,0.761723258020106,0.761332534777238,TRUE,TRUE,Non-differential recorded-exposure error corrected on the crude age-specific 2x2 table; the crude table is used because the correction is illustrative. Non-differential error cannot change the direction of an association; corrected estimates move away from the null in both directions.
primary,1,0.995,28,0.79916563570756,0.798843315902986,TRUE,TRUE,Non-differential recorded-exposure error corrected on the crude age-specific 2x2 table; the crude table is used because the correction is illustrative. Non-differential error cannot change the direction of an association; corrected estimates move away from the null in both directions.
primary,1,0.995,29,0.812946549651929,0.812646221280592,TRUE,TRUE,Non-differential recorded-exposure error corrected on the crude age-specific 2x2 table; the crude table is used because the correction is illustrative. Non-differential error cannot change the direction of an association; corrected estimates move away from the null in both directions.
primary,1,0.995,30,0.81287918171368,0.812580239401096,TRUE,TRUE,Non-differential recorded-exposure error corrected on the crude age-specific 2x2 table; the crude table is used because the correction is illustrative. Non-differential error cannot change the direction of an association; corrected estimates move away from the null in both directions.
primary,1,0.995,31,0.848702035076902,0.848459960268836,TRUE,TRUE,Non-differential recorded-exposure error corrected on the crude age-specific 2x2 table; the crude table is used because the correction is illustrative. Non-differential error cannot change the direction of an association; corrected estimates move away from the null in both directions.
primary,1,0.995,32,0.878581311402645,0.878387592456621,TRUE,TRUE,Non-differential recorded-exposure error corrected on the crude age-specific 2x2 table; the crude table is used because the correction is illustrative. Non-differential error cannot change the direction of an association; corrected estimates move away from the null in both directions.
primary,1,0.995,33,0.896979359186911,0.896815689784101,TRUE,TRUE,Non-differential recorded-exposure error corrected on the crude age-specific 2x2 table; the crude table is used because the correction is illustrative. Non-differential error cannot change the direction of an association; corrected estimates move away from the null in both directions.
primary,1,0.995,34,0.900694941979045,0.90053643507698,TRUE,TRUE,Non-differential recorded-exposure error corrected on the crude age-specific 2x2 table; the crude table is used because the correction is illustrative. Non-differential error cannot change the direction of an association; corrected estimates move away from the null in both directions.
primary,1,0.995,35,0.950341114237674,0.950262795194154,TRUE,TRUE,Non-differential recorded-exposure error corrected on the crude age-specific 2x2 table; the crude table is used because the correction is illustrative. Non-differential error cannot change the direction of an association; corrected estimates move away from the null in both directions.
primary,1,0.995,36,0.915277651446243,0.915143169757896,TRUE,TRUE,Non-differential recorded-exposure error corrected on the crude age-specific 2x2 table; the crude table is used because the correction is illustrative. Non-differential error cannot change the direction of an association; corrected estimates move away from the null in both directions.
primary,1,0.995,37,0.97398710218312,0.973947352110276,TRUE,TRUE,Non-differential recorded-exposure error corrected on the crude age-specific 2x2 table; the crude table is used because the correction is illustrative. Non-differential error cannot change the direction of an association; corrected estimates move away from the null in both directions.
primary,1,0.995,38,1.00905909220875,1.00907266347409,TRUE,TRUE,Non-differential recorded-exposure error corrected on the crude age-specific 2x2 table; the crude table is used because the correction is illustrative. Non-differential error cannot change the direction of an association; corrected estimates move away from the null in both directions.
primary,1,0.995,39,0.966530112507525,0.966481006437697,TRUE,TRUE,Non-differential recorded-exposure error corrected on the crude age-specific 2x2 table; the crude table is used because the correction is illustrative. Non-differential error cannot change the direction of an association; corrected estimates move away from the null in both directions.
primary,1,0.995,40,0.950736606208647,0.950664889055203,TRUE,TRUE,Non-differential recorded-exposure error corrected on the crude age-specific 2x2 table; the crude table is used because the correction is illustrative. Non-differential error cannot change the direction of an association; corrected estimates move away from the null in both directions.
primary,1,0.995,41,0.892357035869577,0.892208048837559,TRUE,TRUE,Non-differential recorded-exposure error corrected on the crude age-specific 2x2 table; the crude table is used because the correction is illustrative. Non-differential error cannot change the direction of an association; corrected estimates move away from the null in both directions.
primary,1,0.995,42,1.05299407316575,1.05306710326451,TRUE,TRUE,Non-differential recorded-exposure error corrected on the crude age-specific 2x2 table; the crude table is used because the correction is illustrative. Non-differential error cannot change the direction of an association; corrected estimates move away from the null in both directions.
primary,1,0.995,43,0.950261658717541,0.950186343872872,TRUE,TRUE,Non-differential recorded-exposure error corrected on the crude age-specific 2x2 table; the crude table is used because the correction is illustrative. Non-differential error cannot change the direction of an association; corrected estimates move away from the null in both directions.
primary,1,0.995,44,1.0427972027972,1.04285985768281,TRUE,TRUE,Non-differential recorded-exposure error corrected on the crude age-specific 2x2 table; the crude table is used because the correction is illustrative. Non-differential error cannot change the direction of an association; corrected estimates move away from the null in both directions.
primary,1,0.995,45,1.16022236973117,1.16049479655027,TRUE,TRUE,Non-differential recorded-exposure error corrected on the crude age-specific 2x2 table; the crude table is used because the correction is illustrative. Non-differential error cannot change the direction of an association; corrected estimates move away from the null in both directions.
primary,1,1,15,1.06558231675529,1.06558231675529,TRUE,TRUE,Non-differential recorded-exposure error corrected on the crude age-specific 2x2 table; the crude table is used because the correction is illustrative. Non-differential error cannot change the direction of an association; corrected estimates move away from the null in both directions.
primary,1,1,16,0.836521739130435,0.836521739130435,TRUE,TRUE,Non-differential recorded-exposure error corrected on the crude age-specific 2x2 table; the crude table is used because the correction is illustrative. Non-differential error cannot change the direction of an association; corrected estimates move away from the null in both directions.
primary,1,1,17,0.903610561195863,0.903610561195863,TRUE,TRUE,Non-differential recorded-exposure error corrected on the crude age-specific 2x2 table; the crude table is used because the correction is illustrative. Non-differential error cannot change the direction of an association; corrected estimates move away from the null in both directions.
primary,1,1,18,0.876660402258511,0.876660402258511,TRUE,TRUE,Non-differential recorded-exposure error corrected on the crude age-specific 2x2 table; the crude table is used because the correction is illustrative. Non-differential error cannot change the direction of an association; corrected estimates move away from the null in both directions.
primary,1,1,19,0.788846996928108,0.788846996928108,TRUE,TRUE,Non-differential recorded-exposure error corrected on the crude age-specific 2x2 table; the crude table is used because the correction is illustrative. Non-differential error cannot change the direction of an association; corrected estimates move away from the null in both directions.
primary,1,1,20,0.778122338828622,0.778122338828622,TRUE,TRUE,Non-differential recorded-exposure error corrected on the crude age-specific 2x2 table; the crude table is used because the correction is illustrative. Non-differential error cannot change the direction of an association; corrected estimates move away from the null in both directions.
primary,1,1,21,0.778647113645326,0.778647113645326,TRUE,TRUE,Non-differential recorded-exposure error corrected on the crude age-specific 2x2 table; the crude table is used because the correction is illustrative. Non-differential error cannot change the direction of an association; corrected estimates move away from the null in both directions.
primary,1,1,22,0.749739475190738,0.749739475190738,TRUE,TRUE,Non-differential recorded-exposure error corrected on the crude age-specific 2x2 table; the crude table is used because the correction is illustrative. Non-differential error cannot change the direction of an association; corrected estimates move away from the null in both directions.
primary,1,1,23,0.749591197456176,0.749591197456176,TRUE,TRUE,Non-differential recorded-exposure error corrected on the crude age-specific 2x2 table; the crude table is used because the correction is illustrative. Non-differential error cannot change the direction of an association; corrected estimates move away from the null in both directions.
primary,1,1,24,0.763083688156701,0.763083688156701,TRUE,TRUE,Non-differential recorded-exposure error corrected on the crude age-specific 2x2 table; the crude table is used because the correction is illustrative. Non-differential error cannot change the direction of an association; corrected estimates move away from the null in both directions.
primary,1,1,25,0.74721220877048,0.74721220877048,TRUE,TRUE,Non-differential recorded-exposure error corrected on the crude age-specific 2x2 table; the crude table is used because the correction is illustrative. Non-differential error cannot change the direction of an association; corrected estimates move away from the null in both directions.
primary,1,1,26,0.762487609664535,0.762487609664535,TRUE,TRUE,Non-differential recorded-exposure error corrected on the crude age-specific 2x2 table; the crude table is used because the correction is illustrative. Non-differential error cannot change the direction of an association; corrected estimates move away from the null in both directions.
primary,1,1,27,0.761723258020106,0.761723258020106,TRUE,TRUE,Non-differential recorded-exposure error corrected on the crude age-specific 2x2 table; the crude table is used because the correction is illustrative. Non-differential error cannot change the direction of an association; corrected estimates move away from the null in both directions.
primary,1,1,28,0.79916563570756,0.79916563570756,TRUE,TRUE,Non-differential recorded-exposure error corrected on the crude age-specific 2x2 table; the crude table is used because the correction is illustrative. Non-differential error cannot change the direction of an association; corrected estimates move away from the null in both directions.
primary,1,1,29,0.812946549651929,0.812946549651929,TRUE,TRUE,Non-differential recorded-exposure error corrected on the crude age-specific 2x2 table; the crude table is used because the correction is illustrative. Non-differential error cannot change the direction of an association; corrected estimates move away from the null in both directions.
primary,1,1,30,0.81287918171368,0.81287918171368,TRUE,TRUE,Non-differential recorded-exposure error corrected on the crude age-specific 2x2 table; the crude table is used because the correction is illustrative. Non-differential error cannot change the direction of an association; corrected estimates move away from the null in both directions.
primary,1,1,31,0.848702035076902,0.848702035076902,TRUE,TRUE,Non-differential recorded-exposure error corrected on the crude age-specific 2x2 table; the crude table is used because the correction is illustrative. Non-differential error cannot change the direction of an association; corrected estimates move away from the null in both directions.
primary,1,1,32,0.878581311402645,0.878581311402645,TRUE,TRUE,Non-differential recorded-exposure error corrected on the crude age-specific 2x2 table; the crude table is used because the correction is illustrative. Non-differential error cannot change the direction of an association; corrected estimates move away from the null in both directions.
primary,1,1,33,0.896979359186911,0.896979359186911,TRUE,TRUE,Non-differential recorded-exposure error corrected on the crude age-specific 2x2 table; the crude table is used because the correction is illustrative. Non-differential error cannot change the direction of an association; corrected estimates move away from the null in both directions.
primary,1,1,34,0.900694941979045,0.900694941979045,TRUE,TRUE,Non-differential recorded-exposure error corrected on the crude age-specific 2x2 table; the crude table is used because the correction is illustrative. Non-differential error cannot change the direction of an association; corrected estimates move away from the null in both directions.
primary,1,1,35,0.950341114237674,0.950341114237674,TRUE,TRUE,Non-differential recorded-exposure error corrected on the crude age-specific 2x2 table; the crude table is used because the correction is illustrative. Non-differential error cannot change the direction of an association; corrected estimates move away from the null in both directions.
primary,1,1,36,0.915277651446243,0.915277651446243,TRUE,TRUE,Non-differential recorded-exposure error corrected on the crude age-specific 2x2 table; the crude table is used because the correction is illustrative. Non-differential error cannot change the direction of an association; corrected estimates move away from the null in both directions.
primary,1,1,37,0.97398710218312,0.97398710218312,TRUE,TRUE,Non-differential recorded-exposure error corrected on the crude age-specific 2x2 table; the crude table is used because the correction is illustrative. Non-differential error cannot change the direction of an association; corrected estimates move away from the null in both directions.
primary,1,1,38,1.00905909220875,1.00905909220875,TRUE,TRUE,Non-differential recorded-exposure error corrected on the crude age-specific 2x2 table; the crude table is used because the correction is illustrative. Non-differential error cannot change the direction of an association; corrected estimates move away from the null in both directions.
primary,1,1,39,0.966530112507525,0.966530112507525,TRUE,TRUE,Non-differential recorded-exposure error corrected on the crude age-specific 2x2 table; the crude table is used because the correction is illustrative. Non-differential error cannot change the direction of an association; corrected estimates move away from the null in both directions.
primary,1,1,40,0.950736606208647,0.950736606208647,TRUE,TRUE,Non-differential recorded-exposure error corrected on the crude age-specific 2x2 table; the crude table is used because the correction is illustrative. Non-differential error cannot change the direction of an association; corrected estimates move away from the null in both directions.
primary,1,1,41,0.892357035869577,0.892357035869577,TRUE,TRUE,Non-differential recorded-exposure error corrected on the crude age-specific 2x2 table; the crude table is used because the correction is illustrative. Non-differential error cannot change the direction of an association; corrected estimates move away from the null in both directions.
primary,1,1,42,1.05299407316575,1.05299407316575,TRUE,TRUE,Non-differential recorded-exposure error corrected on the crude age-specific 2x2 table; the crude table is used because the correction is illustrative. Non-differential error cannot change the direction of an association; corrected estimates move away from the null in both directions.
primary,1,1,43,0.950261658717541,0.950261658717541,TRUE,TRUE,Non-differential recorded-exposure error corrected on the crude age-specific 2x2 table; the crude table is used because the correction is illustrative. Non-differential error cannot change the direction of an association; corrected estimates move away from the null in both directions.
primary,1,1,44,1.0427972027972,1.0427972027972,TRUE,TRUE,Non-differential recorded-exposure error corrected on the crude age-specific 2x2 table; the crude table is used because the correction is illustrative. Non-differential error cannot change the direction of an association; corrected estimates move away from the null in both directions.
primary,1,1,45,1.16022236973117,1.16022236973117,TRUE,TRUE,Non-differential recorded-exposure error corrected on the crude age-specific 2x2 table; the crude table is used because the correction is illustrative. Non-differential error cannot change the direction of an association; corrected estimates move away from the null in both directions.
broad,0.7,0.98,15,0.852376330052807,,FALSE,,Non-differential recorded-exposure error corrected on the crude age-specific 2x2 table; the crude table is used because the correction is illustrative. Non-differential error cannot change the direction of an association; corrected estimates move away from the null in both directions.
broad,0.7,0.98,16,0.734644151883755,0.175418670597019,TRUE,TRUE,Non-differential recorded-exposure error corrected on the crude age-specific 2x2 table; the crude table is used because the correction is illustrative. Non-differential error cannot change the direction of an association; corrected estimates move away from the null in both directions.
broad,0.7,0.98,17,0.809000276429211,0.630971584795471,TRUE,TRUE,Non-differential recorded-exposure error corrected on the crude age-specific 2x2 table; the crude table is used because the correction is illustrative. Non-differential error cannot change the direction of an association; corrected estimates move away from the null in both directions.
broad,0.7,0.98,18,0.829315016809509,0.741294685405907,TRUE,TRUE,Non-differential recorded-exposure error corrected on the crude age-specific 2x2 table; the crude table is used because the correction is illustrative. Non-differential error cannot change the direction of an association; corrected estimates move away from the null in both directions.
broad,0.7,0.98,19,0.817894034949435,0.741986684914092,TRUE,TRUE,Non-differential recorded-exposure error corrected on the crude age-specific 2x2 table; the crude table is used because the correction is illustrative. Non-differential error cannot change the direction of an association; corrected estimates move away from the null in both directions.
broad,0.7,0.98,20,0.800460690513235,0.721621236305245,TRUE,TRUE,Non-differential recorded-exposure error corrected on the crude age-specific 2x2 table; the crude table is used because the correction is illustrative. Non-differential error cannot change the direction of an association; corrected estimates move away from the null in both directions.
broad,0.7,0.98,21,0.807366190791102,0.733572862541281,TRUE,TRUE,Non-differential recorded-exposure error corrected on the crude age-specific 2x2 table; the crude table is used because the correction is illustrative. Non-differential error cannot change the direction of an association; corrected estimates move away from the null in both directions.
broad,0.7,0.98,22,0.792497605017271,0.71295603391247,TRUE,TRUE,Non-differential recorded-exposure error corrected on the crude age-specific 2x2 table; the crude table is used because the correction is illustrative. Non-differential error cannot change the direction of an association; corrected estimates move away from the null in both directions.
broad,0.7,0.98,23,0.789527204032273,0.707012883759622,TRUE,TRUE,Non-differential recorded-exposure error corrected on the crude age-specific 2x2 table; the crude table is used because the correction is illustrative. Non-differential error cannot change the direction of an association; corrected estimates move away from the null in both directions.
broad,0.7,0.98,24,0.803143287938649,0.72267910425651,TRUE,TRUE,Non-differential recorded-exposure error corrected on the crude age-specific 2x2 table; the crude table is used because the correction is illustrative. Non-differential error cannot change the direction of an association; corrected estimates move away from the null in both directions.
broad,0.7,0.98,25,0.800971546353475,0.715086937028567,TRUE,TRUE,Non-differential recorded-exposure error corrected on the crude age-specific 2x2 table; the crude table is used because the correction is illustrative. Non-differential error cannot change the direction of an association; corrected estimates move away from the null in both directions.
broad,0.7,0.98,26,0.841037710646941,0.76643868595978,TRUE,TRUE,Non-differential recorded-exposure error corrected on the crude age-specific 2x2 table; the crude table is used because the correction is illustrative. Non-differential error cannot change the direction of an association; corrected estimates move away from the null in both directions.
broad,0.7,0.98,27,0.866548434852361,0.797319254520144,TRUE,TRUE,Non-differential recorded-exposure error corrected on the crude age-specific 2x2 table; the crude table is used because the correction is illustrative. Non-differential error cannot change the direction of an association; corrected estimates move away from the null in both directions.
broad,0.7,0.98,28,0.919985599156133,0.872913769876067,TRUE,TRUE,Non-differential recorded-exposure error corrected on the crude age-specific 2x2 table; the crude table is used because the correction is illustrative. Non-differential error cannot change the direction of an association; corrected estimates move away from the null in both directions.
broad,0.7,0.98,29,0.996369544436716,0.993891968298578,TRUE,TRUE,Non-differential recorded-exposure error corrected on the crude age-specific 2x2 table; the crude table is used because the correction is illustrative. Non-differential error cannot change the direction of an association; corrected estimates move away from the null in both directions.
broad,0.7,0.98,30,1.03656220636037,1.06554262006773,TRUE,TRUE,Non-differential recorded-exposure error corrected on the crude age-specific 2x2 table; the crude table is used because the correction is illustrative. Non-differential error cannot change the direction of an association; corrected estimates move away from the null in both directions.
broad,0.7,0.98,31,1.11045372863227,1.21362153261992,TRUE,TRUE,Non-differential recorded-exposure error corrected on the crude age-specific 2x2 table; the crude table is used because the correction is illustrative. Non-differential error cannot change the direction of an association; corrected estimates move away from the null in both directions.
broad,0.7,0.98,32,1.16346772765167,1.3349084317622,TRUE,TRUE,Non-differential recorded-exposure error corrected on the crude age-specific 2x2 table; the crude table is used because the correction is illustrative. Non-differential error cannot change the direction of an association; corrected estimates move away from the null in both directions.
broad,0.7,0.98,33,1.2250356765036,1.48336808525036,TRUE,TRUE,Non-differential recorded-exposure error corrected on the crude age-specific 2x2 table; the crude table is used because the correction is illustrative. Non-differential error cannot change the direction of an association; corrected estimates move away from the null in both directions.
broad,0.7,0.98,34,1.26840165897493,1.6069281118625,TRUE,TRUE,Non-differential recorded-exposure error corrected on the crude age-specific 2x2 table; the crude table is used because the correction is illustrative. Non-differential error cannot change the direction of an association; corrected estimates move away from the null in both directions.
broad,0.7,0.98,35,1.32525571045333,1.76888393712191,TRUE,TRUE,Non-differential recorded-exposure error corrected on the crude age-specific 2x2 table; the crude table is used because the correction is illustrative. Non-differential error cannot change the direction of an association; corrected estimates move away from the null in both directions.
broad,0.7,0.98,36,1.33689179782057,1.79004666311611,TRUE,TRUE,Non-differential recorded-exposure error corrected on the crude age-specific 2x2 table; the crude table is used because the correction is illustrative. Non-differential error cannot change the direction of an association; corrected estimates move away from the null in both directions.
broad,0.7,0.98,37,1.36183325842629,1.85769829134551,TRUE,TRUE,Non-differential recorded-exposure error corrected on the crude age-specific 2x2 table; the crude table is used because the correction is illustrative. Non-differential error cannot change the direction of an association; corrected estimates move away from the null in both directions.
broad,0.7,0.98,38,1.42371140610547,2.0206629914305,TRUE,TRUE,Non-differential recorded-exposure error corrected on the crude age-specific 2x2 table; the crude table is used because the correction is illustrative. Non-differential error cannot change the direction of an association; corrected estimates move away from the null in both directions.
broad,0.7,0.98,39,1.39949126439789,1.97982702843538,TRUE,TRUE,Non-differential recorded-exposure error corrected on the crude age-specific 2x2 table; the crude table is used because the correction is illustrative. Non-differential error cannot change the direction of an association; corrected estimates move away from the null in both directions.
broad,0.7,0.98,40,1.40004147564677,2.02054142154288,TRUE,TRUE,Non-differential recorded-exposure error corrected on the crude age-specific 2x2 table; the crude table is used because the correction is illustrative. Non-differential error cannot change the direction of an association; corrected estimates move away from the null in both directions.
broad,0.7,0.98,41,1.39676858630228,2.05739557140371,TRUE,TRUE,Non-differential recorded-exposure error corrected on the crude age-specific 2x2 table; the crude table is used because the correction is illustrative. Non-differential error cannot change the direction of an association; corrected estimates move away from the null in both directions.
broad,0.7,0.98,42,1.4733721649212,2.41010032866867,TRUE,TRUE,Non-differential recorded-exposure error corrected on the crude age-specific 2x2 table; the crude table is used because the correction is illustrative. Non-differential error cannot change the direction of an association; corrected estimates move away from the null in both directions.
broad,0.7,0.98,43,1.336155849485,2.44274846390287,TRUE,TRUE,Non-differential recorded-exposure error corrected on the crude age-specific 2x2 table; the crude table is used because the correction is illustrative. Non-differential error cannot change the direction of an association; corrected estimates move away from the null in both directions.
broad,0.7,0.98,44,1.48608703792864,3.59166235370917,TRUE,TRUE,Non-differential recorded-exposure error corrected on the crude age-specific 2x2 table; the crude table is used because the correction is illustrative. Non-differential error cannot change the direction of an association; corrected estimates move away from the null in both directions.
broad,0.7,0.98,45,1.20666477619659,,FALSE,,Non-differential recorded-exposure error corrected on the crude age-specific 2x2 table; the crude table is used because the correction is illustrative. Non-differential error cannot change the direction of an association; corrected estimates move away from the null in both directions.
broad,0.7,0.995,15,0.852376330052807,0.805442092635394,TRUE,TRUE,Non-differential recorded-exposure error corrected on the crude age-specific 2x2 table; the crude table is used because the correction is illustrative. Non-differential error cannot change the direction of an association; corrected estimates move away from the null in both directions.
broad,0.7,0.995,16,0.734644151883755,0.679115621785578,TRUE,TRUE,Non-differential recorded-exposure error corrected on the crude age-specific 2x2 table; the crude table is used because the correction is illustrative. Non-differential error cannot change the direction of an association; corrected estimates move away from the null in both directions.
broad,0.7,0.995,17,0.809000276429211,0.780672880344697,TRUE,TRUE,Non-differential recorded-exposure error corrected on the crude age-specific 2x2 table; the crude table is used because the correction is illustrative. Non-differential error cannot change the direction of an association; corrected estimates move away from the null in both directions.
broad,0.7,0.995,18,0.829315016809509,0.81040101837749,TRUE,TRUE,Non-differential recorded-exposure error corrected on the crude age-specific 2x2 table; the crude table is used because the correction is illustrative. Non-differential error cannot change the direction of an association; corrected estimates move away from the null in both directions.
broad,0.7,0.995,19,0.817894034949435,0.799638504240294,TRUE,TRUE,Non-differential recorded-exposure error corrected on the crude age-specific 2x2 table; the crude table is used because the correction is illustrative. Non-differential error cannot change the direction of an association; corrected estimates move away from the null in both directions.
broad,0.7,0.995,20,0.800460690513235,0.781010560324321,TRUE,TRUE,Non-differential recorded-exposure error corrected on the crude age-specific 2x2 table; the crude table is used because the correction is illustrative. Non-differential error cannot change the direction of an association; corrected estimates move away from the null in both directions.
broad,0.7,0.995,21,0.807366190791102,0.788781587731907,TRUE,TRUE,Non-differential recorded-exposure error corrected on the crude age-specific 2x2 table; the crude table is used because the correction is illustrative. Non-differential error cannot change the direction of an association; corrected estimates move away from the null in both directions.
broad,0.7,0.995,22,0.792497605017271,0.772573717732154,TRUE,TRUE,Non-differential recorded-exposure error corrected on the crude age-specific 2x2 table; the crude table is used because the correction is illustrative. Non-differential error cannot change the direction of an association; corrected estimates move away from the null in both directions.
broad,0.7,0.995,23,0.789527204032273,0.769150567197763,TRUE,TRUE,Non-differential recorded-exposure error corrected on the crude age-specific 2x2 table; the crude table is used because the correction is illustrative. Non-differential error cannot change the direction of an association; corrected estimates move away from the null in both directions.
broad,0.7,0.995,24,0.803143287938649,0.783661933994741,TRUE,TRUE,Non-differential recorded-exposure error corrected on the crude age-specific 2x2 table; the crude table is used because the correction is illustrative. Non-differential error cannot change the direction of an association; corrected estimates move away from the null in both directions.
broad,0.7,0.995,25,0.800971546353475,0.780816598180446,TRUE,TRUE,Non-differential recorded-exposure error corrected on the crude age-specific 2x2 table; the crude table is used because the correction is illustrative. Non-differential error cannot change the direction of an association; corrected estimates move away from the null in both directions.
broad,0.7,0.995,26,0.841037710646941,0.824134340719411,TRUE,TRUE,Non-differential recorded-exposure error corrected on the crude age-specific 2x2 table; the crude table is used because the correction is illustrative. Non-differential error cannot change the direction of an association; corrected estimates move away from the null in both directions.
broad,0.7,0.995,27,0.866548434852361,0.851590318663428,TRUE,TRUE,Non-differential recorded-exposure error corrected on the crude age-specific 2x2 table; the crude table is used because the correction is illustrative. Non-differential error cannot change the direction of an association; corrected estimates move away from the null in both directions.
broad,0.7,0.995,28,0.919985599156133,0.910357599114143,TRUE,TRUE,Non-differential recorded-exposure error corrected on the crude age-specific 2x2 table; the crude table is used because the correction is illustrative. Non-differential error cannot change the direction of an association; corrected estimates move away from the null in both directions.
broad,0.7,0.995,29,0.996369544436716,0.995894200886146,TRUE,TRUE,Non-differential recorded-exposure error corrected on the crude age-specific 2x2 table; the crude table is used because the correction is illustrative. Non-differential error cannot change the direction of an association; corrected estimates move away from the null in both directions.
broad,0.7,0.995,30,1.03656220636037,1.04173235471747,TRUE,TRUE,Non-differential recorded-exposure error corrected on the crude age-specific 2x2 table; the crude table is used because the correction is illustrative. Non-differential error cannot change the direction of an association; corrected estimates move away from the null in both directions.
broad,0.7,0.995,31,1.11045372863227,1.12747375304029,TRUE,TRUE,Non-differential recorded-exposure error corrected on the crude age-specific 2x2 table; the crude table is used because the correction is illustrative. Non-differential error cannot change the direction of an association; corrected estimates move away from the null in both directions.
broad,0.7,0.995,32,1.16346772765167,1.1901667566229,TRUE,TRUE,Non-differential recorded-exposure error corrected on the crude age-specific 2x2 table; the crude table is used because the correction is illustrative. Non-differential error cannot change the direction of an association; corrected estimates move away from the null in both directions.
broad,0.7,0.995,33,1.2250356765036,1.2635163974299,TRUE,TRUE,Non-differential recorded-exposure error corrected on the crude age-specific 2x2 table; the crude table is used because the correction is illustrative. Non-differential error cannot change the direction of an association; corrected estimates move away from the null in both directions.
broad,0.7,0.995,34,1.26840165897493,1.31636089205179,TRUE,TRUE,Non-differential recorded-exposure error corrected on the crude age-specific 2x2 table; the crude table is used because the correction is illustrative. Non-differential error cannot change the direction of an association; corrected estimates move away from the null in both directions.
broad,0.7,0.995,35,1.32525571045333,1.38557437180328,TRUE,TRUE,Non-differential recorded-exposure error corrected on the crude age-specific 2x2 table; the crude table is used because the correction is illustrative. Non-differential error cannot change the direction of an association; corrected estimates move away from the null in both directions.
broad,0.7,0.995,36,1.33689179782057,1.3990847611135,TRUE,TRUE,Non-differential recorded-exposure error corrected on the crude age-specific 2x2 table; the crude table is used because the correction is illustrative. Non-differential error cannot change the direction of an association; corrected estimates move away from the null in both directions.
broad,0.7,0.995,37,1.36183325842629,1.42928116959639,TRUE,TRUE,Non-differential recorded-exposure error corrected on the crude age-specific 2x2 table; the crude table is used because the correction is illustrative. Non-differential error cannot change the direction of an association; corrected estimates move away from the null in both directions.
broad,0.7,0.995,38,1.42371140610547,1.5039946928709,TRUE,TRUE,Non-differential recorded-exposure error corrected on the crude age-specific 2x2 table; the crude table is used because the correction is illustrative. Non-differential error cannot change the direction of an association; corrected estimates move away from the null in both directions.
broad,0.7,0.995,39,1.39949126439789,1.47593641420802,TRUE,TRUE,Non-differential recorded-exposure error corrected on the crude age-specific 2x2 table; the crude table is used because the correction is illustrative. Non-differential error cannot change the direction of an association; corrected estimates move away from the null in both directions.
broad,0.7,0.995,40,1.40004147564677,1.47854832310134,TRUE,TRUE,Non-differential recorded-exposure error corrected on the crude age-specific 2x2 table; the crude table is used because the correction is illustrative. Non-differential error cannot change the direction of an association; corrected estimates move away from the null in both directions.
broad,0.7,0.995,41,1.39676858630228,1.47670858284567,TRUE,TRUE,Non-differential recorded-exposure error corrected on the crude age-specific 2x2 table; the crude table is used because the correction is illustrative. Non-differential error cannot change the direction of an association; corrected estimates move away from the null in both directions.
broad,0.7,0.995,42,1.4733721649212,1.57533675194958,TRUE,TRUE,Non-differential recorded-exposure error corrected on the crude age-specific 2x2 table; the crude table is used because the correction is illustrative. Non-differential error cannot change the direction of an association; corrected estimates move away from the null in both directions.
broad,0.7,0.995,43,1.336155849485,1.41974626936732,TRUE,TRUE,Non-differential recorded-exposure error corrected on the crude age-specific 2x2 table; the crude table is used because the correction is illustrative. Non-differential error cannot change the direction of an association; corrected estimates move away from the null in both directions.
broad,0.7,0.995,44,1.48608703792864,1.61594927716552,TRUE,TRUE,Non-differential recorded-exposure error corrected on the crude age-specific 2x2 table; the crude table is used because the correction is illustrative. Non-differential error cannot change the direction of an association; corrected estimates move away from the null in both directions.
broad,0.7,0.995,45,1.20666477619659,1.28510127824656,TRUE,TRUE,Non-differential recorded-exposure error corrected on the crude age-specific 2x2 table; the crude table is used because the correction is illustrative. Non-differential error cannot change the direction of an association; corrected estimates move away from the null in both directions.
broad,0.7,1,15,0.852376330052807,0.85122377049564,TRUE,TRUE,Non-differential recorded-exposure error corrected on the crude age-specific 2x2 table; the crude table is used because the correction is illustrative. Non-differential error cannot change the direction of an association; corrected estimates move away from the null in both directions.
broad,0.7,1,16,0.734644151883755,0.732105125047079,TRUE,TRUE,Non-differential recorded-exposure error corrected on the crude age-specific 2x2 table; the crude table is used because the correction is illustrative. Non-differential error cannot change the direction of an association; corrected estimates move away from the null in both directions.
broad,0.7,1,17,0.809000276429211,0.806138121088983,TRUE,TRUE,Non-differential recorded-exposure error corrected on the crude age-specific 2x2 table; the crude table is used because the correction is illustrative. Non-differential error cannot change the direction of an association; corrected estimates move away from the null in both directions.
broad,0.7,1,18,0.829315016809509,0.825495197497052,TRUE,TRUE,Non-differential recorded-exposure error corrected on the crude age-specific 2x2 table; the crude table is used because the correction is illustrative. Non-differential error cannot change the direction of an association; corrected estimates move away from the null in both directions.
broad,0.7,1,19,0.817894034949435,0.813157260631137,TRUE,TRUE,Non-differential recorded-exposure error corrected on the crude age-specific 2x2 table; the crude table is used because the correction is illustrative. Non-differential error cannot change the direction of an association; corrected estimates move away from the null in both directions.
broad,0.7,1,20,0.800460690513235,0.795161140531656,TRUE,TRUE,Non-differential recorded-exposure error corrected on the crude age-specific 2x2 table; the crude table is used because the correction is illustrative. Non-differential error cannot change the direction of an association; corrected estimates move away from the null in both directions.
broad,0.7,1,21,0.807366190791102,0.802063045974699,TRUE,TRUE,Non-differential recorded-exposure error corrected on the crude age-specific 2x2 table; the crude table is used because the correction is illustrative. Non-differential error cannot change the direction of an association; corrected estimates move away from the null in both directions.
broad,0.7,1,22,0.792497605017271,0.786905139296779,TRUE,TRUE,Non-differential recorded-exposure error corrected on the crude age-specific 2x2 table; the crude table is used because the correction is illustrative. Non-differential error cannot change the direction of an association; corrected estimates move away from the null in both directions.
broad,0.7,1,23,0.789527204032273,0.783985291400252,TRUE,TRUE,Non-differential recorded-exposure error corrected on the crude age-specific 2x2 table; the crude table is used because the correction is illustrative. Non-differential error cannot change the direction of an association; corrected estimates move away from the null in both directions.
broad,0.7,1,24,0.803143287938649,0.798042456804338,TRUE,TRUE,Non-differential recorded-exposure error corrected on the crude age-specific 2x2 table; the crude table is used because the correction is illustrative. Non-differential error cannot change the direction of an association; corrected estimates move away from the null in both directions.
broad,0.7,1,25,0.800971546353475,0.796052136697498,TRUE,TRUE,Non-differential recorded-exposure error corrected on the crude age-specific 2x2 table; the crude table is used because the correction is illustrative. Non-differential error cannot change the direction of an association; corrected estimates move away from the null in both directions.
broad,0.7,1,26,0.841037710646941,0.83715981099328,TRUE,TRUE,Non-differential recorded-exposure error corrected on the crude age-specific 2x2 table; the crude table is used because the correction is illustrative. Non-differential error cannot change the direction of an association; corrected estimates move away from the null in both directions.
broad,0.7,1,27,0.866548434852361,0.863431524328086,TRUE,TRUE,Non-differential recorded-exposure error corrected on the crude age-specific 2x2 table; the crude table is used because the correction is illustrative. Non-differential error cannot change the direction of an association; corrected estimates move away from the null in both directions.
broad,0.7,1,28,0.919985599156133,0.918165065384899,TRUE,TRUE,Non-differential recorded-exposure error corrected on the crude age-specific 2x2 table; the crude table is used because the correction is illustrative. Non-differential error cannot change the direction of an association; corrected estimates move away from the null in both directions.
broad,0.7,1,29,0.996369544436716,0.996288193589216,TRUE,TRUE,Non-differential recorded-exposure error corrected on the crude age-specific 2x2 table; the crude table is used because the correction is illustrative. Non-differential error cannot change the direction of an association; corrected estimates move away from the null in both directions.
broad,0.7,1,30,1.03656220636037,1.03733993698897,TRUE,TRUE,Non-differential recorded-exposure error corrected on the crude age-specific 2x2 table; the crude table is used because the correction is illustrative. Non-differential error cannot change the direction of an association; corrected estimates move away from the null in both directions.
broad,0.7,1,31,1.11045372863227,1.11275039864971,TRUE,TRUE,Non-differential recorded-exposure error corrected on the crude age-specific 2x2 table; the crude table is used because the correction is illustrative. Non-differential error cannot change the direction of an association; corrected estimates move away from the null in both directions.
broad,0.7,1,32,1.16346772765167,1.16682100483893,TRUE,TRUE,Non-differential recorded-exposure error corrected on the crude age-specific 2x2 table; the crude table is used because the correction is illustrative. Non-differential error cannot change the direction of an association; corrected estimates move away from the null in both directions.
broad,0.7,1,33,1.2250356765036,1.22968811327234,TRUE,TRUE,Non-differential recorded-exposure error corrected on the crude age-specific 2x2 table; the crude table is used because the correction is illustrative. Non-differential error cannot change the direction of an association; corrected estimates move away from the null in both directions.
broad,0.7,1,34,1.26840165897493,1.27389983911928,TRUE,TRUE,Non-differential recorded-exposure error corrected on the crude age-specific 2x2 table; the crude table is used because the correction is illustrative. Non-differential error cannot change the direction of an association; corrected estimates move away from the null in both directions.
broad,0.7,1,35,1.32525571045333,1.33198305758139,TRUE,TRUE,Non-differential recorded-exposure error corrected on the crude age-specific 2x2 table; the crude table is used because the correction is illustrative. Non-differential error cannot change the direction of an association; corrected estimates move away from the null in both directions.
broad,0.7,1,36,1.33689179782057,1.34396738020975,TRUE,TRUE,Non-differential recorded-exposure error corrected on the crude age-specific 2x2 table; the crude table is used because the correction is illustrative. Non-differential error cannot change the direction of an association; corrected estimates move away from the null in both directions.
broad,0.7,1,37,1.36183325842629,1.36951517270102,TRUE,TRUE,Non-differential recorded-exposure error corrected on the crude age-specific 2x2 table; the crude table is used because the correction is illustrative. Non-differential error cannot change the direction of an association; corrected estimates move away from the null in both directions.
broad,0.7,1,38,1.42371140610547,1.43301670040026,TRUE,TRUE,Non-differential recorded-exposure error corrected on the crude age-specific 2x2 table; the crude table is used because the correction is illustrative. Non-differential error cannot change the direction of an association; corrected estimates move away from the null in both directions.
broad,0.7,1,39,1.39949126439789,1.40799543853101,TRUE,TRUE,Non-differential recorded-exposure error corrected on the crude age-specific 2x2 table; the crude table is used because the correction is illustrative. Non-differential error cannot change the direction of an association; corrected estimates move away from the null in both directions.
broad,0.7,1,40,1.40004147564677,1.40832812747648,TRUE,TRUE,Non-differential recorded-exposure error corrected on the crude age-specific 2x2 table; the crude table is used because the correction is illustrative. Non-differential error cannot change the direction of an association; corrected estimates move away from the null in both directions.
broad,0.7,1,41,1.39676858630228,1.40473614454498,TRUE,TRUE,Non-differential recorded-exposure error corrected on the crude age-specific 2x2 table; the crude table is used because the correction is illustrative. Non-differential error cannot change the direction of an association; corrected estimates move away from the null in both directions.
broad,0.7,1,42,1.4733721649212,1.48278996778494,TRUE,TRUE,Non-differential recorded-exposure error corrected on the crude age-specific 2x2 table; the crude table is used because the correction is illustrative. Non-differential error cannot change the direction of an association; corrected estimates move away from the null in both directions.
broad,0.7,1,43,1.336155849485,1.34136760361482,TRUE,TRUE,Non-differential recorded-exposure error corrected on the crude age-specific 2x2 table; the crude table is used because the correction is illustrative. Non-differential error cannot change the direction of an association; corrected estimates move away from the null in both directions.
broad,0.7,1,44,1.48608703792864,1.49400387560775,TRUE,TRUE,Non-differential recorded-exposure error corrected on the crude age-specific 2x2 table; the crude table is used because the correction is illustrative. Non-differential error cannot change the direction of an association; corrected estimates move away from the null in both directions.
broad,0.7,1,45,1.20666477619659,1.20867592639609,TRUE,TRUE,Non-differential recorded-exposure error corrected on the crude age-specific 2x2 table; the crude table is used because the correction is illustrative. Non-differential error cannot change the direction of an association; corrected estimates move away from the null in both directions.
broad,0.8,0.98,15,0.852376330052807,,FALSE,,Non-differential recorded-exposure error corrected on the crude age-specific 2x2 table; the crude table is used because the correction is illustrative. Non-differential error cannot change the direction of an association; corrected estimates move away from the null in both directions.
broad,0.8,0.98,16,0.734644151883755,0.175673568431066,TRUE,TRUE,Non-differential recorded-exposure error corrected on the crude age-specific 2x2 table; the crude table is used because the correction is illustrative. Non-differential error cannot change the direction of an association; corrected estimates move away from the null in both directions.
broad,0.8,0.98,17,0.809000276429211,0.631913124767031,TRUE,TRUE,Non-differential recorded-exposure error corrected on the crude age-specific 2x2 table; the crude table is used because the correction is illustrative. Non-differential error cannot change the direction of an association; corrected estimates move away from the null in both directions.
broad,0.8,0.98,18,0.829315016809509,0.74274242039139,TRUE,TRUE,Non-differential recorded-exposure error corrected on the crude age-specific 2x2 table; the crude table is used because the correction is illustrative. Non-differential error cannot change the direction of an association; corrected estimates move away from the null in both directions.
broad,0.8,0.98,19,0.817894034949435,0.743814631637924,TRUE,TRUE,Non-differential recorded-exposure error corrected on the crude age-specific 2x2 table; the crude table is used because the correction is illustrative. Non-differential error cannot change the direction of an association; corrected estimates move away from the null in both directions.
broad,0.8,0.98,20,0.800460690513235,0.723655869809137,TRUE,TRUE,Non-differential recorded-exposure error corrected on the crude age-specific 2x2 table; the crude table is used because the correction is illustrative. Non-differential error cannot change the direction of an association; corrected estimates move away from the null in both directions.
broad,0.8,0.98,21,0.807366190791102,0.735625905611034,TRUE,TRUE,Non-differential recorded-exposure error corrected on the crude age-specific 2x2 table; the crude table is used because the correction is illustrative. Non-differential error cannot change the direction of an association; corrected estimates move away from the null in both directions.
broad,0.8,0.98,22,0.792497605017271,0.715100071983678,TRUE,TRUE,Non-differential recorded-exposure error corrected on the crude age-specific 2x2 table; the crude table is used because the correction is illustrative. Non-differential error cannot change the direction of an association; corrected estimates move away from the null in both directions.
broad,0.8,0.98,23,0.789527204032273,0.709126939499088,TRUE,TRUE,Non-differential recorded-exposure error corrected on the crude age-specific 2x2 table; the crude table is used because the correction is illustrative. Non-differential error cannot change the direction of an association; corrected estimates move away from the null in both directions.
broad,0.8,0.98,24,0.803143287938649,0.724632523064654,TRUE,TRUE,Non-differential recorded-exposure error corrected on the crude age-specific 2x2 table; the crude table is used because the correction is illustrative. Non-differential error cannot change the direction of an association; corrected estimates move away from the null in both directions.
broad,0.8,0.98,25,0.800971546353475,0.716954491311343,TRUE,TRUE,Non-differential recorded-exposure error corrected on the crude age-specific 2x2 table; the crude table is used because the correction is illustrative. Non-differential error cannot change the direction of an association; corrected estimates move away from the null in both directions.
broad,0.8,0.98,26,0.841037710646941,0.767938818757071,TRUE,TRUE,Non-differential recorded-exposure error corrected on the crude age-specific 2x2 table; the crude table is used because the correction is illustrative. Non-differential error cannot change the direction of an association; corrected estimates move away from the null in both directions.
broad,0.8,0.98,27,0.866548434852361,0.798534707708905,TRUE,TRUE,Non-differential recorded-exposure error corrected on the crude age-specific 2x2 table; the crude table is used because the correction is illustrative. Non-differential error cannot change the direction of an association; corrected estimates move away from the null in both directions.
broad,0.8,0.98,28,0.919985599156133,0.873644422313642,TRUE,TRUE,Non-differential recorded-exposure error corrected on the crude age-specific 2x2 table; the crude table is used because the correction is illustrative. Non-differential error cannot change the direction of an association; corrected estimates move away from the null in both directions.
broad,0.8,0.98,29,0.996369544436716,0.99392622087144,TRUE,TRUE,Non-differential recorded-exposure error corrected on the crude age-specific 2x2 table; the crude table is used because the correction is illustrative. Non-differential error cannot change the direction of an association; corrected estimates move away from the null in both directions.
broad,0.8,0.98,30,1.03656220636037,1.06520566139682,TRUE,TRUE,Non-differential recorded-exposure error corrected on the crude age-specific 2x2 table; the crude table is used because the correction is illustrative. Non-differential error cannot change the direction of an association; corrected estimates move away from the null in both directions.
broad,0.8,0.98,31,1.11045372863227,1.21256528885936,TRUE,TRUE,Non-differential recorded-exposure error corrected on the crude age-specific 2x2 table; the crude table is used because the correction is illustrative. Non-differential error cannot change the direction of an association; corrected estimates move away from the null in both directions.
broad,0.8,0.98,32,1.16346772765167,1.3332909927652,TRUE,TRUE,Non-differential recorded-exposure error corrected on the crude age-specific 2x2 table; the crude table is used because the correction is illustrative. Non-differential error cannot change the direction of an association; corrected estimates move away from the null in both directions.
broad,0.8,0.98,33,1.2250356765036,1.48100170116711,TRUE,TRUE,Non-differential recorded-exposure error corrected on the crude age-specific 2x2 table; the crude table is used because the correction is illustrative. Non-differential error cannot change the direction of an association; corrected estimates move away from the null in both directions.
broad,0.8,0.98,34,1.26840165897493,1.60400406495627,TRUE,TRUE,Non-differential recorded-exposure error corrected on the crude age-specific 2x2 table; the crude table is used because the correction is illustrative. Non-differential error cannot change the direction of an association; corrected estimates move away from the null in both directions.
broad,0.8,0.98,35,1.32525571045333,1.76511692082289,TRUE,TRUE,Non-differential recorded-exposure error corrected on the crude age-specific 2x2 table; the crude table is used because the correction is illustrative. Non-differential error cannot change the direction of an association; corrected estimates move away from the null in both directions.
broad,0.8,0.98,36,1.33689179782057,1.78607228307347,TRUE,TRUE,Non-differential recorded-exposure error corrected on the crude age-specific 2x2 table; the crude table is used because the correction is illustrative. Non-differential error cannot change the direction of an association; corrected estimates move away from the null in both directions.
broad,0.8,0.98,37,1.36183325842629,1.85330322495416,TRUE,TRUE,Non-differential recorded-exposure error corrected on the crude age-specific 2x2 table; the crude table is used because the correction is illustrative. Non-differential error cannot change the direction of an association; corrected estimates move away from the null in both directions.
broad,0.8,0.98,38,1.42371140610547,2.01512643127261,TRUE,TRUE,Non-differential recorded-exposure error corrected on the crude age-specific 2x2 table; the crude table is used because the correction is illustrative. Non-differential error cannot change the direction of an association; corrected estimates move away from the null in both directions.
broad,0.8,0.98,39,1.39949126439789,1.97478320582476,TRUE,TRUE,Non-differential recorded-exposure error corrected on the crude age-specific 2x2 table; the crude table is used because the correction is illustrative. Non-differential error cannot change the direction of an association; corrected estimates move away from the null in both directions.
broad,0.8,0.98,40,1.40004147564677,2.01552835228109,TRUE,TRUE,Non-differential recorded-exposure error corrected on the crude age-specific 2x2 table; the crude table is used because the correction is illustrative. Non-differential error cannot change the direction of an association; corrected estimates move away from the null in both directions.
broad,0.8,0.98,41,1.39676858630228,2.05247684035139,TRUE,TRUE,Non-differential recorded-exposure error corrected on the crude age-specific 2x2 table; the crude table is used because the correction is illustrative. Non-differential error cannot change the direction of an association; corrected estimates move away from the null in both directions.
broad,0.8,0.98,42,1.4733721649212,2.40364877889928,TRUE,TRUE,Non-differential recorded-exposure error corrected on the crude age-specific 2x2 table; the crude table is used because the correction is illustrative. Non-differential error cannot change the direction of an association; corrected estimates move away from the null in both directions.
broad,0.8,0.98,43,1.336155849485,2.43875831844596,TRUE,TRUE,Non-differential recorded-exposure error corrected on the crude age-specific 2x2 table; the crude table is used because the correction is illustrative. Non-differential error cannot change the direction of an association; corrected estimates move away from the null in both directions.
broad,0.8,0.98,44,1.48608703792864,3.58365731676648,TRUE,TRUE,Non-differential recorded-exposure error corrected on the crude age-specific 2x2 table; the crude table is used because the correction is illustrative. Non-differential error cannot change the direction of an association; corrected estimates move away from the null in both directions.
broad,0.8,0.98,45,1.20666477619659,,FALSE,,Non-differential recorded-exposure error corrected on the crude age-specific 2x2 table; the crude table is used because the correction is illustrative. Non-differential error cannot change the direction of an association; corrected estimates move away from the null in both directions.
broad,0.8,0.995,15,0.852376330052807,0.805898560026459,TRUE,TRUE,Non-differential recorded-exposure error corrected on the crude age-specific 2x2 table; the crude table is used because the correction is illustrative. Non-differential error cannot change the direction of an association; corrected estimates move away from the null in both directions.
broad,0.8,0.995,16,0.734644151883755,0.680102432941261,TRUE,TRUE,Non-differential recorded-exposure error corrected on the crude age-specific 2x2 table; the crude table is used because the correction is illustrative. Non-differential error cannot change the direction of an association; corrected estimates move away from the null in both directions.
broad,0.8,0.995,17,0.809000276429211,0.781837805579477,TRUE,TRUE,Non-differential recorded-exposure error corrected on the crude age-specific 2x2 table; the crude table is used because the correction is illustrative. Non-differential error cannot change the direction of an association; corrected estimates move away from the null in both directions.
broad,0.8,0.995,18,0.829315016809509,0.811983716769471,TRUE,TRUE,Non-differential recorded-exposure error corrected on the crude age-specific 2x2 table; the crude table is used because the correction is illustrative. Non-differential error cannot change the direction of an association; corrected estimates move away from the null in both directions.
broad,0.8,0.995,19,0.817894034949435,0.801608481079225,TRUE,TRUE,Non-differential recorded-exposure error corrected on the crude age-specific 2x2 table; the crude table is used because the correction is illustrative. Non-differential error cannot change the direction of an association; corrected estimates move away from the null in both directions.
broad,0.8,0.995,20,0.800460690513235,0.783212643873116,TRUE,TRUE,Non-differential recorded-exposure error corrected on the crude age-specific 2x2 table; the crude table is used because the correction is illustrative. Non-differential error cannot change the direction of an association; corrected estimates move away from the null in both directions.
broad,0.8,0.995,21,0.807366190791102,0.790989142911405,TRUE,TRUE,Non-differential recorded-exposure error corrected on the crude age-specific 2x2 table; the crude table is used because the correction is illustrative. Non-differential error cannot change the direction of an association; corrected estimates move away from the null in both directions.
broad,0.8,0.995,22,0.792497605017271,0.774897041169845,TRUE,TRUE,Non-differential recorded-exposure error corrected on the crude age-specific 2x2 table; the crude table is used because the correction is illustrative. Non-differential error cannot change the direction of an association; corrected estimates move away from the null in both directions.
broad,0.8,0.995,23,0.789527204032273,0.771450422276006,TRUE,TRUE,Non-differential recorded-exposure error corrected on the crude age-specific 2x2 table; the crude table is used because the correction is illustrative. Non-differential error cannot change the direction of an association; corrected estimates move away from the null in both directions.
broad,0.8,0.995,24,0.803143287938649,0.785780190842181,TRUE,TRUE,Non-differential recorded-exposure error corrected on the crude age-specific 2x2 table; the crude table is used because the correction is illustrative. Non-differential error cannot change the direction of an association; corrected estimates move away from the null in both directions.
broad,0.8,0.995,25,0.800971546353475,0.782855815101473,TRUE,TRUE,Non-differential recorded-exposure error corrected on the crude age-specific 2x2 table; the crude table is used because the correction is illustrative. Non-differential error cannot change the direction of an association; corrected estimates move away from the null in both directions.
broad,0.8,0.995,26,0.841037710646941,0.82574739989366,TRUE,TRUE,Non-differential recorded-exposure error corrected on the crude age-specific 2x2 table; the crude table is used because the correction is illustrative. Non-differential error cannot change the direction of an association; corrected estimates move away from the null in both directions.
broad,0.8,0.995,27,0.866548434852361,0.852888504004455,TRUE,TRUE,Non-differential recorded-exposure error corrected on the crude age-specific 2x2 table; the crude table is used because the correction is illustrative. Non-differential error cannot change the direction of an association; corrected estimates move away from the null in both directions.
broad,0.8,0.995,28,0.919985599156133,0.91111959304964,TRUE,TRUE,Non-differential recorded-exposure error corrected on the crude age-specific 2x2 table; the crude table is used because the correction is illustrative. Non-differential error cannot change the direction of an association; corrected estimates move away from the null in both directions.
broad,0.8,0.995,29,0.996369544436716,0.995928522462099,TRUE,TRUE,Non-differential recorded-exposure error corrected on the crude age-specific 2x2 table; the crude table is used because the correction is illustrative. Non-differential error cannot change the direction of an association; corrected estimates move away from the null in both directions.
broad,0.8,0.995,30,1.03656220636037,1.04140292561432,TRUE,TRUE,Non-differential recorded-exposure error corrected on the crude age-specific 2x2 table; the crude table is used because the correction is illustrative. Non-differential error cannot change the direction of an association; corrected estimates move away from the null in both directions.
broad,0.8,0.995,31,1.11045372863227,1.12649248574662,TRUE,TRUE,Non-differential recorded-exposure error corrected on the crude age-specific 2x2 table; the crude table is used because the correction is illustrative. Non-differential error cannot change the direction of an association; corrected estimates move away from the null in both directions.
broad,0.8,0.995,32,1.16346772765167,1.18872469357252,TRUE,TRUE,Non-differential recorded-exposure error corrected on the crude age-specific 2x2 table; the crude table is used because the correction is illustrative. Non-differential error cannot change the direction of an association; corrected estimates move away from the null in both directions.
broad,0.8,0.995,33,1.2250356765036,1.26150073784984,TRUE,TRUE,Non-differential recorded-exposure error corrected on the crude age-specific 2x2 table; the crude table is used because the correction is illustrative. Non-differential error cannot change the direction of an association; corrected estimates move away from the null in both directions.
broad,0.8,0.995,34,1.26840165897493,1.31396557581738,TRUE,TRUE,Non-differential recorded-exposure error corrected on the crude age-specific 2x2 table; the crude table is used because the correction is illustrative. Non-differential error cannot change the direction of an association; corrected estimates move away from the null in both directions.
broad,0.8,0.995,35,1.32525571045333,1.38262365178568,TRUE,TRUE,Non-differential recorded-exposure error corrected on the crude age-specific 2x2 table; the crude table is used because the correction is illustrative. Non-differential error cannot change the direction of an association; corrected estimates move away from the null in both directions.
broad,0.8,0.995,36,1.33689179782057,1.39597842055429,TRUE,TRUE,Non-differential recorded-exposure error corrected on the crude age-specific 2x2 table; the crude table is used because the correction is illustrative. Non-differential error cannot change the direction of an association; corrected estimates move away from the null in both directions.
broad,0.8,0.995,37,1.36183325842629,1.42589968097602,TRUE,TRUE,Non-differential recorded-exposure error corrected on the crude age-specific 2x2 table; the crude table is used because the correction is illustrative. Non-differential error cannot change the direction of an association; corrected estimates move away from the null in both directions.
broad,0.8,0.995,38,1.42371140610547,1.49987378942013,TRUE,TRUE,Non-differential recorded-exposure error corrected on the crude age-specific 2x2 table; the crude table is used because the correction is illustrative. Non-differential error cannot change the direction of an association; corrected estimates move away from the null in both directions.
broad,0.8,0.995,39,1.39949126439789,1.47217630721338,TRUE,TRUE,Non-differential recorded-exposure error corrected on the crude age-specific 2x2 table; the crude table is used because the correction is illustrative. Non-differential error cannot change the direction of an association; corrected estimates move away from the null in both directions.
broad,0.8,0.995,40,1.40004147564677,1.47487996714902,TRUE,TRUE,Non-differential recorded-exposure error corrected on the crude age-specific 2x2 table; the crude table is used because the correction is illustrative. Non-differential error cannot change the direction of an association; corrected estimates move away from the null in both directions.
broad,0.8,0.995,41,1.39676858630228,1.47317813276469,TRUE,TRUE,Non-differential recorded-exposure error corrected on the crude age-specific 2x2 table; the crude table is used because the correction is illustrative. Non-differential error cannot change the direction of an association; corrected estimates move away from the null in both directions.
broad,0.8,0.995,42,1.4733721649212,1.57111976424253,TRUE,TRUE,Non-differential recorded-exposure error corrected on the crude age-specific 2x2 table; the crude table is used because the correction is illustrative. Non-differential error cannot change the direction of an association; corrected estimates move away from the null in both directions.
broad,0.8,0.995,43,1.336155849485,1.41742716275016,TRUE,TRUE,Non-differential recorded-exposure error corrected on the crude age-specific 2x2 table; the crude table is used because the correction is illustrative. Non-differential error cannot change the direction of an association; corrected estimates move away from the null in both directions.
broad,0.8,0.995,44,1.48608703792864,1.61234767646164,TRUE,TRUE,Non-differential recorded-exposure error corrected on the crude age-specific 2x2 table; the crude table is used because the correction is illustrative. Non-differential error cannot change the direction of an association; corrected estimates move away from the null in both directions.
broad,0.8,0.995,45,1.20666477619659,1.28420527572864,TRUE,TRUE,Non-differential recorded-exposure error corrected on the crude age-specific 2x2 table; the crude table is used because the correction is illustrative. Non-differential error cannot change the direction of an association; corrected estimates move away from the null in both directions.
broad,0.8,1,15,0.852376330052807,0.851706183691179,TRUE,TRUE,Non-differential recorded-exposure error corrected on the crude age-specific 2x2 table; the crude table is used because the correction is illustrative. Non-differential error cannot change the direction of an association; corrected estimates move away from the null in both directions.
broad,0.8,1,16,0.734644151883755,0.733168934332794,TRUE,TRUE,Non-differential recorded-exposure error corrected on the crude age-specific 2x2 table; the crude table is used because the correction is illustrative. Non-differential error cannot change the direction of an association; corrected estimates move away from the null in both directions.
broad,0.8,1,17,0.809000276429211,0.807341045724409,TRUE,TRUE,Non-differential recorded-exposure error corrected on the crude age-specific 2x2 table; the crude table is used because the correction is illustrative. Non-differential error cannot change the direction of an association; corrected estimates move away from the null in both directions.
broad,0.8,1,18,0.829315016809509,0.827107374545253,TRUE,TRUE,Non-differential recorded-exposure error corrected on the crude age-specific 2x2 table; the crude table is used because the correction is illustrative. Non-differential error cannot change the direction of an association; corrected estimates move away from the null in both directions.
broad,0.8,1,19,0.817894034949435,0.815160542065631,TRUE,TRUE,Non-differential recorded-exposure error corrected on the crude age-specific 2x2 table; the crude table is used because the correction is illustrative. Non-differential error cannot change the direction of an association; corrected estimates move away from the null in both directions.
broad,0.8,1,20,0.800460690513235,0.797403122081149,TRUE,TRUE,Non-differential recorded-exposure error corrected on the crude age-specific 2x2 table; the crude table is used because the correction is illustrative. Non-differential error cannot change the direction of an association; corrected estimates move away from the null in both directions.
broad,0.8,1,21,0.807366190791102,0.804307771839202,TRUE,TRUE,Non-differential recorded-exposure error corrected on the crude age-specific 2x2 table; the crude table is used because the correction is illustrative. Non-differential error cannot change the direction of an association; corrected estimates move away from the null in both directions.
broad,0.8,1,22,0.792497605017271,0.78927156092284,TRUE,TRUE,Non-differential recorded-exposure error corrected on the crude age-specific 2x2 table; the crude table is used because the correction is illustrative. Non-differential error cannot change the direction of an association; corrected estimates move away from the null in both directions.
broad,0.8,1,23,0.789527204032273,0.78632950413387,TRUE,TRUE,Non-differential recorded-exposure error corrected on the crude age-specific 2x2 table; the crude table is used because the correction is illustrative. Non-differential error cannot change the direction of an association; corrected estimates move away from the null in both directions.
broad,0.8,1,24,0.803143287938649,0.800199584546981,TRUE,TRUE,Non-differential recorded-exposure error corrected on the crude age-specific 2x2 table; the crude table is used because the correction is illustrative. Non-differential error cannot change the direction of an association; corrected estimates move away from the null in both directions.
broad,0.8,1,25,0.800971546353475,0.798131143459081,TRUE,TRUE,Non-differential recorded-exposure error corrected on the crude age-specific 2x2 table; the crude table is used because the correction is illustrative. Non-differential error cannot change the direction of an association; corrected estimates move away from the null in both directions.
broad,0.8,1,26,0.841037710646941,0.838798364620661,TRUE,TRUE,Non-differential recorded-exposure error corrected on the crude age-specific 2x2 table; the crude table is used because the correction is illustrative. Non-differential error cannot change the direction of an association; corrected estimates move away from the null in both directions.
broad,0.8,1,27,0.866548434852361,0.864747760695854,TRUE,TRUE,Non-differential recorded-exposure error corrected on the crude age-specific 2x2 table; the crude table is used because the correction is illustrative. Non-differential error cannot change the direction of an association; corrected estimates move away from the null in both directions.
broad,0.8,1,28,0.919985599156133,0.918933594380855,TRUE,TRUE,Non-differential recorded-exposure error corrected on the crude age-specific 2x2 table; the crude table is used because the correction is illustrative. Non-differential error cannot change the direction of an association; corrected estimates move away from the null in both directions.
broad,0.8,1,29,0.996369544436716,0.996322528743369,TRUE,TRUE,Non-differential recorded-exposure error corrected on the crude age-specific 2x2 table; the crude table is used because the correction is illustrative. Non-differential error cannot change the direction of an association; corrected estimates move away from the null in both directions.
broad,0.8,1,30,1.03656220636037,1.03701189690886,TRUE,TRUE,Non-differential recorded-exposure error corrected on the crude age-specific 2x2 table; the crude table is used because the correction is illustrative. Non-differential error cannot change the direction of an association; corrected estimates move away from the null in both directions.
broad,0.8,1,31,1.11045372863227,1.11178194544247,TRUE,TRUE,Non-differential recorded-exposure error corrected on the crude age-specific 2x2 table; the crude table is used because the correction is illustrative. Non-differential error cannot change the direction of an association; corrected estimates move away from the null in both directions.
broad,0.8,1,32,1.16346772765167,1.16540722861965,TRUE,TRUE,Non-differential recorded-exposure error corrected on the crude age-specific 2x2 table; the crude table is used because the correction is illustrative. Non-differential error cannot change the direction of an association; corrected estimates move away from the null in both directions.
broad,0.8,1,33,1.2250356765036,1.2277264192009,TRUE,TRUE,Non-differential recorded-exposure error corrected on the crude age-specific 2x2 table; the crude table is used because the correction is illustrative. Non-differential error cannot change the direction of an association; corrected estimates move away from the null in both directions.
broad,0.8,1,34,1.26840165897493,1.27158178714426,TRUE,TRUE,Non-differential recorded-exposure error corrected on the crude age-specific 2x2 table; the crude table is used because the correction is illustrative. Non-differential error cannot change the direction of an association; corrected estimates move away from the null in both directions.
broad,0.8,1,35,1.32525571045333,1.32914646565887,TRUE,TRUE,Non-differential recorded-exposure error corrected on the crude age-specific 2x2 table; the crude table is used because the correction is illustrative. Non-differential error cannot change the direction of an association; corrected estimates move away from the null in both directions.
broad,0.8,1,36,1.33689179782057,1.34098341490654,TRUE,TRUE,Non-differential recorded-exposure error corrected on the crude age-specific 2x2 table; the crude table is used because the correction is illustrative. Non-differential error cannot change the direction of an association; corrected estimates move away from the null in both directions.
broad,0.8,1,37,1.36183325842629,1.36627508245816,TRUE,TRUE,Non-differential recorded-exposure error corrected on the crude age-specific 2x2 table; the crude table is used because the correction is illustrative. Non-differential error cannot change the direction of an association; corrected estimates move away from the null in both directions.
broad,0.8,1,38,1.42371140610547,1.42909027466639,TRUE,TRUE,Non-differential recorded-exposure error corrected on the crude age-specific 2x2 table; the crude table is used because the correction is illustrative. Non-differential error cannot change the direction of an association; corrected estimates move away from the null in both directions.
broad,0.8,1,39,1.39949126439789,1.40440841849012,TRUE,TRUE,Non-differential recorded-exposure error corrected on the crude age-specific 2x2 table; the crude table is used because the correction is illustrative. Non-differential error cannot change the direction of an association; corrected estimates move away from the null in both directions.
broad,0.8,1,40,1.40004147564677,1.40483399151316,TRUE,TRUE,Non-differential recorded-exposure error corrected on the crude age-specific 2x2 table; the crude table is used because the correction is illustrative. Non-differential error cannot change the direction of an association; corrected estimates move away from the null in both directions.
broad,0.8,1,41,1.39676858630228,1.4013777630113,TRUE,TRUE,Non-differential recorded-exposure error corrected on the crude age-specific 2x2 table; the crude table is used because the correction is illustrative. Non-differential error cannot change the direction of an association; corrected estimates move away from the null in both directions.
broad,0.8,1,42,1.4733721649212,1.47882071672891,TRUE,TRUE,Non-differential recorded-exposure error corrected on the crude age-specific 2x2 table; the crude table is used because the correction is illustrative. Non-differential error cannot change the direction of an association; corrected estimates move away from the null in both directions.
broad,0.8,1,43,1.336155849485,1.33917652584782,TRUE,TRUE,Non-differential recorded-exposure error corrected on the crude age-specific 2x2 table; the crude table is used because the correction is illustrative. Non-differential error cannot change the direction of an association; corrected estimates move away from the null in both directions.
broad,0.8,1,44,1.48608703792864,1.49067406477394,TRUE,TRUE,Non-differential recorded-exposure error corrected on the crude age-specific 2x2 table; the crude table is used because the correction is illustrative. Non-differential error cannot change the direction of an association; corrected estimates move away from the null in both directions.
broad,0.8,1,45,1.20666477619659,1.20783320941205,TRUE,TRUE,Non-differential recorded-exposure error corrected on the crude age-specific 2x2 table; the crude table is used because the correction is illustrative. Non-differential error cannot change the direction of an association; corrected estimates move away from the null in both directions.
broad,0.9,0.98,15,0.852376330052807,,FALSE,,Non-differential recorded-exposure error corrected on the crude age-specific 2x2 table; the crude table is used because the correction is illustrative. Non-differential error cannot change the direction of an association; corrected estimates move away from the null in both directions.
broad,0.9,0.98,16,0.734644151883755,0.17587042702881,TRUE,TRUE,Non-differential recorded-exposure error corrected on the crude age-specific 2x2 table; the crude table is used because the correction is illustrative. Non-differential error cannot change the direction of an association; corrected estimates move away from the null in both directions.
broad,0.9,0.98,17,0.809000276429211,0.632637394174608,TRUE,TRUE,Non-differential recorded-exposure error corrected on the crude age-specific 2x2 table; the crude table is used because the correction is illustrative. Non-differential error cannot change the direction of an association; corrected estimates move away from the null in both directions.
broad,0.9,0.98,18,0.829315016809509,0.743850074577961,TRUE,TRUE,Non-differential recorded-exposure error corrected on the crude age-specific 2x2 table; the crude table is used because the correction is illustrative. Non-differential error cannot change the direction of an association; corrected estimates move away from the null in both directions.
broad,0.9,0.98,19,0.817894034949435,0.745209492534384,TRUE,TRUE,Non-differential recorded-exposure error corrected on the crude age-specific 2x2 table; the crude table is used because the correction is illustrative. Non-differential error cannot change the direction of an association; corrected estimates move away from the null in both directions.
broad,0.9,0.98,20,0.800460690513235,0.725207830380509,TRUE,TRUE,Non-differential recorded-exposure error corrected on the crude age-specific 2x2 table; the crude table is used because the correction is illustrative. Non-differential error cannot change the direction of an association; corrected estimates move away from the null in both directions.
broad,0.9,0.98,21,0.807366190791102,0.737190804918317,TRUE,TRUE,Non-differential recorded-exposure error corrected on the crude age-specific 2x2 table; the crude table is used because the correction is illustrative. Non-differential error cannot change the direction of an association; corrected estimates move away from the null in both directions.
broad,0.9,0.98,22,0.792497605017271,0.716735017187741,TRUE,TRUE,Non-differential recorded-exposure error corrected on the crude age-specific 2x2 table; the crude table is used because the correction is illustrative. Non-differential error cannot change the direction of an association; corrected estimates move away from the null in both directions.
broad,0.9,0.98,23,0.789527204032273,0.710739748396953,TRUE,TRUE,Non-differential recorded-exposure error corrected on the crude age-specific 2x2 table; the crude table is used because the correction is illustrative. Non-differential error cannot change the direction of an association; corrected estimates move away from the null in both directions.
broad,0.9,0.98,24,0.803143287938649,0.726123236611143,TRUE,TRUE,Non-differential recorded-exposure error corrected on the crude age-specific 2x2 table; the crude table is used because the correction is illustrative. Non-differential error cannot change the direction of an association; corrected estimates move away from the null in both directions.
broad,0.9,0.98,25,0.800971546353475,0.718380917135307,TRUE,TRUE,Non-differential recorded-exposure error corrected on the crude age-specific 2x2 table; the crude table is used because the correction is illustrative. Non-differential error cannot change the direction of an association; corrected estimates move away from the null in both directions.
broad,0.9,0.98,26,0.841037710646941,0.76908487890125,TRUE,TRUE,Non-differential recorded-exposure error corrected on the crude age-specific 2x2 table; the crude table is used because the correction is illustrative. Non-differential error cannot change the direction of an association; corrected estimates move away from the null in both directions.
broad,0.9,0.98,27,0.866548434852361,0.799463982957562,TRUE,TRUE,Non-differential recorded-exposure error corrected on the crude age-specific 2x2 table; the crude table is used because the correction is illustrative. Non-differential error cannot change the direction of an association; corrected estimates move away from the null in both directions.
broad,0.9,0.98,28,0.919985599156133,0.874203288545345,TRUE,TRUE,Non-differential recorded-exposure error corrected on the crude age-specific 2x2 table; the crude table is used because the correction is illustrative. Non-differential error cannot change the direction of an association; corrected estimates move away from the null in both directions.
broad,0.9,0.98,29,0.996369544436716,0.993952426784257,TRUE,TRUE,Non-differential recorded-exposure error corrected on the crude age-specific 2x2 table; the crude table is used because the correction is illustrative. Non-differential error cannot change the direction of an association; corrected estimates move away from the null in both directions.
broad,0.9,0.98,30,1.03656220636037,1.06494764785173,TRUE,TRUE,Non-differential recorded-exposure error corrected on the crude age-specific 2x2 table; the crude table is used because the correction is illustrative. Non-differential error cannot change the direction of an association; corrected estimates move away from the null in both directions.
broad,0.9,0.98,31,1.11045372863227,1.21175622731083,TRUE,TRUE,Non-differential recorded-exposure error corrected on the crude age-specific 2x2 table; the crude table is used because the correction is illustrative. Non-differential error cannot change the direction of an association; corrected estimates move away from the null in both directions.
broad,0.9,0.98,32,1.16346772765167,1.33205181410433,TRUE,TRUE,Non-differential recorded-exposure error corrected on the crude age-specific 2x2 table; the crude table is used because the correction is illustrative. Non-differential error cannot change the direction of an association; corrected estimates move away from the null in both directions.
broad,0.9,0.98,33,1.2250356765036,1.47918894124671,TRUE,TRUE,Non-differential recorded-exposure error corrected on the crude age-specific 2x2 table; the crude table is used because the correction is illustrative. Non-differential error cannot change the direction of an association; corrected estimates move away from the null in both directions.
broad,0.9,0.98,34,1.26840165897493,1.60176380002532,TRUE,TRUE,Non-differential recorded-exposure error corrected on the crude age-specific 2x2 table; the crude table is used because the correction is illustrative. Non-differential error cannot change the direction of an association; corrected estimates move away from the null in both directions.
broad,0.9,0.98,35,1.32525571045333,1.76223123071424,TRUE,TRUE,Non-differential recorded-exposure error corrected on the crude age-specific 2x2 table; the crude table is used because the correction is illustrative. Non-differential error cannot change the direction of an association; corrected estimates move away from the null in both directions.
broad,0.9,0.98,36,1.33689179782057,1.78302845278674,TRUE,TRUE,Non-differential recorded-exposure error corrected on the crude age-specific 2x2 table; the crude table is used because the correction is illustrative. Non-differential error cannot change the direction of an association; corrected estimates move away from the null in both directions.
broad,0.9,0.98,37,1.36183325842629,1.84993776627499,TRUE,TRUE,Non-differential recorded-exposure error corrected on the crude age-specific 2x2 table; the crude table is used because the correction is illustrative. Non-differential error cannot change the direction of an association; corrected estimates move away from the null in both directions.
broad,0.9,0.98,38,1.42371140610547,2.01088914866423,TRUE,TRUE,Non-differential recorded-exposure error corrected on the crude age-specific 2x2 table; the crude table is used because the correction is illustrative. Non-differential error cannot change the direction of an association; corrected estimates move away from the null in both directions.
broad,0.9,0.98,39,1.39949126439789,1.97092113189497,TRUE,TRUE,Non-differential recorded-exposure error corrected on the crude age-specific 2x2 table; the crude table is used because the correction is illustrative. Non-differential error cannot change the direction of an association; corrected estimates move away from the null in both directions.
broad,0.9,0.98,40,1.40004147564677,2.01168822160826,TRUE,TRUE,Non-differential recorded-exposure error corrected on the crude age-specific 2x2 table; the crude table is used because the correction is illustrative. Non-differential error cannot change the direction of an association; corrected estimates move away from the null in both directions.
broad,0.9,0.98,41,1.39676858630228,2.0487072331921,TRUE,TRUE,Non-differential recorded-exposure error corrected on the crude age-specific 2x2 table; the crude table is used because the correction is illustrative. Non-differential error cannot change the direction of an association; corrected estimates move away from the null in both directions.
broad,0.9,0.98,42,1.4733721649212,2.39870378195205,TRUE,TRUE,Non-differential recorded-exposure error corrected on the crude age-specific 2x2 table; the crude table is used because the correction is illustrative. Non-differential error cannot change the direction of an association; corrected estimates move away from the null in both directions.
broad,0.9,0.98,43,1.336155849485,2.43569010862307,TRUE,TRUE,Non-differential recorded-exposure error corrected on the crude age-specific 2x2 table; the crude table is used because the correction is illustrative. Non-differential error cannot change the direction of an association; corrected estimates move away from the null in both directions.
broad,0.9,0.98,44,1.48608703792864,3.57750539584991,TRUE,TRUE,Non-differential recorded-exposure error corrected on the crude age-specific 2x2 table; the crude table is used because the correction is illustrative. Non-differential error cannot change the direction of an association; corrected estimates move away from the null in both directions.
broad,0.9,0.98,45,1.20666477619659,,FALSE,,Non-differential recorded-exposure error corrected on the crude age-specific 2x2 table; the crude table is used because the correction is illustrative. Non-differential error cannot change the direction of an association; corrected estimates move away from the null in both directions.
broad,0.9,0.995,15,0.852376330052807,0.806251548789519,TRUE,TRUE,Non-differential recorded-exposure error corrected on the crude age-specific 2x2 table; the crude table is used because the correction is illustrative. Non-differential error cannot change the direction of an association; corrected estimates move away from the null in both directions.
broad,0.9,0.995,16,0.734644151883755,0.680864551070169,TRUE,TRUE,Non-differential recorded-exposure error corrected on the crude age-specific 2x2 table; the crude table is used because the correction is illustrative. Non-differential error cannot change the direction of an association; corrected estimates move away from the null in both directions.
broad,0.9,0.995,17,0.809000276429211,0.782733911677094,TRUE,TRUE,Non-differential recorded-exposure error corrected on the crude age-specific 2x2 table; the crude table is used because the correction is illustrative. Non-differential error cannot change the direction of an association; corrected estimates move away from the null in both directions.
broad,0.9,0.995,18,0.829315016809509,0.81319463072647,TRUE,TRUE,Non-differential recorded-exposure error corrected on the crude age-specific 2x2 table; the crude table is used because the correction is illustrative. Non-differential error cannot change the direction of an association; corrected estimates move away from the null in both directions.
broad,0.9,0.995,19,0.817894034949435,0.803111721640742,TRUE,TRUE,Non-differential recorded-exposure error corrected on the crude age-specific 2x2 table; the crude table is used because the correction is illustrative. Non-differential error cannot change the direction of an association; corrected estimates move away from the null in both directions.
broad,0.9,0.995,20,0.800460690513235,0.784892330576427,TRUE,TRUE,Non-differential recorded-exposure error corrected on the crude age-specific 2x2 table; the crude table is used because the correction is illustrative. Non-differential error cannot change the direction of an association; corrected estimates move away from the null in both directions.
broad,0.9,0.995,21,0.807366190791102,0.79267181660787,TRUE,TRUE,Non-differential recorded-exposure error corrected on the crude age-specific 2x2 table; the crude table is used because the correction is illustrative. Non-differential error cannot change the direction of an association; corrected estimates move away from the null in both directions.
broad,0.9,0.995,22,0.792497605017271,0.776668701180435,TRUE,TRUE,Non-differential recorded-exposure error corrected on the crude age-specific 2x2 table; the crude table is used because the correction is illustrative. Non-differential error cannot change the direction of an association; corrected estimates move away from the null in both directions.
broad,0.9,0.995,23,0.789527204032273,0.773204977118031,TRUE,TRUE,Non-differential recorded-exposure error corrected on the crude age-specific 2x2 table; the crude table is used because the correction is illustrative. Non-differential error cannot change the direction of an association; corrected estimates move away from the null in both directions.
broad,0.9,0.995,24,0.803143287938649,0.78739669733032,TRUE,TRUE,Non-differential recorded-exposure error corrected on the crude age-specific 2x2 table; the crude table is used because the correction is illustrative. Non-differential error cannot change the direction of an association; corrected estimates move away from the null in both directions.
broad,0.9,0.995,25,0.800971546353475,0.7844133557329,TRUE,TRUE,Non-differential recorded-exposure error corrected on the crude age-specific 2x2 table; the crude table is used because the correction is illustrative. Non-differential error cannot change the direction of an association; corrected estimates move away from the null in both directions.
broad,0.9,0.995,26,0.841037710646941,0.826979732679897,TRUE,TRUE,Non-differential recorded-exposure error corrected on the crude age-specific 2x2 table; the crude table is used because the correction is illustrative. Non-differential error cannot change the direction of an association; corrected estimates move away from the null in both directions.
broad,0.9,0.995,27,0.866548434852361,0.85388103215506,TRUE,TRUE,Non-differential recorded-exposure error corrected on the crude age-specific 2x2 table; the crude table is used because the correction is illustrative. Non-differential error cannot change the direction of an association; corrected estimates move away from the null in both directions.
broad,0.9,0.995,28,0.919985599156133,0.911702431971967,TRUE,TRUE,Non-differential recorded-exposure error corrected on the crude age-specific 2x2 table; the crude table is used because the correction is illustrative. Non-differential error cannot change the direction of an association; corrected estimates move away from the null in both directions.
broad,0.9,0.995,29,0.996369544436716,0.995954781167709,TRUE,TRUE,Non-differential recorded-exposure error corrected on the crude age-specific 2x2 table; the crude table is used because the correction is illustrative. Non-differential error cannot change the direction of an association; corrected estimates move away from the null in both directions.
broad,0.9,0.995,30,1.03656220636037,1.04115067755515,TRUE,TRUE,Non-differential recorded-exposure error corrected on the crude age-specific 2x2 table; the crude table is used because the correction is illustrative. Non-differential error cannot change the direction of an association; corrected estimates move away from the null in both directions.
broad,0.9,0.995,31,1.11045372863227,1.12574085466886,TRUE,TRUE,Non-differential recorded-exposure error corrected on the crude age-specific 2x2 table; the crude table is used because the correction is illustrative. Non-differential error cannot change the direction of an association; corrected estimates move away from the null in both directions.
broad,0.9,0.995,32,1.16346772765167,1.18761987678315,TRUE,TRUE,Non-differential recorded-exposure error corrected on the crude age-specific 2x2 table; the crude table is used because the correction is illustrative. Non-differential error cannot change the direction of an association; corrected estimates move away from the null in both directions.
broad,0.9,0.995,33,1.2250356765036,1.25995664915951,TRUE,TRUE,Non-differential recorded-exposure error corrected on the crude age-specific 2x2 table; the crude table is used because the correction is illustrative. Non-differential error cannot change the direction of an association; corrected estimates move away from the null in both directions.
broad,0.9,0.995,34,1.26840165897493,1.31213039904676,TRUE,TRUE,Non-differential recorded-exposure error corrected on the crude age-specific 2x2 table; the crude table is used because the correction is illustrative. Non-differential error cannot change the direction of an association; corrected estimates move away from the null in both directions.
broad,0.9,0.995,35,1.32525571045333,1.38036327835156,TRUE,TRUE,Non-differential recorded-exposure error corrected on the crude age-specific 2x2 table; the crude table is used because the correction is illustrative. Non-differential error cannot change the direction of an association; corrected estimates move away from the null in both directions.
broad,0.9,0.995,36,1.33689179782057,1.39359938951709,TRUE,TRUE,Non-differential recorded-exposure error corrected on the crude age-specific 2x2 table; the crude table is used because the correction is illustrative. Non-differential error cannot change the direction of an association; corrected estimates move away from the null in both directions.
broad,0.9,0.995,37,1.36183325842629,1.42331035485152,TRUE,TRUE,Non-differential recorded-exposure error corrected on the crude age-specific 2x2 table; the crude table is used because the correction is illustrative. Non-differential error cannot change the direction of an association; corrected estimates move away from the null in both directions.
broad,0.9,0.995,38,1.42371140610547,1.49671994804122,TRUE,TRUE,Non-differential recorded-exposure error corrected on the crude age-specific 2x2 table; the crude table is used because the correction is illustrative. Non-differential error cannot change the direction of an association; corrected estimates move away from the null in both directions.
broad,0.9,0.995,39,1.39949126439789,1.46929717915548,TRUE,TRUE,Non-differential recorded-exposure error corrected on the crude age-specific 2x2 table; the crude table is used because the correction is illustrative. Non-differential error cannot change the direction of an association; corrected estimates move away from the null in both directions.
broad,0.9,0.995,40,1.40004147564677,1.47206991895785,TRUE,TRUE,Non-differential recorded-exposure error corrected on the crude age-specific 2x2 table; the crude table is used because the correction is illustrative. Non-differential error cannot change the direction of an association; corrected estimates move away from the null in both directions.
broad,0.9,0.995,41,1.39676858630228,1.47047247356941,TRUE,TRUE,Non-differential recorded-exposure error corrected on the crude age-specific 2x2 table; the crude table is used because the correction is illustrative. Non-differential error cannot change the direction of an association; corrected estimates move away from the null in both directions.
broad,0.9,0.995,42,1.4733721649212,1.56788751895523,TRUE,TRUE,Non-differential recorded-exposure error corrected on the crude age-specific 2x2 table; the crude table is used because the correction is illustrative. Non-differential error cannot change the direction of an association; corrected estimates move away from the null in both directions.
broad,0.9,0.995,43,1.336155849485,1.41564389299724,TRUE,TRUE,Non-differential recorded-exposure error corrected on the crude age-specific 2x2 table; the crude table is used because the correction is illustrative. Non-differential error cannot change the direction of an association; corrected estimates move away from the null in both directions.
broad,0.9,0.995,44,1.48608703792864,1.60957982381312,TRUE,TRUE,Non-differential recorded-exposure error corrected on the crude age-specific 2x2 table; the crude table is used because the correction is illustrative. Non-differential error cannot change the direction of an association; corrected estimates move away from the null in both directions.
broad,0.9,0.995,45,1.20666477619659,1.28351337245889,TRUE,TRUE,Non-differential recorded-exposure error corrected on the crude age-specific 2x2 table; the crude table is used because the correction is illustrative. Non-differential error cannot change the direction of an association; corrected estimates move away from the null in both directions.
broad,0.9,1,15,0.852376330052807,0.852079236488621,TRUE,TRUE,Non-differential recorded-exposure error corrected on the crude age-specific 2x2 table; the crude table is used because the correction is illustrative. Non-differential error cannot change the direction of an association; corrected estimates move away from the null in both directions.
broad,0.9,1,16,0.734644151883755,0.733990518419753,TRUE,TRUE,Non-differential recorded-exposure error corrected on the crude age-specific 2x2 table; the crude table is used because the correction is illustrative. Non-differential error cannot change the direction of an association; corrected estimates move away from the null in both directions.
broad,0.9,1,17,0.809000276429211,0.808266382448685,TRUE,TRUE,Non-differential recorded-exposure error corrected on the crude age-specific 2x2 table; the crude table is used because the correction is illustrative. Non-differential error cannot change the direction of an association; corrected estimates move away from the null in both directions.
broad,0.9,1,18,0.829315016809509,0.828340842462267,TRUE,TRUE,Non-differential recorded-exposure error corrected on the crude age-specific 2x2 table; the crude table is used because the correction is illustrative. Non-differential error cannot change the direction of an association; corrected estimates move away from the null in both directions.
broad,0.9,1,19,0.817894034949435,0.816689196539611,TRUE,TRUE,Non-differential recorded-exposure error corrected on the crude age-specific 2x2 table; the crude table is used because the correction is illustrative. Non-differential error cannot change the direction of an association; corrected estimates move away from the null in both directions.
broad,0.9,1,20,0.800460690513235,0.799113241844684,TRUE,TRUE,Non-differential recorded-exposure error corrected on the crude age-specific 2x2 table; the crude table is used because the correction is illustrative. Non-differential error cannot change the direction of an association; corrected estimates move away from the null in both directions.
broad,0.9,1,21,0.807366190791102,0.806018778296958,TRUE,TRUE,Non-differential recorded-exposure error corrected on the crude age-specific 2x2 table; the crude table is used because the correction is illustrative. Non-differential error cannot change the direction of an association; corrected estimates move away from the null in both directions.
broad,0.9,1,22,0.792497605017271,0.791076085637338,TRUE,TRUE,Non-differential recorded-exposure error corrected on the crude age-specific 2x2 table; the crude table is used because the correction is illustrative. Non-differential error cannot change the direction of an association; corrected estimates move away from the null in both directions.
broad,0.9,1,23,0.789527204032273,0.788117899342515,TRUE,TRUE,Non-differential recorded-exposure error corrected on the crude age-specific 2x2 table; the crude table is used because the correction is illustrative. Non-differential error cannot change the direction of an association; corrected estimates move away from the null in both directions.
broad,0.9,1,24,0.803143287938649,0.801845754602299,TRUE,TRUE,Non-differential recorded-exposure error corrected on the crude age-specific 2x2 table; the crude table is used because the correction is illustrative. Non-differential error cannot change the direction of an association; corrected estimates move away from the null in both directions.
broad,0.9,1,25,0.800971546353475,0.79971907531213,TRUE,TRUE,Non-differential recorded-exposure error corrected on the crude age-specific 2x2 table; the crude table is used because the correction is illustrative. Non-differential error cannot change the direction of an association; corrected estimates move away from the null in both directions.
broad,0.9,1,26,0.841037710646941,0.840050174466985,TRUE,TRUE,Non-differential recorded-exposure error corrected on the crude age-specific 2x2 table; the crude table is used because the correction is illustrative. Non-differential error cannot change the direction of an association; corrected estimates move away from the null in both directions.
broad,0.9,1,27,0.866548434852361,0.865754089766574,TRUE,TRUE,Non-differential recorded-exposure error corrected on the crude age-specific 2x2 table; the crude table is used because the correction is illustrative. Non-differential error cannot change the direction of an association; corrected estimates move away from the null in both directions.
broad,0.9,1,28,0.919985599156133,0.919521431883116,TRUE,TRUE,Non-differential recorded-exposure error corrected on the crude age-specific 2x2 table; the crude table is used because the correction is illustrative. Non-differential error cannot change the direction of an association; corrected estimates move away from the null in both directions.
broad,0.9,1,29,0.996369544436716,0.99634879783737,TRUE,TRUE,Non-differential recorded-exposure error corrected on the crude age-specific 2x2 table; the crude table is used because the correction is illustrative. Non-differential error cannot change the direction of an association; corrected estimates move away from the null in both directions.
broad,0.9,1,30,1.03656220636037,1.03676071244231,TRUE,TRUE,Non-differential recorded-exposure error corrected on the crude age-specific 2x2 table; the crude table is used because the correction is illustrative. Non-differential error cannot change the direction of an association; corrected estimates move away from the null in both directions.
broad,0.9,1,31,1.11045372863227,1.11104012969806,TRUE,TRUE,Non-differential recorded-exposure error corrected on the crude age-specific 2x2 table; the crude table is used because the correction is illustrative. Non-differential error cannot change the direction of an association; corrected estimates move away from the null in both directions.
broad,0.9,1,32,1.16346772765167,1.16432408339721,TRUE,TRUE,Non-differential recorded-exposure error corrected on the crude age-specific 2x2 table; the crude table is used because the correction is illustrative. Non-differential error cannot change the direction of an association; corrected estimates move away from the null in both directions.
broad,0.9,1,33,1.2250356765036,1.22622367059217,TRUE,TRUE,Non-differential recorded-exposure error corrected on the crude age-specific 2x2 table; the crude table is used because the correction is illustrative. Non-differential error cannot change the direction of an association; corrected estimates move away from the null in both directions.
broad,0.9,1,34,1.26840165897493,1.26980580655493,TRUE,TRUE,Non-differential recorded-exposure error corrected on the crude age-specific 2x2 table; the crude table is used because the correction is illustrative. Non-differential error cannot change the direction of an association; corrected estimates move away from the null in both directions.
broad,0.9,1,35,1.32525571045333,1.32697351906046,TRUE,TRUE,Non-differential recorded-exposure error corrected on the crude age-specific 2x2 table; the crude table is used because the correction is illustrative. Non-differential error cannot change the direction of an association; corrected estimates move away from the null in both directions.
broad,0.9,1,36,1.33689179782057,1.3386981065397,TRUE,TRUE,Non-differential recorded-exposure error corrected on the crude age-specific 2x2 table; the crude table is used because the correction is illustrative. Non-differential error cannot change the direction of an association; corrected estimates move away from the null in both directions.
broad,0.9,1,37,1.36183325842629,1.36379403010121,TRUE,TRUE,Non-differential recorded-exposure error corrected on the crude age-specific 2x2 table; the crude table is used because the correction is illustrative. Non-differential error cannot change the direction of an association; corrected estimates move away from the null in both directions.
broad,0.9,1,38,1.42371140610547,1.42608527246272,TRUE,TRUE,Non-differential recorded-exposure error corrected on the crude age-specific 2x2 table; the crude table is used because the correction is illustrative. Non-differential error cannot change the direction of an association; corrected estimates move away from the null in both directions.
broad,0.9,1,39,1.39949126439789,1.40166182376325,TRUE,TRUE,Non-differential recorded-exposure error corrected on the crude age-specific 2x2 table; the crude table is used because the correction is illustrative. Non-differential error cannot change the direction of an association; corrected estimates move away from the null in both directions.
broad,0.9,1,40,1.40004147564677,1.40215739999068,TRUE,TRUE,Non-differential recorded-exposure error corrected on the crude age-specific 2x2 table; the crude table is used because the correction is illustrative. Non-differential error cannot change the direction of an association; corrected estimates move away from the null in both directions.
broad,0.9,1,41,1.39676858630228,1.39880397336142,TRUE,TRUE,Non-differential recorded-exposure error corrected on the crude age-specific 2x2 table; the crude table is used because the correction is illustrative. Non-differential error cannot change the direction of an association; corrected estimates move away from the null in both directions.
broad,0.9,1,42,1.4733721649212,1.47577835713215,TRUE,TRUE,Non-differential recorded-exposure error corrected on the crude age-specific 2x2 table; the crude table is used because the correction is illustrative. Non-differential error cannot change the direction of an association; corrected estimates move away from the null in both directions.
broad,0.9,1,43,1.336155849485,1.33749170347731,TRUE,TRUE,Non-differential recorded-exposure error corrected on the crude age-specific 2x2 table; the crude table is used because the correction is illustrative. Non-differential error cannot change the direction of an association; corrected estimates move away from the null in both directions.
broad,0.9,1,44,1.48608703792864,1.48811508433908,TRUE,TRUE,Non-differential recorded-exposure error corrected on the crude age-specific 2x2 table; the crude table is used because the correction is illustrative. Non-differential error cannot change the direction of an association; corrected estimates move away from the null in both directions.
broad,0.9,1,45,1.20666477619659,1.20718245383371,TRUE,TRUE,Non-differential recorded-exposure error corrected on the crude age-specific 2x2 table; the crude table is used because the correction is illustrative. Non-differential error cannot change the direction of an association; corrected estimates move away from the null in both directions.
broad,1,0.98,15,0.852376330052807,,FALSE,,Non-differential recorded-exposure error corrected on the crude age-specific 2x2 table; the crude table is used because the correction is illustrative. Non-differential error cannot change the direction of an association; corrected estimates move away from the null in both directions.
broad,1,0.98,16,0.734644151883755,0.176027043216008,TRUE,TRUE,Non-differential recorded-exposure error corrected on the crude age-specific 2x2 table; the crude table is used because the correction is illustrative. Non-differential error cannot change the direction of an association; corrected estimates move away from the null in both directions.
broad,1,0.98,17,0.809000276429211,0.6332118196184,TRUE,TRUE,Non-differential recorded-exposure error corrected on the crude age-specific 2x2 table; the crude table is used because the correction is illustrative. Non-differential error cannot change the direction of an association; corrected estimates move away from the null in both directions.
broad,1,0.98,18,0.829315016809509,0.744724883139487,TRUE,TRUE,Non-differential recorded-exposure error corrected on the crude age-specific 2x2 table; the crude table is used because the correction is illustrative. Non-differential error cannot change the direction of an association; corrected estimates move away from the null in both directions.
broad,1,0.98,19,0.817894034949435,0.7463088789641,TRUE,TRUE,Non-differential recorded-exposure error corrected on the crude age-specific 2x2 table; the crude table is used because the correction is illustrative. Non-differential error cannot change the direction of an association; corrected estimates move away from the null in both directions.
broad,1,0.98,20,0.800460690513235,0.726430661231383,TRUE,TRUE,Non-differential recorded-exposure error corrected on the crude age-specific 2x2 table; the crude table is used because the correction is illustrative. Non-differential error cannot change the direction of an association; corrected estimates move away from the null in both directions.
broad,1,0.98,21,0.807366190791102,0.738423158466226,TRUE,TRUE,Non-differential recorded-exposure error corrected on the crude age-specific 2x2 table; the crude table is used because the correction is illustrative. Non-differential error cannot change the direction of an association; corrected estimates move away from the null in both directions.
broad,1,0.98,22,0.792497605017271,0.718022949835063,TRUE,TRUE,Non-differential recorded-exposure error corrected on the crude age-specific 2x2 table; the crude table is used because the correction is illustrative. Non-differential error cannot change the direction of an association; corrected estimates move away from the null in both directions.
broad,1,0.98,23,0.789527204032273,0.712010686236899,TRUE,TRUE,Non-differential recorded-exposure error corrected on the crude age-specific 2x2 table; the crude table is used because the correction is illustrative. Non-differential error cannot change the direction of an association; corrected estimates move away from the null in both directions.
broad,1,0.98,24,0.803143287938649,0.727298237040333,TRUE,TRUE,Non-differential recorded-exposure error corrected on the crude age-specific 2x2 table; the crude table is used because the correction is illustrative. Non-differential error cannot change the direction of an association; corrected estimates move away from the null in both directions.
broad,1,0.98,25,0.800971546353475,0.719506001334425,TRUE,TRUE,Non-differential recorded-exposure error corrected on the crude age-specific 2x2 table; the crude table is used because the correction is illustrative. Non-differential error cannot change the direction of an association; corrected estimates move away from the null in both directions.
broad,1,0.98,26,0.841037710646941,0.769988990544169,TRUE,TRUE,Non-differential recorded-exposure error corrected on the crude age-specific 2x2 table; the crude table is used because the correction is illustrative. Non-differential error cannot change the direction of an association; corrected estimates move away from the null in both directions.
broad,1,0.98,27,0.866548434852361,0.800197505667571,TRUE,TRUE,Non-differential recorded-exposure error corrected on the crude age-specific 2x2 table; the crude table is used because the correction is illustrative. Non-differential error cannot change the direction of an association; corrected estimates move away from the null in both directions.
broad,1,0.98,28,0.919985599156133,0.874644579571782,TRUE,TRUE,Non-differential recorded-exposure error corrected on the crude age-specific 2x2 table; the crude table is used because the correction is illustrative. Non-differential error cannot change the direction of an association; corrected estimates move away from the null in both directions.
broad,1,0.98,29,0.996369544436716,0.993973123484863,TRUE,TRUE,Non-differential recorded-exposure error corrected on the crude age-specific 2x2 table; the crude table is used because the correction is illustrative. Non-differential error cannot change the direction of an association; corrected estimates move away from the null in both directions.
broad,1,0.98,30,1.03656220636037,1.06474374488502,TRUE,TRUE,Non-differential recorded-exposure error corrected on the crude age-specific 2x2 table; the crude table is used because the correction is illustrative. Non-differential error cannot change the direction of an association; corrected estimates move away from the null in both directions.
broad,1,0.98,31,1.11045372863227,1.21111666882489,TRUE,TRUE,Non-differential recorded-exposure error corrected on the crude age-specific 2x2 table; the crude table is used because the correction is illustrative. Non-differential error cannot change the direction of an association; corrected estimates move away from the null in both directions.
broad,1,0.98,32,1.16346772765167,1.33107209527808,TRUE,TRUE,Non-differential recorded-exposure error corrected on the crude age-specific 2x2 table; the crude table is used because the correction is illustrative. Non-differential error cannot change the direction of an association; corrected estimates move away from the null in both directions.
broad,1,0.98,33,1.2250356765036,1.47775586850458,TRUE,TRUE,Non-differential recorded-exposure error corrected on the crude age-specific 2x2 table; the crude table is used because the correction is illustrative. Non-differential error cannot change the direction of an association; corrected estimates move away from the null in both directions.
broad,1,0.98,34,1.26840165897493,1.59999257425842,TRUE,TRUE,Non-differential recorded-exposure error corrected on the crude age-specific 2x2 table; the crude table is used because the correction is illustrative. Non-differential error cannot change the direction of an association; corrected estimates move away from the null in both directions.
broad,1,0.98,35,1.32525571045333,1.75994996742421,TRUE,TRUE,Non-differential recorded-exposure error corrected on the crude age-specific 2x2 table; the crude table is used because the correction is illustrative. Non-differential error cannot change the direction of an association; corrected estimates move away from the null in both directions.
broad,1,0.98,36,1.33689179782057,1.78062260801487,TRUE,TRUE,Non-differential recorded-exposure error corrected on the crude age-specific 2x2 table; the crude table is used because the correction is illustrative. Non-differential error cannot change the direction of an association; corrected estimates move away from the null in both directions.
broad,1,0.98,37,1.36183325842629,1.84727804971045,TRUE,TRUE,Non-differential recorded-exposure error corrected on the crude age-specific 2x2 table; the crude table is used because the correction is illustrative. Non-differential error cannot change the direction of an association; corrected estimates move away from the null in both directions.
broad,1,0.98,38,1.42371140610547,2.00754181580107,TRUE,TRUE,Non-differential recorded-exposure error corrected on the crude age-specific 2x2 table; the crude table is used because the correction is illustrative. Non-differential error cannot change the direction of an association; corrected estimates move away from the null in both directions.
broad,1,0.98,39,1.39949126439789,1.96786903955096,TRUE,TRUE,Non-differential recorded-exposure error corrected on the crude age-specific 2x2 table; the crude table is used because the correction is illustrative. Non-differential error cannot change the direction of an association; corrected estimates move away from the null in both directions.
broad,1,0.98,40,1.40004147564677,2.00865248533466,TRUE,TRUE,Non-differential recorded-exposure error corrected on the crude age-specific 2x2 table; the crude table is used because the correction is illustrative. Non-differential error cannot change the direction of an association; corrected estimates move away from the null in both directions.
broad,1,0.98,41,1.39676858630228,2.04572617775487,TRUE,TRUE,Non-differential recorded-exposure error corrected on the crude age-specific 2x2 table; the crude table is used because the correction is illustrative. Non-differential error cannot change the direction of an association; corrected estimates move away from the null in both directions.
broad,1,0.98,42,1.4733721649212,2.39479280011077,TRUE,TRUE,Non-differential recorded-exposure error corrected on the crude age-specific 2x2 table; the crude table is used because the correction is illustrative. Non-differential error cannot change the direction of an association; corrected estimates move away from the null in both directions.
broad,1,0.98,43,1.336155849485,2.43325740093062,TRUE,TRUE,Non-differential recorded-exposure error corrected on the crude age-specific 2x2 table; the crude table is used because the correction is illustrative. Non-differential error cannot change the direction of an association; corrected estimates move away from the null in both directions.
broad,1,0.98,44,1.48608703792864,3.57262986770512,TRUE,TRUE,Non-differential recorded-exposure error corrected on the crude age-specific 2x2 table; the crude table is used because the correction is illustrative. Non-differential error cannot change the direction of an association; corrected estimates move away from the null in both directions.
broad,1,0.98,45,1.20666477619659,,FALSE,,Non-differential recorded-exposure error corrected on the crude age-specific 2x2 table; the crude table is used because the correction is illustrative. Non-differential error cannot change the direction of an association; corrected estimates move away from the null in both directions.
broad,1,0.995,15,0.852376330052807,0.806532663662412,TRUE,TRUE,Non-differential recorded-exposure error corrected on the crude age-specific 2x2 table; the crude table is used because the correction is illustrative. Non-differential error cannot change the direction of an association; corrected estimates move away from the null in both directions.
broad,1,0.995,16,0.734644151883755,0.681470874781257,TRUE,TRUE,Non-differential recorded-exposure error corrected on the crude age-specific 2x2 table; the crude table is used because the correction is illustrative. Non-differential error cannot change the direction of an association; corrected estimates move away from the null in both directions.
broad,1,0.995,17,0.809000276429211,0.783444622549905,TRUE,TRUE,Non-differential recorded-exposure error corrected on the crude age-specific 2x2 table; the crude table is used because the correction is illustrative. Non-differential error cannot change the direction of an association; corrected estimates move away from the null in both directions.
broad,1,0.995,18,0.829315016809509,0.814150992296442,TRUE,TRUE,Non-differential recorded-exposure error corrected on the crude age-specific 2x2 table; the crude table is used because the correction is illustrative. Non-differential error cannot change the direction of an association; corrected estimates move away from the null in both directions.
broad,1,0.995,19,0.817894034949435,0.804296529586914,TRUE,TRUE,Non-differential recorded-exposure error corrected on the crude age-specific 2x2 table; the crude table is used because the correction is illustrative. Non-differential error cannot change the direction of an association; corrected estimates move away from the null in both directions.
broad,1,0.995,20,0.800460690513235,0.786215800230552,TRUE,TRUE,Non-differential recorded-exposure error corrected on the crude age-specific 2x2 table; the crude table is used because the correction is illustrative. Non-differential error cannot change the direction of an association; corrected estimates move away from the null in both directions.
broad,1,0.995,21,0.807366190791102,0.793996917136806,TRUE,TRUE,Non-differential recorded-exposure error corrected on the crude age-specific 2x2 table; the crude table is used because the correction is illustrative. Non-differential error cannot change the direction of an association; corrected estimates move away from the null in both directions.
broad,1,0.995,22,0.792497605017271,0.778064331298144,TRUE,TRUE,Non-differential recorded-exposure error corrected on the crude age-specific 2x2 table; the crude table is used because the correction is illustrative. Non-differential error cannot change the direction of an association; corrected estimates move away from the null in both directions.
broad,1,0.995,23,0.789527204032273,0.774587614666684,TRUE,TRUE,Non-differential recorded-exposure error corrected on the crude age-specific 2x2 table; the crude table is used because the correction is illustrative. Non-differential error cannot change the direction of an association; corrected estimates move away from the null in both directions.
broad,1,0.995,24,0.803143287938649,0.788670849444806,TRUE,TRUE,Non-differential recorded-exposure error corrected on the crude age-specific 2x2 table; the crude table is used because the correction is illustrative. Non-differential error cannot change the direction of an association; corrected estimates move away from the null in both directions.
broad,1,0.995,25,0.800971546353475,0.785641855893555,TRUE,TRUE,Non-differential recorded-exposure error corrected on the crude age-specific 2x2 table; the crude table is used because the correction is illustrative. Non-differential error cannot change the direction of an association; corrected estimates move away from the null in both directions.
broad,1,0.995,26,0.841037710646941,0.827951903665552,TRUE,TRUE,Non-differential recorded-exposure error corrected on the crude age-specific 2x2 table; the crude table is used because the correction is illustrative. Non-differential error cannot change the direction of an association; corrected estimates move away from the null in both directions.
broad,1,0.995,27,0.866548434852361,0.854664483495061,TRUE,TRUE,Non-differential recorded-exposure error corrected on the crude age-specific 2x2 table; the crude table is used because the correction is illustrative. Non-differential error cannot change the direction of an association; corrected estimates move away from the null in both directions.
broad,1,0.995,28,0.919985599156133,0.912162652274592,TRUE,TRUE,Non-differential recorded-exposure error corrected on the crude age-specific 2x2 table; the crude table is used because the correction is illustrative. Non-differential error cannot change the direction of an association; corrected estimates move away from the null in both directions.
broad,1,0.995,29,0.996369544436716,0.995975519562593,TRUE,TRUE,Non-differential recorded-exposure error corrected on the crude age-specific 2x2 table; the crude table is used because the correction is illustrative. Non-differential error cannot change the direction of an association; corrected estimates move away from the null in both directions.
broad,1,0.995,30,1.03656220636037,1.04095133093715,TRUE,TRUE,Non-differential recorded-exposure error corrected on the crude age-specific 2x2 table; the crude table is used because the correction is illustrative. Non-differential error cannot change the direction of an association; corrected estimates move away from the null in both directions.
broad,1,0.995,31,1.11045372863227,1.12514669463869,TRUE,TRUE,Non-differential recorded-exposure error corrected on the crude age-specific 2x2 table; the crude table is used because the correction is illustrative. Non-differential error cannot change the direction of an association; corrected estimates move away from the null in both directions.
broad,1,0.995,32,1.16346772765167,1.18674638707396,TRUE,TRUE,Non-differential recorded-exposure error corrected on the crude age-specific 2x2 table; the crude table is used because the correction is illustrative. Non-differential error cannot change the direction of an association; corrected estimates move away from the null in both directions.
broad,1,0.995,33,1.2250356765036,1.25873597377462,TRUE,TRUE,Non-differential recorded-exposure error corrected on the crude age-specific 2x2 table; the crude table is used because the correction is illustrative. Non-differential error cannot change the direction of an association; corrected estimates move away from the null in both directions.
broad,1,0.995,34,1.26840165897493,1.31067944905508,TRUE,TRUE,Non-differential recorded-exposure error corrected on the crude age-specific 2x2 table; the crude table is used because the correction is illustrative. Non-differential error cannot change the direction of an association; corrected estimates move away from the null in both directions.
broad,1,0.995,35,1.32525571045333,1.37857635503587,TRUE,TRUE,Non-differential recorded-exposure error corrected on the crude age-specific 2x2 table; the crude table is used because the correction is illustrative. Non-differential error cannot change the direction of an association; corrected estimates move away from the null in both directions.
broad,1,0.995,36,1.33689179782057,1.39171900235888,TRUE,TRUE,Non-differential recorded-exposure error corrected on the crude age-specific 2x2 table; the crude table is used because the correction is illustrative. Non-differential error cannot change the direction of an association; corrected estimates move away from the null in both directions.
broad,1,0.995,37,1.36183325842629,1.4212640145928,TRUE,TRUE,Non-differential recorded-exposure error corrected on the crude age-specific 2x2 table; the crude table is used because the correction is illustrative. Non-differential error cannot change the direction of an association; corrected estimates move away from the null in both directions.
broad,1,0.995,38,1.42371140610547,1.49422850296463,TRUE,TRUE,Non-differential recorded-exposure error corrected on the crude age-specific 2x2 table; the crude table is used because the correction is illustrative. Non-differential error cannot change the direction of an association; corrected estimates move away from the null in both directions.
broad,1,0.995,39,1.39949126439789,1.46702188229098,TRUE,TRUE,Non-differential recorded-exposure error corrected on the crude age-specific 2x2 table; the crude table is used because the correction is illustrative. Non-differential error cannot change the direction of an association; corrected estimates move away from the null in both directions.
broad,1,0.995,40,1.40004147564677,1.46984849319104,TRUE,TRUE,Non-differential recorded-exposure error corrected on the crude age-specific 2x2 table; the crude table is used because the correction is illustrative. Non-differential error cannot change the direction of an association; corrected estimates move away from the null in both directions.
broad,1,0.995,41,1.39676858630228,1.46833280232132,TRUE,TRUE,Non-differential recorded-exposure error corrected on the crude age-specific 2x2 table; the crude table is used because the correction is illustrative. Non-differential error cannot change the direction of an association; corrected estimates move away from the null in both directions.
broad,1,0.995,42,1.4733721649212,1.56533114677542,TRUE,TRUE,Non-differential recorded-exposure error corrected on the crude age-specific 2x2 table; the crude table is used because the correction is illustrative. Non-differential error cannot change the direction of an association; corrected estimates move away from the null in both directions.
broad,1,0.995,43,1.336155849485,1.41422998250999,TRUE,TRUE,Non-differential recorded-exposure error corrected on the crude age-specific 2x2 table; the crude table is used because the correction is illustrative. Non-differential error cannot change the direction of an association; corrected estimates move away from the null in both directions.
broad,1,0.995,44,1.48608703792864,1.60738624173177,TRUE,TRUE,Non-differential recorded-exposure error corrected on the crude age-specific 2x2 table; the crude table is used because the correction is illustrative. Non-differential error cannot change the direction of an association; corrected estimates move away from the null in both directions.
broad,1,0.995,45,1.20666477619659,1.28296296173369,TRUE,TRUE,Non-differential recorded-exposure error corrected on the crude age-specific 2x2 table; the crude table is used because the correction is illustrative. Non-differential error cannot change the direction of an association; corrected estimates move away from the null in both directions.
broad,1,1,15,0.852376330052807,0.852376330052807,TRUE,TRUE,Non-differential recorded-exposure error corrected on the crude age-specific 2x2 table; the crude table is used because the correction is illustrative. Non-differential error cannot change the direction of an association; corrected estimates move away from the null in both directions.
broad,1,1,16,0.734644151883755,0.734644151883755,TRUE,TRUE,Non-differential recorded-exposure error corrected on the crude age-specific 2x2 table; the crude table is used because the correction is illustrative. Non-differential error cannot change the direction of an association; corrected estimates move away from the null in both directions.
broad,1,1,17,0.809000276429211,0.809000276429211,TRUE,TRUE,Non-differential recorded-exposure error corrected on the crude age-specific 2x2 table; the crude table is used because the correction is illustrative. Non-differential error cannot change the direction of an association; corrected estimates move away from the null in both directions.
broad,1,1,18,0.829315016809509,0.829315016809509,TRUE,TRUE,Non-differential recorded-exposure error corrected on the crude age-specific 2x2 table; the crude table is used because the correction is illustrative. Non-differential error cannot change the direction of an association; corrected estimates move away from the null in both directions.
broad,1,1,19,0.817894034949435,0.817894034949435,TRUE,TRUE,Non-differential recorded-exposure error corrected on the crude age-specific 2x2 table; the crude table is used because the correction is illustrative. Non-differential error cannot change the direction of an association; corrected estimates move away from the null in both directions.
broad,1,1,20,0.800460690513235,0.800460690513235,TRUE,TRUE,Non-differential recorded-exposure error corrected on the crude age-specific 2x2 table; the crude table is used because the correction is illustrative. Non-differential error cannot change the direction of an association; corrected estimates move away from the null in both directions.
broad,1,1,21,0.807366190791102,0.807366190791102,TRUE,TRUE,Non-differential recorded-exposure error corrected on the crude age-specific 2x2 table; the crude table is used because the correction is illustrative. Non-differential error cannot change the direction of an association; corrected estimates move away from the null in both directions.
broad,1,1,22,0.792497605017271,0.792497605017271,TRUE,TRUE,Non-differential recorded-exposure error corrected on the crude age-specific 2x2 table; the crude table is used because the correction is illustrative. Non-differential error cannot change the direction of an association; corrected estimates move away from the null in both directions.
broad,1,1,23,0.789527204032273,0.789527204032273,TRUE,TRUE,Non-differential recorded-exposure error corrected on the crude age-specific 2x2 table; the crude table is used because the correction is illustrative. Non-differential error cannot change the direction of an association; corrected estimates move away from the null in both directions.
broad,1,1,24,0.803143287938649,0.803143287938649,TRUE,TRUE,Non-differential recorded-exposure error corrected on the crude age-specific 2x2 table; the crude table is used because the correction is illustrative. Non-differential error cannot change the direction of an association; corrected estimates move away from the null in both directions.
broad,1,1,25,0.800971546353475,0.800971546353475,TRUE,TRUE,Non-differential recorded-exposure error corrected on the crude age-specific 2x2 table; the crude table is used because the correction is illustrative. Non-differential error cannot change the direction of an association; corrected estimates move away from the null in both directions.
broad,1,1,26,0.841037710646941,0.841037710646941,TRUE,TRUE,Non-differential recorded-exposure error corrected on the crude age-specific 2x2 table; the crude table is used because the correction is illustrative. Non-differential error cannot change the direction of an association; corrected estimates move away from the null in both directions.
broad,1,1,27,0.866548434852361,0.866548434852361,TRUE,TRUE,Non-differential recorded-exposure error corrected on the crude age-specific 2x2 table; the crude table is used because the correction is illustrative. Non-differential error cannot change the direction of an association; corrected estimates move away from the null in both directions.
broad,1,1,28,0.919985599156133,0.919985599156133,TRUE,TRUE,Non-differential recorded-exposure error corrected on the crude age-specific 2x2 table; the crude table is used because the correction is illustrative. Non-differential error cannot change the direction of an association; corrected estimates move away from the null in both directions.
broad,1,1,29,0.996369544436716,0.996369544436716,TRUE,TRUE,Non-differential recorded-exposure error corrected on the crude age-specific 2x2 table; the crude table is used because the correction is illustrative. Non-differential error cannot change the direction of an association; corrected estimates move away from the null in both directions.
broad,1,1,30,1.03656220636037,1.03656220636037,TRUE,TRUE,Non-differential recorded-exposure error corrected on the crude age-specific 2x2 table; the crude table is used because the correction is illustrative. Non-differential error cannot change the direction of an association; corrected estimates move away from the null in both directions.
broad,1,1,31,1.11045372863227,1.11045372863227,TRUE,TRUE,Non-differential recorded-exposure error corrected on the crude age-specific 2x2 table; the crude table is used because the correction is illustrative. Non-differential error cannot change the direction of an association; corrected estimates move away from the null in both directions.
broad,1,1,32,1.16346772765167,1.16346772765167,TRUE,TRUE,Non-differential recorded-exposure error corrected on the crude age-specific 2x2 table; the crude table is used because the correction is illustrative. Non-differential error cannot change the direction of an association; corrected estimates move away from the null in both directions.
broad,1,1,33,1.2250356765036,1.2250356765036,TRUE,TRUE,Non-differential recorded-exposure error corrected on the crude age-specific 2x2 table; the crude table is used because the correction is illustrative. Non-differential error cannot change the direction of an association; corrected estimates move away from the null in both directions.
broad,1,1,34,1.26840165897493,1.26840165897493,TRUE,TRUE,Non-differential recorded-exposure error corrected on the crude age-specific 2x2 table; the crude table is used because the correction is illustrative. Non-differential error cannot change the direction of an association; corrected estimates move away from the null in both directions.
broad,1,1,35,1.32525571045333,1.32525571045333,TRUE,TRUE,Non-differential recorded-exposure error corrected on the crude age-specific 2x2 table; the crude table is used because the correction is illustrative. Non-differential error cannot change the direction of an association; corrected estimates move away from the null in both directions.
broad,1,1,36,1.33689179782057,1.33689179782057,TRUE,TRUE,Non-differential recorded-exposure error corrected on the crude age-specific 2x2 table; the crude table is used because the correction is illustrative. Non-differential error cannot change the direction of an association; corrected estimates move away from the null in both directions.
broad,1,1,37,1.36183325842629,1.36183325842629,TRUE,TRUE,Non-differential recorded-exposure error corrected on the crude age-specific 2x2 table; the crude table is used because the correction is illustrative. Non-differential error cannot change the direction of an association; corrected estimates move away from the null in both directions.
broad,1,1,38,1.42371140610547,1.42371140610547,TRUE,TRUE,Non-differential recorded-exposure error corrected on the crude age-specific 2x2 table; the crude table is used because the correction is illustrative. Non-differential error cannot change the direction of an association; corrected estimates move away from the null in both directions.
broad,1,1,39,1.39949126439789,1.39949126439789,TRUE,TRUE,Non-differential recorded-exposure error corrected on the crude age-specific 2x2 table; the crude table is used because the correction is illustrative. Non-differential error cannot change the direction of an association; corrected estimates move away from the null in both directions.
broad,1,1,40,1.40004147564677,1.40004147564677,TRUE,TRUE,Non-differential recorded-exposure error corrected on the crude age-specific 2x2 table; the crude table is used because the correction is illustrative. Non-differential error cannot change the direction of an association; corrected estimates move away from the null in both directions.
broad,1,1,41,1.39676858630228,1.39676858630228,TRUE,TRUE,Non-differential recorded-exposure error corrected on the crude age-specific 2x2 table; the crude table is used because the correction is illustrative. Non-differential error cannot change the direction of an association; corrected estimates move away from the null in both directions.
broad,1,1,42,1.4733721649212,1.4733721649212,TRUE,TRUE,Non-differential recorded-exposure error corrected on the crude age-specific 2x2 table; the crude table is used because the correction is illustrative. Non-differential error cannot change the direction of an association; corrected estimates move away from the null in both directions.
broad,1,1,43,1.336155849485,1.336155849485,TRUE,TRUE,Non-differential recorded-exposure error corrected on the crude age-specific 2x2 table; the crude table is used because the correction is illustrative. Non-differential error cannot change the direction of an association; corrected estimates move away from the null in both directions.
broad,1,1,44,1.48608703792864,1.48608703792864,TRUE,TRUE,Non-differential recorded-exposure error corrected on the crude age-specific 2x2 table; the crude table is used because the correction is illustrative. Non-differential error cannot change the direction of an association; corrected estimates move away from the null in both directions.
broad,1,1,45,1.20666477619659,1.20666477619659,TRUE,TRUE,Non-differential recorded-exposure error corrected on the crude age-specific 2x2 table; the crude table is used because the correction is illustrative. Non-differential error cannot change the direction of an association; corrected estimates move away from the null in both directions.
prepregnancy,0.7,0.98,15,0.834643401150819,0.500556345988307,TRUE,TRUE,Non-differential recorded-exposure error corrected on the crude age-specific 2x2 table; the crude table is used because the correction is illustrative. Non-differential error cannot change the direction of an association; corrected estimates move away from the null in both directions.
prepregnancy,0.7,0.98,16,0.780705496767497,0.586302723633783,TRUE,TRUE,Non-differential recorded-exposure error corrected on the crude age-specific 2x2 table; the crude table is used because the correction is illustrative. Non-differential error cannot change the direction of an association; corrected estimates move away from the null in both directions.
prepregnancy,0.7,0.98,17,0.837274205138732,0.749895363815698,TRUE,TRUE,Non-differential recorded-exposure error corrected on the crude age-specific 2x2 table; the crude table is used because the correction is illustrative. Non-differential error cannot change the direction of an association; corrected estimates move away from the null in both directions.
prepregnancy,0.7,0.98,18,0.86199315649325,0.814719905105559,TRUE,TRUE,Non-differential recorded-exposure error corrected on the crude age-specific 2x2 table; the crude table is used because the correction is illustrative. Non-differential error cannot change the direction of an association; corrected estimates move away from the null in both directions.
prepregnancy,0.7,0.98,19,0.883508936025948,0.850060404118416,TRUE,TRUE,Non-differential recorded-exposure error corrected on the crude age-specific 2x2 table; the crude table is used because the correction is illustrative. Non-differential error cannot change the direction of an association; corrected estimates move away from the null in both directions.
prepregnancy,0.7,0.98,20,0.868057038180831,0.831388357309461,TRUE,TRUE,Non-differential recorded-exposure error corrected on the crude age-specific 2x2 table; the crude table is used because the correction is illustrative. Non-differential error cannot change the direction of an association; corrected estimates move away from the null in both directions.
prepregnancy,0.7,0.98,21,0.871968596580674,0.836712863561917,TRUE,TRUE,Non-differential recorded-exposure error corrected on the crude age-specific 2x2 table; the crude table is used because the correction is illustrative. Non-differential error cannot change the direction of an association; corrected estimates move away from the null in both directions.
prepregnancy,0.7,0.98,22,0.864723973231443,0.827275297968044,TRUE,TRUE,Non-differential recorded-exposure error corrected on the crude age-specific 2x2 table; the crude table is used because the correction is illustrative. Non-differential error cannot change the direction of an association; corrected estimates move away from the null in both directions.
prepregnancy,0.7,0.98,23,0.859851027959345,0.820034824097819,TRUE,TRUE,Non-differential recorded-exposure error corrected on the crude age-specific 2x2 table; the crude table is used because the correction is illustrative. Non-differential error cannot change the direction of an association; corrected estimates move away from the null in both directions.
prepregnancy,0.7,0.98,24,0.867547610493383,0.828299703031253,TRUE,TRUE,Non-differential recorded-exposure error corrected on the crude age-specific 2x2 table; the crude table is used because the correction is illustrative. Non-differential error cannot change the direction of an association; corrected estimates move away from the null in both directions.
prepregnancy,0.7,0.98,25,0.870235652679919,0.829777615971596,TRUE,TRUE,Non-differential recorded-exposure error corrected on the crude age-specific 2x2 table; the crude table is used because the correction is illustrative. Non-differential error cannot change the direction of an association; corrected estimates move away from the null in both directions.
prepregnancy,0.7,0.98,26,0.906487531973684,0.875029439162318,TRUE,TRUE,Non-differential recorded-exposure error corrected on the crude age-specific 2x2 table; the crude table is used because the correction is illustrative. Non-differential error cannot change the direction of an association; corrected estimates move away from the null in both directions.
prepregnancy,0.7,0.98,27,0.933949028046389,0.90973050075451,TRUE,TRUE,Non-differential recorded-exposure error corrected on the crude age-specific 2x2 table; the crude table is used because the correction is illustrative. Non-differential error cannot change the direction of an association; corrected estimates move away from the null in both directions.
prepregnancy,0.7,0.98,28,0.975722887357439,0.965792528610985,TRUE,TRUE,Non-differential recorded-exposure error corrected on the crude age-specific 2x2 table; the crude table is used because the correction is illustrative. Non-differential error cannot change the direction of an association; corrected estimates move away from the null in both directions.
prepregnancy,0.7,0.98,29,1.05146735067972,1.075301197635,TRUE,TRUE,Non-differential recorded-exposure error corrected on the crude age-specific 2x2 table; the crude table is used because the correction is illustrative. Non-differential error cannot change the direction of an association; corrected estimates move away from the null in both directions.
prepregnancy,0.7,0.98,30,1.09363672339483,1.14266630505465,TRUE,TRUE,Non-differential recorded-exposure error corrected on the crude age-specific 2x2 table; the crude table is used because the correction is illustrative. Non-differential error cannot change the direction of an association; corrected estimates move away from the null in both directions.
prepregnancy,0.7,0.98,31,1.15811675464388,1.25247615855074,TRUE,TRUE,Non-differential recorded-exposure error corrected on the crude age-specific 2x2 table; the crude table is used because the correction is illustrative. Non-differential error cannot change the direction of an association; corrected estimates move away from the null in both directions.
prepregnancy,0.7,0.98,32,1.20306996866031,1.3359233158734,TRUE,TRUE,Non-differential recorded-exposure error corrected on the crude age-specific 2x2 table; the crude table is used because the correction is illustrative. Non-differential error cannot change the direction of an association; corrected estimates move away from the null in both directions.
prepregnancy,0.7,0.98,33,1.25929610393333,1.44167316498908,TRUE,TRUE,Non-differential recorded-exposure error corrected on the crude age-specific 2x2 table; the crude table is used because the correction is illustrative. Non-differential error cannot change the direction of an association; corrected estimates move away from the null in both directions.
prepregnancy,0.7,0.98,34,1.30247681765082,1.53051171460002,TRUE,TRUE,Non-differential recorded-exposure error corrected on the crude age-specific 2x2 table; the crude table is used because the correction is illustrative. Non-differential error cannot change the direction of an association; corrected estimates move away from the null in both directions.
prepregnancy,0.7,0.98,35,1.34060677362777,1.61397541923156,TRUE,TRUE,Non-differential recorded-exposure error corrected on the crude age-specific 2x2 table; the crude table is used because the correction is illustrative. Non-differential error cannot change the direction of an association; corrected estimates move away from the null in both directions.
prepregnancy,0.7,0.98,36,1.3653166676231,1.65508613627821,TRUE,TRUE,Non-differential recorded-exposure error corrected on the crude age-specific 2x2 table; the crude table is used because the correction is illustrative. Non-differential error cannot change the direction of an association; corrected estimates move away from the null in both directions.
prepregnancy,0.7,0.98,37,1.36951862170013,1.67123669574891,TRUE,TRUE,Non-differential recorded-exposure error corrected on the crude age-specific 2x2 table; the crude table is used because the correction is illustrative. Non-differential error cannot change the direction of an association; corrected estimates move away from the null in both directions.
prepregnancy,0.7,0.98,38,1.42002736811027,1.77290990578045,TRUE,TRUE,Non-differential recorded-exposure error corrected on the crude age-specific 2x2 table; the crude table is used because the correction is illustrative. Non-differential error cannot change the direction of an association; corrected estimates move away from the null in both directions.
prepregnancy,0.7,0.98,39,1.41105865071171,1.76690880274851,TRUE,TRUE,Non-differential recorded-exposure error corrected on the crude age-specific 2x2 table; the crude table is used because the correction is illustrative. Non-differential error cannot change the direction of an association; corrected estimates move away from the null in both directions.
prepregnancy,0.7,0.98,40,1.41656126920171,1.79623234049766,TRUE,TRUE,Non-differential recorded-exposure error corrected on the crude age-specific 2x2 table; the crude table is used because the correction is illustrative. Non-differential error cannot change the direction of an association; corrected estimates move away from the null in both directions.
prepregnancy,0.7,0.98,41,1.43270996990523,1.85688805738999,TRUE,TRUE,Non-differential recorded-exposure error corrected on the crude age-specific 2x2 table; the crude table is used because the correction is illustrative. Non-differential error cannot change the direction of an association; corrected estimates move away from the null in both directions.
prepregnancy,0.7,0.98,42,1.45873694923402,1.96676876735028,TRUE,TRUE,Non-differential recorded-exposure error corrected on the crude age-specific 2x2 table; the crude table is used because the correction is illustrative. Non-differential error cannot change the direction of an association; corrected estimates move away from the null in both directions.
prepregnancy,0.7,0.98,43,1.35017769035894,1.85928360558468,TRUE,TRUE,Non-differential recorded-exposure error corrected on the crude age-specific 2x2 table; the crude table is used because the correction is illustrative. Non-differential error cannot change the direction of an association; corrected estimates move away from the null in both directions.
prepregnancy,0.7,0.98,44,1.46824850193708,2.2705228424642,TRUE,TRUE,Non-differential recorded-exposure error corrected on the crude age-specific 2x2 table; the crude table is used because the correction is illustrative. Non-differential error cannot change the direction of an association; corrected estimates move away from the null in both directions.
prepregnancy,0.7,0.98,45,1.15921453226807,1.86610639716746,TRUE,TRUE,Non-differential recorded-exposure error corrected on the crude age-specific 2x2 table; the crude table is used because the correction is illustrative. Non-differential error cannot change the direction of an association; corrected estimates move away from the null in both directions.
prepregnancy,0.7,0.995,15,0.834643401150819,0.800324549047662,TRUE,TRUE,Non-differential recorded-exposure error corrected on the crude age-specific 2x2 table; the crude table is used because the correction is illustrative. Non-differential error cannot change the direction of an association; corrected estimates move away from the null in both directions.
prepregnancy,0.7,0.995,16,0.780705496767497,0.749092557646848,TRUE,TRUE,Non-differential recorded-exposure error corrected on the crude age-specific 2x2 table; the crude table is used because the correction is illustrative. Non-differential error cannot change the direction of an association; corrected estimates move away from the null in both directions.
prepregnancy,0.7,0.995,17,0.837274205138732,0.818854559524377,TRUE,TRUE,Non-differential recorded-exposure error corrected on the crude age-specific 2x2 table; the crude table is used because the correction is illustrative. Non-differential error cannot change the direction of an association; corrected estimates move away from the null in both directions.
prepregnancy,0.7,0.995,18,0.86199315649325,0.848942643342716,TRUE,TRUE,Non-differential recorded-exposure error corrected on the crude age-specific 2x2 table; the crude table is used because the correction is illustrative. Non-differential error cannot change the direction of an association; corrected estimates move away from the null in both directions.
prepregnancy,0.7,0.995,19,0.883508936025948,0.872834466846242,TRUE,TRUE,Non-differential recorded-exposure error corrected on the crude age-specific 2x2 table; the crude table is used because the correction is illustrative. Non-differential error cannot change the direction of an association; corrected estimates move away from the null in both directions.
prepregnancy,0.7,0.995,20,0.868057038180831,0.856115441241394,TRUE,TRUE,Non-differential recorded-exposure error corrected on the crude age-specific 2x2 table; the crude table is used because the correction is illustrative. Non-differential error cannot change the direction of an association; corrected estimates move away from the null in both directions.
prepregnancy,0.7,0.995,21,0.871968596580674,0.860367575902164,TRUE,TRUE,Non-differential recorded-exposure error corrected on the crude age-specific 2x2 table; the crude table is used because the correction is illustrative. Non-differential error cannot change the direction of an association; corrected estimates move away from the null in both directions.
prepregnancy,0.7,0.995,22,0.864723973231443,0.85250845358214,TRUE,TRUE,Non-differential recorded-exposure error corrected on the crude age-specific 2x2 table; the crude table is used because the correction is illustrative. Non-differential error cannot change the direction of an association; corrected estimates move away from the null in both directions.
prepregnancy,0.7,0.995,23,0.859851027959345,0.84718539797342,TRUE,TRUE,Non-differential recorded-exposure error corrected on the crude age-specific 2x2 table; the crude table is used because the correction is illustrative. Non-differential error cannot change the direction of an association; corrected estimates move away from the null in both directions.
prepregnancy,0.7,0.995,24,0.867547610493383,0.855444998016734,TRUE,TRUE,Non-differential recorded-exposure error corrected on the crude age-specific 2x2 table; the crude table is used because the correction is illustrative. Non-differential error cannot change the direction of an association; corrected estimates move away from the null in both directions.
prepregnancy,0.7,0.995,25,0.870235652679919,0.8582352354302,TRUE,TRUE,Non-differential recorded-exposure error corrected on the crude age-specific 2x2 table; the crude table is used because the correction is illustrative. Non-differential error cannot change the direction of an association; corrected estimates move away from the null in both directions.
prepregnancy,0.7,0.995,26,0.906487531973684,0.897533495231457,TRUE,TRUE,Non-differential recorded-exposure error corrected on the crude age-specific 2x2 table; the crude table is used because the correction is illustrative. Non-differential error cannot change the direction of an association; corrected estimates move away from the null in both directions.
prepregnancy,0.7,0.995,27,0.933949028046389,0.927393657996435,TRUE,TRUE,Non-differential recorded-exposure error corrected on the crude age-specific 2x2 table; the crude table is used because the correction is illustrative. Non-differential error cannot change the direction of an association; corrected estimates move away from the null in both directions.
prepregnancy,0.7,0.995,28,0.975722887357439,0.973187909349148,TRUE,TRUE,Non-differential recorded-exposure error corrected on the crude age-specific 2x2 table; the crude table is used because the correction is illustrative. Non-differential error cannot change the direction of an association; corrected estimates move away from the null in both directions.
prepregnancy,0.7,0.995,29,1.05146735067972,1.05721702110775,TRUE,TRUE,Non-differential recorded-exposure error corrected on the crude age-specific 2x2 table; the crude table is used because the correction is illustrative. Non-differential error cannot change the direction of an association; corrected estimates move away from the null in both directions.
prepregnancy,0.7,0.995,30,1.09363672339483,1.10473426465362,TRUE,TRUE,Non-differential recorded-exposure error corrected on the crude age-specific 2x2 table; the crude table is used because the correction is illustrative. Non-differential error cannot change the direction of an association; corrected estimates move away from the null in both directions.
prepregnancy,0.7,0.995,31,1.15811675464388,1.17817880024634,TRUE,TRUE,Non-differential recorded-exposure error corrected on the crude age-specific 2x2 table; the crude table is used because the correction is illustrative. Non-differential error cannot change the direction of an association; corrected estimates move away from the null in both directions.
prepregnancy,0.7,0.995,32,1.20306996866031,1.23009289432101,TRUE,TRUE,Non-differential recorded-exposure error corrected on the crude age-specific 2x2 table; the crude table is used because the correction is illustrative. Non-differential error cannot change the direction of an association; corrected estimates move away from the null in both directions.
prepregnancy,0.7,0.995,33,1.25929610393333,1.29523091532018,TRUE,TRUE,Non-differential recorded-exposure error corrected on the crude age-specific 2x2 table; the crude table is used because the correction is illustrative. Non-differential error cannot change the direction of an association; corrected estimates move away from the null in both directions.
prepregnancy,0.7,0.995,34,1.30247681765082,1.34595546536587,TRUE,TRUE,Non-differential recorded-exposure error corrected on the crude age-specific 2x2 table; the crude table is used because the correction is illustrative. Non-differential error cannot change the direction of an association; corrected estimates move away from the null in both directions.
prepregnancy,0.7,0.995,35,1.34060677362777,1.39117690496107,TRUE,TRUE,Non-differential recorded-exposure error corrected on the crude age-specific 2x2 table; the crude table is used because the correction is illustrative. Non-differential error cannot change the direction of an association; corrected estimates move away from the null in both directions.
prepregnancy,0.7,0.995,36,1.3653166676231,1.41947214754698,TRUE,TRUE,Non-differential recorded-exposure error corrected on the crude age-specific 2x2 table; the crude table is used because the correction is illustrative. Non-differential error cannot change the direction of an association; corrected estimates move away from the null in both directions.
prepregnancy,0.7,0.995,37,1.36951862170013,1.42500747783993,TRUE,TRUE,Non-differential recorded-exposure error corrected on the crude age-specific 2x2 table; the crude table is used because the correction is illustrative. Non-differential error cannot change the direction of an association; corrected estimates move away from the null in both directions.
prepregnancy,0.7,0.995,38,1.42002736811027,1.48430368164673,TRUE,TRUE,Non-differential recorded-exposure error corrected on the crude age-specific 2x2 table; the crude table is used because the correction is illustrative. Non-differential error cannot change the direction of an association; corrected estimates move away from the null in both directions.
prepregnancy,0.7,0.995,39,1.41105865071171,1.47468538708106,TRUE,TRUE,Non-differential recorded-exposure error corrected on the crude age-specific 2x2 table; the crude table is used because the correction is illustrative. Non-differential error cannot change the direction of an association; corrected estimates move away from the null in both directions.
prepregnancy,0.7,0.995,40,1.41656126920171,1.48250222352469,TRUE,TRUE,Non-differential recorded-exposure error corrected on the crude age-specific 2x2 table; the crude table is used because the correction is illustrative. Non-differential error cannot change the direction of an association; corrected estimates move away from the null in both directions.
prepregnancy,0.7,0.995,41,1.43270996990523,1.5034752526484,TRUE,TRUE,Non-differential recorded-exposure error corrected on the crude age-specific 2x2 table; the crude table is used because the correction is illustrative. Non-differential error cannot change the direction of an association; corrected estimates move away from the null in both directions.
prepregnancy,0.7,0.995,42,1.45873694923402,1.53788869646295,TRUE,TRUE,Non-differential recorded-exposure error corrected on the crude age-specific 2x2 table; the crude table is used because the correction is illustrative. Non-differential error cannot change the direction of an association; corrected estimates move away from the null in both directions.
prepregnancy,0.7,0.995,43,1.35017769035894,1.41692770447252,TRUE,TRUE,Non-differential recorded-exposure error corrected on the crude age-specific 2x2 table; the crude table is used because the correction is illustrative. Non-differential error cannot change the direction of an association; corrected estimates move away from the null in both directions.
prepregnancy,0.7,0.995,44,1.46824850193708,1.56410489446154,TRUE,TRUE,Non-differential recorded-exposure error corrected on the crude age-specific 2x2 table; the crude table is used because the correction is illustrative. Non-differential error cannot change the direction of an association; corrected estimates move away from the null in both directions.
prepregnancy,0.7,0.995,45,1.15921453226807,1.20129048817723,TRUE,TRUE,Non-differential recorded-exposure error corrected on the crude age-specific 2x2 table; the crude table is used because the correction is illustrative. Non-differential error cannot change the direction of an association; corrected estimates move away from the null in both directions.
prepregnancy,0.7,1,15,0.834643401150819,0.832816895095298,TRUE,TRUE,Non-differential recorded-exposure error corrected on the crude age-specific 2x2 table; the crude table is used because the correction is illustrative. Non-differential error cannot change the direction of an association; corrected estimates move away from the null in both directions.
prepregnancy,0.7,1,16,0.780705496767497,0.777449697529152,TRUE,TRUE,Non-differential recorded-exposure error corrected on the crude age-specific 2x2 table; the crude table is used because the correction is illustrative. Non-differential error cannot change the direction of an association; corrected estimates move away from the null in both directions.
prepregnancy,0.7,1,17,0.837274205138732,0.833701858657611,TRUE,TRUE,Non-differential recorded-exposure error corrected on the crude age-specific 2x2 table; the crude table is used because the correction is illustrative. Non-differential error cannot change the direction of an association; corrected estimates move away from the null in both directions.
prepregnancy,0.7,1,18,0.86199315649325,0.857467544940883,TRUE,TRUE,Non-differential recorded-exposure error corrected on the crude age-specific 2x2 table; the crude table is used because the correction is illustrative. Non-differential error cannot change the direction of an association; corrected estimates move away from the null in both directions.
prepregnancy,0.7,1,19,0.883508936025948,0.878795643927972,TRUE,TRUE,Non-differential recorded-exposure error corrected on the crude age-specific 2x2 table; the crude table is used because the correction is illustrative. Non-differential error cannot change the direction of an association; corrected estimates move away from the null in both directions.
prepregnancy,0.7,1,20,0.868057038180831,0.86263833790809,TRUE,TRUE,Non-differential recorded-exposure error corrected on the crude age-specific 2x2 table; the crude table is used because the correction is illustrative. Non-differential error cannot change the direction of an association; corrected estimates move away from the null in both directions.
prepregnancy,0.7,1,21,0.871968596580674,0.866624093910664,TRUE,TRUE,Non-differential recorded-exposure error corrected on the crude age-specific 2x2 table; the crude table is used because the correction is illustrative. Non-differential error cannot change the direction of an association; corrected estimates move away from the null in both directions.
prepregnancy,0.7,1,22,0.864723973231443,0.859170393295572,TRUE,TRUE,Non-differential recorded-exposure error corrected on the crude age-specific 2x2 table; the crude table is used because the correction is illustrative. Non-differential error cannot change the direction of an association; corrected estimates move away from the null in both directions.
prepregnancy,0.7,1,23,0.859851027959345,0.854302954132527,TRUE,TRUE,Non-differential recorded-exposure error corrected on the crude age-specific 2x2 table; the crude table is used because the correction is illustrative. Non-differential error cannot change the direction of an association; corrected estimates move away from the null in both directions.
prepregnancy,0.7,1,24,0.867547610493383,0.862484852406334,TRUE,TRUE,Non-differential recorded-exposure error corrected on the crude age-specific 2x2 table; the crude table is used because the correction is illustrative. Non-differential error cannot change the direction of an association; corrected estimates move away from the null in both directions.
prepregnancy,0.7,1,25,0.870235652679919,0.865515445730789,TRUE,TRUE,Non-differential recorded-exposure error corrected on the crude age-specific 2x2 table; the crude table is used because the correction is illustrative. Non-differential error cannot change the direction of an association; corrected estimates move away from the null in both directions.
prepregnancy,0.7,1,26,0.906487531973684,0.903179116513717,TRUE,TRUE,Non-differential recorded-exposure error corrected on the crude age-specific 2x2 table; the crude table is used because the correction is illustrative. Non-differential error cannot change the direction of an association; corrected estimates move away from the null in both directions.
prepregnancy,0.7,1,27,0.933949028046389,0.931719902423985,TRUE,TRUE,Non-differential recorded-exposure error corrected on the crude age-specific 2x2 table; the crude table is used because the correction is illustrative. Non-differential error cannot change the direction of an association; corrected estimates move away from the null in both directions.
prepregnancy,0.7,1,28,0.975722887357439,0.974942088913347,TRUE,TRUE,Non-differential recorded-exposure error corrected on the crude age-specific 2x2 table; the crude table is used because the correction is illustrative. Non-differential error cannot change the direction of an association; corrected estimates move away from the null in both directions.
prepregnancy,0.7,1,29,1.05146735067972,1.05308856688006,TRUE,TRUE,Non-differential recorded-exposure error corrected on the crude age-specific 2x2 table; the crude table is used because the correction is illustrative. Non-differential error cannot change the direction of an association; corrected estimates move away from the null in both directions.
prepregnancy,0.7,1,30,1.09363672339483,1.09643201743135,TRUE,TRUE,Non-differential recorded-exposure error corrected on the crude age-specific 2x2 table; the crude table is used because the correction is illustrative. Non-differential error cannot change the direction of an association; corrected estimates move away from the null in both directions.
prepregnancy,0.7,1,31,1.15811675464388,1.16267743554157,TRUE,TRUE,Non-differential recorded-exposure error corrected on the crude age-specific 2x2 table; the crude table is used because the correction is illustrative. Non-differential error cannot change the direction of an association; corrected estimates move away from the null in both directions.
prepregnancy,0.7,1,32,1.20306996866031,1.2087930675943,TRUE,TRUE,Non-differential recorded-exposure error corrected on the crude age-specific 2x2 table; the crude table is used because the correction is illustrative. Non-differential error cannot change the direction of an association; corrected estimates move away from the null in both directions.
prepregnancy,0.7,1,33,1.25929610393333,1.26660714843036,TRUE,TRUE,Non-differential recorded-exposure error corrected on the crude age-specific 2x2 table; the crude table is used because the correction is illustrative. Non-differential error cannot change the direction of an association; corrected estimates move away from the null in both directions.
prepregnancy,0.7,1,34,1.30247681765082,1.31092984722951,TRUE,TRUE,Non-differential recorded-exposure error corrected on the crude age-specific 2x2 table; the crude table is used because the correction is illustrative. Non-differential error cannot change the direction of an association; corrected estimates move away from the null in both directions.
prepregnancy,0.7,1,35,1.34060677362777,1.35004534077967,TRUE,TRUE,Non-differential recorded-exposure error corrected on the crude age-specific 2x2 table; the crude table is used because the correction is illustrative. Non-differential error cannot change the direction of an association; corrected estimates move away from the null in both directions.
prepregnancy,0.7,1,36,1.3653166676231,1.37571483649084,TRUE,TRUE,Non-differential recorded-exposure error corrected on the crude age-specific 2x2 table; the crude table is used because the correction is illustrative. Non-differential error cannot change the direction of an association; corrected estimates move away from the null in both directions.
prepregnancy,0.7,1,37,1.36951862170013,1.37988381890142,TRUE,TRUE,Non-differential recorded-exposure error corrected on the crude age-specific 2x2 table; the crude table is used because the correction is illustrative. Non-differential error cannot change the direction of an association; corrected estimates move away from the null in both directions.
prepregnancy,0.7,1,38,1.42002736811027,1.4320624978461,TRUE,TRUE,Non-differential recorded-exposure error corrected on the crude age-specific 2x2 table; the crude table is used because the correction is illustrative. Non-differential error cannot change the direction of an association; corrected estimates move away from the null in both directions.
prepregnancy,0.7,1,39,1.41105865071171,1.42254931483509,TRUE,TRUE,Non-differential recorded-exposure error corrected on the crude age-specific 2x2 table; the crude table is used because the correction is illustrative. Non-differential error cannot change the direction of an association; corrected estimates move away from the null in both directions.
prepregnancy,0.7,1,40,1.41656126920171,1.42790691541618,TRUE,TRUE,Non-differential recorded-exposure error corrected on the crude age-specific 2x2 table; the crude table is used because the correction is illustrative. Non-differential error cannot change the direction of an association; corrected estimates move away from the null in both directions.
prepregnancy,0.7,1,41,1.43270996990523,1.44415748555527,TRUE,TRUE,Non-differential recorded-exposure error corrected on the crude age-specific 2x2 table; the crude table is used because the correction is illustrative. Non-differential error cannot change the direction of an association; corrected estimates move away from the null in both directions.
prepregnancy,0.7,1,42,1.45873694923402,1.47032669567063,TRUE,TRUE,Non-differential recorded-exposure error corrected on the crude age-specific 2x2 table; the crude table is used because the correction is illustrative. Non-differential error cannot change the direction of an association; corrected estimates move away from the null in both directions.
prepregnancy,0.7,1,43,1.35017769035894,1.35735764957697,TRUE,TRUE,Non-differential recorded-exposure error corrected on the crude age-specific 2x2 table; the crude table is used because the correction is illustrative. Non-differential error cannot change the direction of an association; corrected estimates move away from the null in both directions.
prepregnancy,0.7,1,44,1.46824850193708,1.47803881394259,TRUE,TRUE,Non-differential recorded-exposure error corrected on the crude age-specific 2x2 table; the crude table is used because the correction is illustrative. Non-differential error cannot change the direction of an association; corrected estimates move away from the null in both directions.
prepregnancy,0.7,1,45,1.15921453226807,1.16121896108705,TRUE,TRUE,Non-differential recorded-exposure error corrected on the crude age-specific 2x2 table; the crude table is used because the correction is illustrative. Non-differential error cannot change the direction of an association; corrected estimates move away from the null in both directions.
prepregnancy,0.8,0.98,15,0.834643401150819,0.501016697894206,TRUE,TRUE,Non-differential recorded-exposure error corrected on the crude age-specific 2x2 table; the crude table is used because the correction is illustrative. Non-differential error cannot change the direction of an association; corrected estimates move away from the null in both directions.
prepregnancy,0.8,0.98,16,0.780705496767497,0.587334577289982,TRUE,TRUE,Non-differential recorded-exposure error corrected on the crude age-specific 2x2 table; the crude table is used because the correction is illustrative. Non-differential error cannot change the direction of an association; corrected estimates move away from the null in both directions.
prepregnancy,0.8,0.98,17,0.837274205138732,0.751251204701476,TRUE,TRUE,Non-differential recorded-exposure error corrected on the crude age-specific 2x2 table; the crude table is used because the correction is illustrative. Non-differential error cannot change the direction of an association; corrected estimates move away from the null in both directions.
prepregnancy,0.8,0.98,18,0.86199315649325,0.81654538038622,TRUE,TRUE,Non-differential recorded-exposure error corrected on the crude age-specific 2x2 table; the crude table is used because the correction is illustrative. Non-differential error cannot change the direction of an association; corrected estimates move away from the null in both directions.
prepregnancy,0.8,0.98,19,0.883508936025948,0.852004152624276,TRUE,TRUE,Non-differential recorded-exposure error corrected on the crude age-specific 2x2 table; the crude table is used because the correction is illustrative. Non-differential error cannot change the direction of an association; corrected estimates move away from the null in both directions.
prepregnancy,0.8,0.98,20,0.868057038180831,0.83361561082537,TRUE,TRUE,Non-differential recorded-exposure error corrected on the crude age-specific 2x2 table; the crude table is used because the correction is illustrative. Non-differential error cannot change the direction of an association; corrected estimates move away from the null in both directions.
prepregnancy,0.8,0.98,21,0.871968596580674,0.838914338716889,TRUE,TRUE,Non-differential recorded-exposure error corrected on the crude age-specific 2x2 table; the crude table is used because the correction is illustrative. Non-differential error cannot change the direction of an association; corrected estimates move away from the null in both directions.
prepregnancy,0.8,0.98,22,0.864723973231443,0.829555847855637,TRUE,TRUE,Non-differential recorded-exposure error corrected on the crude age-specific 2x2 table; the crude table is used because the correction is illustrative. Non-differential error cannot change the direction of an association; corrected estimates move away from the null in both directions.
prepregnancy,0.8,0.98,23,0.859851027959345,0.822304203677593,TRUE,TRUE,Non-differential recorded-exposure error corrected on the crude age-specific 2x2 table; the crude table is used because the correction is illustrative. Non-differential error cannot change the direction of an association; corrected estimates move away from the null in both directions.
prepregnancy,0.8,0.98,24,0.867547610493383,0.830370037355616,TRUE,TRUE,Non-differential recorded-exposure error corrected on the crude age-specific 2x2 table; the crude table is used because the correction is illustrative. Non-differential error cannot change the direction of an association; corrected estimates move away from the null in both directions.
prepregnancy,0.8,0.98,25,0.870235652679919,0.831702571850311,TRUE,TRUE,Non-differential recorded-exposure error corrected on the crude age-specific 2x2 table; the crude table is used because the correction is illustrative. Non-differential error cannot change the direction of an association; corrected estimates move away from the null in both directions.
prepregnancy,0.8,0.98,26,0.906487531973684,0.876392143730657,TRUE,TRUE,Non-differential recorded-exposure error corrected on the crude age-specific 2x2 table; the crude table is used because the correction is illustrative. Non-differential error cannot change the direction of an association; corrected estimates move away from the null in both directions.
prepregnancy,0.8,0.98,27,0.933949028046389,0.910654988457024,TRUE,TRUE,Non-differential recorded-exposure error corrected on the crude age-specific 2x2 table; the crude table is used because the correction is illustrative. Non-differential error cannot change the direction of an association; corrected estimates move away from the null in both directions.
prepregnancy,0.8,0.98,28,0.975722887357439,0.966120774509202,TRUE,TRUE,Non-differential recorded-exposure error corrected on the crude age-specific 2x2 table; the crude table is used because the correction is illustrative. Non-differential error cannot change the direction of an association; corrected estimates move away from the null in both directions.
prepregnancy,0.8,0.98,29,1.05146735067972,1.07459893251281,TRUE,TRUE,Non-differential recorded-exposure error corrected on the crude age-specific 2x2 table; the crude table is used because the correction is illustrative. Non-differential error cannot change the direction of an association; corrected estimates move away from the null in both directions.
prepregnancy,0.8,0.98,30,1.09363672339483,1.14143160821642,TRUE,TRUE,Non-differential recorded-exposure error corrected on the crude age-specific 2x2 table; the crude table is used because the correction is illustrative. Non-differential error cannot change the direction of an association; corrected estimates move away from the null in both directions.
prepregnancy,0.8,0.98,31,1.15811675464388,1.25039507384344,TRUE,TRUE,Non-differential recorded-exposure error corrected on the crude age-specific 2x2 table; the crude table is used because the correction is illustrative. Non-differential error cannot change the direction of an association; corrected estimates move away from the null in both directions.
prepregnancy,0.8,0.98,32,1.20306996866031,1.3332450739688,TRUE,TRUE,Non-differential recorded-exposure error corrected on the crude age-specific 2x2 table; the crude table is used because the correction is illustrative. Non-differential error cannot change the direction of an association; corrected estimates move away from the null in both directions.
prepregnancy,0.8,0.98,33,1.25929610393333,1.43814948537885,TRUE,TRUE,Non-differential recorded-exposure error corrected on the crude age-specific 2x2 table; the crude table is used because the correction is illustrative. Non-differential error cannot change the direction of an association; corrected estimates move away from the null in both directions.
prepregnancy,0.8,0.98,34,1.30247681765082,1.52633340244114,TRUE,TRUE,Non-differential recorded-exposure error corrected on the crude age-specific 2x2 table; the crude table is used because the correction is illustrative. Non-differential error cannot change the direction of an association; corrected estimates move away from the null in both directions.
prepregnancy,0.8,0.98,35,1.34060677362777,1.60919871160367,TRUE,TRUE,Non-differential recorded-exposure error corrected on the crude age-specific 2x2 table; the crude table is used because the correction is illustrative. Non-differential error cannot change the direction of an association; corrected estimates move away from the null in both directions.
prepregnancy,0.8,0.98,36,1.3653166676231,1.64978820483391,TRUE,TRUE,Non-differential recorded-exposure error corrected on the crude age-specific 2x2 table; the crude table is used because the correction is illustrative. Non-differential error cannot change the direction of an association; corrected estimates move away from the null in both directions.
prepregnancy,0.8,0.98,37,1.36951862170013,1.66592137161334,TRUE,TRUE,Non-differential recorded-exposure error corrected on the crude age-specific 2x2 table; the crude table is used because the correction is illustrative. Non-differential error cannot change the direction of an association; corrected estimates move away from the null in both directions.
prepregnancy,0.8,0.98,38,1.42002736811027,1.76659918523031,TRUE,TRUE,Non-differential recorded-exposure error corrected on the crude age-specific 2x2 table; the crude table is used because the correction is illustrative. Non-differential error cannot change the direction of an association; corrected estimates move away from the null in both directions.
prepregnancy,0.8,0.98,39,1.41105865071171,1.76086618503888,TRUE,TRUE,Non-differential recorded-exposure error corrected on the crude age-specific 2x2 table; the crude table is used because the correction is illustrative. Non-differential error cannot change the direction of an association; corrected estimates move away from the null in both directions.
prepregnancy,0.8,0.98,40,1.41656126920171,1.79019215626594,TRUE,TRUE,Non-differential recorded-exposure error corrected on the crude age-specific 2x2 table; the crude table is used because the correction is illustrative. Non-differential error cannot change the direction of an association; corrected estimates move away from the null in both directions.
prepregnancy,0.8,0.98,41,1.43270996990523,1.85066146861763,TRUE,TRUE,Non-differential recorded-exposure error corrected on the crude age-specific 2x2 table; the crude table is used because the correction is illustrative. Non-differential error cannot change the direction of an association; corrected estimates move away from the null in both directions.
prepregnancy,0.8,0.98,42,1.45873694923402,1.96021501240788,TRUE,TRUE,Non-differential recorded-exposure error corrected on the crude age-specific 2x2 table; the crude table is used because the correction is illustrative. Non-differential error cannot change the direction of an association; corrected estimates move away from the null in both directions.
prepregnancy,0.8,0.98,43,1.35017769035894,1.85513710080761,TRUE,TRUE,Non-differential recorded-exposure error corrected on the crude age-specific 2x2 table; the crude table is used because the correction is illustrative. Non-differential error cannot change the direction of an association; corrected estimates move away from the null in both directions.
prepregnancy,0.8,0.98,44,1.46824850193708,2.26418056875074,TRUE,TRUE,Non-differential recorded-exposure error corrected on the crude age-specific 2x2 table; the crude table is used because the correction is illustrative. Non-differential error cannot change the direction of an association; corrected estimates move away from the null in both directions.
prepregnancy,0.8,0.98,45,1.15921453226807,1.86475444009006,TRUE,TRUE,Non-differential recorded-exposure error corrected on the crude age-specific 2x2 table; the crude table is used because the correction is illustrative. Non-differential error cannot change the direction of an association; corrected estimates move away from the null in both directions.
prepregnancy,0.8,0.995,15,0.834643401150819,0.801060591921645,TRUE,TRUE,Non-differential recorded-exposure error corrected on the crude age-specific 2x2 table; the crude table is used because the correction is illustrative. Non-differential error cannot change the direction of an association; corrected estimates move away from the null in both directions.
prepregnancy,0.8,0.995,16,0.780705496767497,0.75041091054422,TRUE,TRUE,Non-differential recorded-exposure error corrected on the crude age-specific 2x2 table; the crude table is used because the correction is illustrative. Non-differential error cannot change the direction of an association; corrected estimates move away from the null in both directions.
prepregnancy,0.8,0.995,17,0.837274205138732,0.820335081401002,TRUE,TRUE,Non-differential recorded-exposure error corrected on the crude age-specific 2x2 table; the crude table is used because the correction is illustrative. Non-differential error cannot change the direction of an association; corrected estimates move away from the null in both directions.
prepregnancy,0.8,0.995,18,0.86199315649325,0.850844798672922,TRUE,TRUE,Non-differential recorded-exposure error corrected on the crude age-specific 2x2 table; the crude table is used because the correction is illustrative. Non-differential error cannot change the direction of an association; corrected estimates move away from the null in both directions.
prepregnancy,0.8,0.995,19,0.883508936025948,0.874830290534272,TRUE,TRUE,Non-differential recorded-exposure error corrected on the crude age-specific 2x2 table; the crude table is used because the correction is illustrative. Non-differential error cannot change the direction of an association; corrected estimates move away from the null in both directions.
prepregnancy,0.8,0.995,20,0.868057038180831,0.858408937547621,TRUE,TRUE,Non-differential recorded-exposure error corrected on the crude age-specific 2x2 table; the crude table is used because the correction is illustrative. Non-differential error cannot change the direction of an association; corrected estimates move away from the null in both directions.
prepregnancy,0.8,0.995,21,0.871968596580674,0.862631288969068,TRUE,TRUE,Non-differential recorded-exposure error corrected on the crude age-specific 2x2 table; the crude table is used because the correction is illustrative. Non-differential error cannot change the direction of an association; corrected estimates move away from the null in both directions.
prepregnancy,0.8,0.995,22,0.864723973231443,0.854858563712062,TRUE,TRUE,Non-differential recorded-exposure error corrected on the crude age-specific 2x2 table; the crude table is used because the correction is illustrative. Non-differential error cannot change the direction of an association; corrected estimates move away from the null in both directions.
prepregnancy,0.8,0.995,23,0.859851027959345,0.849529914554845,TRUE,TRUE,Non-differential recorded-exposure error corrected on the crude age-specific 2x2 table; the crude table is used because the correction is illustrative. Non-differential error cannot change the direction of an association; corrected estimates move away from the null in both directions.
prepregnancy,0.8,0.995,24,0.867547610493383,0.85758318198024,TRUE,TRUE,Non-differential recorded-exposure error corrected on the crude age-specific 2x2 table; the crude table is used because the correction is illustrative. Non-differential error cannot change the direction of an association; corrected estimates move away from the null in both directions.
prepregnancy,0.8,0.995,25,0.870235652679919,0.86022620858971,TRUE,TRUE,Non-differential recorded-exposure error corrected on the crude age-specific 2x2 table; the crude table is used because the correction is illustrative. Non-differential error cannot change the direction of an association; corrected estimates move away from the null in both directions.
prepregnancy,0.8,0.995,26,0.906487531973684,0.898931245912121,TRUE,TRUE,Non-differential recorded-exposure error corrected on the crude age-specific 2x2 table; the crude table is used because the correction is illustrative. Non-differential error cannot change the direction of an association; corrected estimates move away from the null in both directions.
prepregnancy,0.8,0.995,27,0.933949028046389,0.92833609537926,TRUE,TRUE,Non-differential recorded-exposure error corrected on the crude age-specific 2x2 table; the crude table is used because the correction is illustrative. Non-differential error cannot change the direction of an association; corrected estimates move away from the null in both directions.
prepregnancy,0.8,0.995,28,0.975722887357439,0.973518668730666,TRUE,TRUE,Non-differential recorded-exposure error corrected on the crude age-specific 2x2 table; the crude table is used because the correction is illustrative. Non-differential error cannot change the direction of an association; corrected estimates move away from the null in both directions.
prepregnancy,0.8,0.995,29,1.05146735067972,1.05652656652429,TRUE,TRUE,Non-differential recorded-exposure error corrected on the crude age-specific 2x2 table; the crude table is used because the correction is illustrative. Non-differential error cannot change the direction of an association; corrected estimates move away from the null in both directions.
prepregnancy,0.8,0.995,30,1.09363672339483,1.1035405549086,TRUE,TRUE,Non-differential recorded-exposure error corrected on the crude age-specific 2x2 table; the crude table is used because the correction is illustrative. Non-differential error cannot change the direction of an association; corrected estimates move away from the null in both directions.
prepregnancy,0.8,0.995,31,1.15811675464388,1.1762211662691,TRUE,TRUE,Non-differential recorded-exposure error corrected on the crude age-specific 2x2 table; the crude table is used because the correction is illustrative. Non-differential error cannot change the direction of an association; corrected estimates move away from the null in both directions.
prepregnancy,0.8,0.995,32,1.20306996866031,1.22762681988622,TRUE,TRUE,Non-differential recorded-exposure error corrected on the crude age-specific 2x2 table; the crude table is used because the correction is illustrative. Non-differential error cannot change the direction of an association; corrected estimates move away from the null in both directions.
prepregnancy,0.8,0.995,33,1.25929610393333,1.2920651639712,TRUE,TRUE,Non-differential recorded-exposure error corrected on the crude age-specific 2x2 table; the crude table is used because the correction is illustrative. Non-differential error cannot change the direction of an association; corrected estimates move away from the null in both directions.
prepregnancy,0.8,0.995,34,1.30247681765082,1.34228099359764,TRUE,TRUE,Non-differential recorded-exposure error corrected on the crude age-specific 2x2 table; the crude table is used because the correction is illustrative. Non-differential error cannot change the direction of an association; corrected estimates move away from the null in both directions.
prepregnancy,0.8,0.995,35,1.34060677362777,1.38705958988026,TRUE,TRUE,Non-differential recorded-exposure error corrected on the crude age-specific 2x2 table; the crude table is used because the correction is illustrative. Non-differential error cannot change the direction of an association; corrected estimates move away from the null in both directions.
prepregnancy,0.8,0.995,36,1.3653166676231,1.4149284165834,TRUE,TRUE,Non-differential recorded-exposure error corrected on the crude age-specific 2x2 table; the crude table is used because the correction is illustrative. Non-differential error cannot change the direction of an association; corrected estimates move away from the null in both directions.
prepregnancy,0.8,0.995,37,1.36951862170013,1.42047527922342,TRUE,TRUE,Non-differential recorded-exposure error corrected on the crude age-specific 2x2 table; the crude table is used because the correction is illustrative. Non-differential error cannot change the direction of an association; corrected estimates move away from the null in both directions.
prepregnancy,0.8,0.995,38,1.42002736811027,1.47902026272292,TRUE,TRUE,Non-differential recorded-exposure error corrected on the crude age-specific 2x2 table; the crude table is used because the correction is illustrative. Non-differential error cannot change the direction of an association; corrected estimates move away from the null in both directions.
prepregnancy,0.8,0.995,39,1.41105865071171,1.46964213865633,TRUE,TRUE,Non-differential recorded-exposure error corrected on the crude age-specific 2x2 table; the crude table is used because the correction is illustrative. Non-differential error cannot change the direction of an association; corrected estimates move away from the null in both directions.
prepregnancy,0.8,0.995,40,1.41656126920171,1.477517018464,TRUE,TRUE,Non-differential recorded-exposure error corrected on the crude age-specific 2x2 table; the crude table is used because the correction is illustrative. Non-differential error cannot change the direction of an association; corrected estimates move away from the null in both directions.
prepregnancy,0.8,0.995,41,1.43270996990523,1.49843374134652,TRUE,TRUE,Non-differential recorded-exposure error corrected on the crude age-specific 2x2 table; the crude table is used because the correction is illustrative. Non-differential error cannot change the direction of an association; corrected estimates move away from the null in both directions.
prepregnancy,0.8,0.995,42,1.45873694923402,1.53276407489451,TRUE,TRUE,Non-differential recorded-exposure error corrected on the crude age-specific 2x2 table; the crude table is used because the correction is illustrative. Non-differential error cannot change the direction of an association; corrected estimates move away from the null in both directions.
prepregnancy,0.8,0.995,43,1.35017769035894,1.41376772528607,TRUE,TRUE,Non-differential recorded-exposure error corrected on the crude age-specific 2x2 table; the crude table is used because the correction is illustrative. Non-differential error cannot change the direction of an association; corrected estimates move away from the null in both directions.
prepregnancy,0.8,0.995,44,1.46824850193708,1.55973586492715,TRUE,TRUE,Non-differential recorded-exposure error corrected on the crude age-specific 2x2 table; the crude table is used because the correction is illustrative. Non-differential error cannot change the direction of an association; corrected estimates move away from the null in both directions.
prepregnancy,0.8,0.995,45,1.15921453226807,1.20042017704171,TRUE,TRUE,Non-differential recorded-exposure error corrected on the crude age-specific 2x2 table; the crude table is used because the correction is illustrative. Non-differential error cannot change the direction of an association; corrected estimates move away from the null in both directions.
prepregnancy,0.8,1,15,0.834643401150819,0.833582820546038,TRUE,TRUE,Non-differential recorded-exposure error corrected on the crude age-specific 2x2 table; the crude table is used because the correction is illustrative. Non-differential error cannot change the direction of an association; corrected estimates move away from the null in both directions.
prepregnancy,0.8,1,16,0.780705496767497,0.778817957099796,TRUE,TRUE,Non-differential recorded-exposure error corrected on the crude age-specific 2x2 table; the crude table is used because the correction is illustrative. Non-differential error cannot change the direction of an association; corrected estimates move away from the null in both directions.
prepregnancy,0.8,1,17,0.837274205138732,0.835209225046389,TRUE,TRUE,Non-differential recorded-exposure error corrected on the crude age-specific 2x2 table; the crude table is used because the correction is illustrative. Non-differential error cannot change the direction of an association; corrected estimates move away from the null in both directions.
prepregnancy,0.8,1,18,0.86199315649325,0.859388801310649,TRUE,TRUE,Non-differential recorded-exposure error corrected on the crude age-specific 2x2 table; the crude table is used because the correction is illustrative. Non-differential error cannot change the direction of an association; corrected estimates move away from the null in both directions.
prepregnancy,0.8,1,19,0.883508936025948,0.880805098446223,TRUE,TRUE,Non-differential recorded-exposure error corrected on the crude age-specific 2x2 table; the crude table is used because the correction is illustrative. Non-differential error cannot change the direction of an association; corrected estimates move away from the null in both directions.
prepregnancy,0.8,1,20,0.868057038180831,0.864949308772876,TRUE,TRUE,Non-differential recorded-exposure error corrected on the crude age-specific 2x2 table; the crude table is used because the correction is illustrative. Non-differential error cannot change the direction of an association; corrected estimates move away from the null in both directions.
prepregnancy,0.8,1,21,0.871968596580674,0.868904268501649,TRUE,TRUE,Non-differential recorded-exposure error corrected on the crude age-specific 2x2 table; the crude table is used because the correction is illustrative. Non-differential error cannot change the direction of an association; corrected estimates move away from the null in both directions.
prepregnancy,0.8,1,22,0.864723973231443,0.861538868395295,TRUE,TRUE,Non-differential recorded-exposure error corrected on the crude age-specific 2x2 table; the crude table is used because the correction is illustrative. Non-differential error cannot change the direction of an association; corrected estimates move away from the null in both directions.
prepregnancy,0.8,1,23,0.859851027959345,0.856667167970862,TRUE,TRUE,Non-differential recorded-exposure error corrected on the crude age-specific 2x2 table; the crude table is used because the correction is illustrative. Non-differential error cannot change the direction of an association; corrected estimates move away from the null in both directions.
prepregnancy,0.8,1,24,0.867547610493383,0.864640632479229,TRUE,TRUE,Non-differential recorded-exposure error corrected on the crude age-specific 2x2 table; the crude table is used because the correction is illustrative. Non-differential error cannot change the direction of an association; corrected estimates move away from the null in both directions.
prepregnancy,0.8,1,25,0.870235652679919,0.867523307853494,TRUE,TRUE,Non-differential recorded-exposure error corrected on the crude age-specific 2x2 table; the crude table is used because the correction is illustrative. Non-differential error cannot change the direction of an association; corrected estimates move away from the null in both directions.
prepregnancy,0.8,1,26,0.906487531973684,0.904585659257331,TRUE,TRUE,Non-differential recorded-exposure error corrected on the crude age-specific 2x2 table; the crude table is used because the correction is illustrative. Non-differential error cannot change the direction of an association; corrected estimates move away from the null in both directions.
prepregnancy,0.8,1,27,0.933949028046389,0.932666736229451,TRUE,TRUE,Non-differential recorded-exposure error corrected on the crude age-specific 2x2 table; the crude table is used because the correction is illustrative. Non-differential error cannot change the direction of an association; corrected estimates move away from the null in both directions.
prepregnancy,0.8,1,28,0.975722887357439,0.975273444491491,TRUE,TRUE,Non-differential recorded-exposure error corrected on the crude age-specific 2x2 table; the crude table is used because the correction is illustrative. Non-differential error cannot change the direction of an association; corrected estimates move away from the null in both directions.
prepregnancy,0.8,1,29,1.05146735067972,1.05240080853595,TRUE,TRUE,Non-differential recorded-exposure error corrected on the crude age-specific 2x2 table; the crude table is used because the correction is illustrative. Non-differential error cannot change the direction of an association; corrected estimates move away from the null in both directions.
prepregnancy,0.8,1,30,1.09363672339483,1.09524727859792,TRUE,TRUE,Non-differential recorded-exposure error corrected on the crude age-specific 2x2 table; the crude table is used because the correction is illustrative. Non-differential error cannot change the direction of an association; corrected estimates move away from the null in both directions.
prepregnancy,0.8,1,31,1.15811675464388,1.16074555826462,TRUE,TRUE,Non-differential recorded-exposure error corrected on the crude age-specific 2x2 table; the crude table is used because the correction is illustrative. Non-differential error cannot change the direction of an association; corrected estimates move away from the null in both directions.
prepregnancy,0.8,1,32,1.20306996866031,1.20636969477854,TRUE,TRUE,Non-differential recorded-exposure error corrected on the crude age-specific 2x2 table; the crude table is used because the correction is illustrative. Non-differential error cannot change the direction of an association; corrected estimates move away from the null in both directions.
prepregnancy,0.8,1,33,1.25929610393333,1.26351135814204,TRUE,TRUE,Non-differential recorded-exposure error corrected on the crude age-specific 2x2 table; the crude table is used because the correction is illustrative. Non-differential error cannot change the direction of an association; corrected estimates move away from the null in both directions.
prepregnancy,0.8,1,34,1.30247681765082,1.30735099574614,TRUE,TRUE,Non-differential recorded-exposure error corrected on the crude age-specific 2x2 table; the crude table is used because the correction is illustrative. Non-differential error cannot change the direction of an association; corrected estimates move away from the null in both directions.
prepregnancy,0.8,1,35,1.34060677362777,1.34604975831884,TRUE,TRUE,Non-differential recorded-exposure error corrected on the crude age-specific 2x2 table; the crude table is used because the correction is illustrative. Non-differential error cannot change the direction of an association; corrected estimates move away from the null in both directions.
prepregnancy,0.8,1,36,1.3653166676231,1.37131117269904,TRUE,TRUE,Non-differential recorded-exposure error corrected on the crude age-specific 2x2 table; the crude table is used because the correction is illustrative. Non-differential error cannot change the direction of an association; corrected estimates move away from the null in both directions.
prepregnancy,0.8,1,37,1.36951862170013,1.37549513488943,TRUE,TRUE,Non-differential recorded-exposure error corrected on the crude age-specific 2x2 table; the crude table is used because the correction is illustrative. Non-differential error cannot change the direction of an association; corrected estimates move away from the null in both directions.
prepregnancy,0.8,1,38,1.42002736811027,1.42696503282276,TRUE,TRUE,Non-differential recorded-exposure error corrected on the crude age-specific 2x2 table; the crude table is used because the correction is illustrative. Non-differential error cannot change the direction of an association; corrected estimates move away from the null in both directions.
prepregnancy,0.8,1,39,1.41105865071171,1.4176843655693,TRUE,TRUE,Non-differential recorded-exposure error corrected on the crude age-specific 2x2 table; the crude table is used because the correction is illustrative. Non-differential error cannot change the direction of an association; corrected estimates move away from the null in both directions.
prepregnancy,0.8,1,40,1.41656126920171,1.42310529780781,TRUE,TRUE,Non-differential recorded-exposure error corrected on the crude age-specific 2x2 table; the crude table is used because the correction is illustrative. Non-differential error cannot change the direction of an association; corrected estimates move away from the null in both directions.
prepregnancy,0.8,1,41,1.43270996990523,1.43931488088166,TRUE,TRUE,Non-differential recorded-exposure error corrected on the crude age-specific 2x2 table; the crude table is used because the correction is illustrative. Non-differential error cannot change the direction of an association; corrected estimates move away from the null in both directions.
prepregnancy,0.8,1,42,1.45873694923402,1.46542720722609,TRUE,TRUE,Non-differential recorded-exposure error corrected on the crude age-specific 2x2 table; the crude table is used because the correction is illustrative. Non-differential error cannot change the direction of an association; corrected estimates move away from the null in both directions.
prepregnancy,0.8,1,43,1.35017769035894,1.35433052129958,TRUE,TRUE,Non-differential recorded-exposure error corrected on the crude age-specific 2x2 table; the crude table is used because the correction is illustrative. Non-differential error cannot change the direction of an association; corrected estimates move away from the null in both directions.
prepregnancy,0.8,1,44,1.46824850193708,1.47391019363461,TRUE,TRUE,Non-differential recorded-exposure error corrected on the crude age-specific 2x2 table; the crude table is used because the correction is illustrative. Non-differential error cannot change the direction of an association; corrected estimates move away from the null in both directions.
prepregnancy,0.8,1,45,1.15921453226807,1.16037768097824,TRUE,TRUE,Non-differential recorded-exposure error corrected on the crude age-specific 2x2 table; the crude table is used because the correction is illustrative. Non-differential error cannot change the direction of an association; corrected estimates move away from the null in both directions.
prepregnancy,0.9,0.98,15,0.834643401150819,0.501371843532527,TRUE,TRUE,Non-differential recorded-exposure error corrected on the crude age-specific 2x2 table; the crude table is used because the correction is illustrative. Non-differential error cannot change the direction of an association; corrected estimates move away from the null in both directions.
prepregnancy,0.9,0.98,16,0.780705496767497,0.5881284000253,TRUE,TRUE,Non-differential recorded-exposure error corrected on the crude age-specific 2x2 table; the crude table is used because the correction is illustrative. Non-differential error cannot change the direction of an association; corrected estimates move away from the null in both directions.
prepregnancy,0.9,0.98,17,0.837274205138732,0.752288873453403,TRUE,TRUE,Non-differential recorded-exposure error corrected on the crude age-specific 2x2 table; the crude table is used because the correction is illustrative. Non-differential error cannot change the direction of an association; corrected estimates move away from the null in both directions.
prepregnancy,0.9,0.98,18,0.86199315649325,0.817931523876551,TRUE,TRUE,Non-differential recorded-exposure error corrected on the crude age-specific 2x2 table; the crude table is used because the correction is illustrative. Non-differential error cannot change the direction of an association; corrected estimates move away from the null in both directions.
prepregnancy,0.9,0.98,19,0.883508936025948,0.853471965527312,TRUE,TRUE,Non-differential recorded-exposure error corrected on the crude age-specific 2x2 table; the crude table is used because the correction is illustrative. Non-differential error cannot change the direction of an association; corrected estimates move away from the null in both directions.
prepregnancy,0.9,0.98,20,0.868057038180831,0.83529677619013,TRUE,TRUE,Non-differential recorded-exposure error corrected on the crude age-specific 2x2 table; the crude table is used because the correction is illustrative. Non-differential error cannot change the direction of an association; corrected estimates move away from the null in both directions.
prepregnancy,0.9,0.98,21,0.871968596580674,0.84057524002824,TRUE,TRUE,Non-differential recorded-exposure error corrected on the crude age-specific 2x2 table; the crude table is used because the correction is illustrative. Non-differential error cannot change the direction of an association; corrected estimates move away from the null in both directions.
prepregnancy,0.9,0.98,22,0.864723973231443,0.831277260480369,TRUE,TRUE,Non-differential recorded-exposure error corrected on the crude age-specific 2x2 table; the crude table is used because the correction is illustrative. Non-differential error cannot change the direction of an association; corrected estimates move away from the null in both directions.
prepregnancy,0.9,0.98,23,0.859851027959345,0.824018992749415,TRUE,TRUE,Non-differential recorded-exposure error corrected on the crude age-specific 2x2 table; the crude table is used because the correction is illustrative. Non-differential error cannot change the direction of an association; corrected estimates move away from the null in both directions.
prepregnancy,0.9,0.98,24,0.867547610493383,0.831935960612283,TRUE,TRUE,Non-differential recorded-exposure error corrected on the crude age-specific 2x2 table; the crude table is used because the correction is illustrative. Non-differential error cannot change the direction of an association; corrected estimates move away from the null in both directions.
prepregnancy,0.9,0.98,25,0.870235652679919,0.833160477069973,TRUE,TRUE,Non-differential recorded-exposure error corrected on the crude age-specific 2x2 table; the crude table is used because the correction is illustrative. Non-differential error cannot change the direction of an association; corrected estimates move away from the null in both directions.
prepregnancy,0.9,0.98,26,0.906487531973684,0.877424958129226,TRUE,TRUE,Non-differential recorded-exposure error corrected on the crude age-specific 2x2 table; the crude table is used because the correction is illustrative. Non-differential error cannot change the direction of an association; corrected estimates move away from the null in both directions.
prepregnancy,0.9,0.98,27,0.933949028046389,0.911356497467482,TRUE,TRUE,Non-differential recorded-exposure error corrected on the crude age-specific 2x2 table; the crude table is used because the correction is illustrative. Non-differential error cannot change the direction of an association; corrected estimates move away from the null in both directions.
prepregnancy,0.9,0.98,28,0.975722887357439,0.966370136171735,TRUE,TRUE,Non-differential recorded-exposure error corrected on the crude age-specific 2x2 table; the crude table is used because the correction is illustrative. Non-differential error cannot change the direction of an association; corrected estimates move away from the null in both directions.
prepregnancy,0.9,0.98,29,1.05146735067972,1.07406518047969,TRUE,TRUE,Non-differential recorded-exposure error corrected on the crude age-specific 2x2 table; the crude table is used because the correction is illustrative. Non-differential error cannot change the direction of an association; corrected estimates move away from the null in both directions.
prepregnancy,0.9,0.98,30,1.09363672339483,1.14049206457498,TRUE,TRUE,Non-differential recorded-exposure error corrected on the crude age-specific 2x2 table; the crude table is used because the correction is illustrative. Non-differential error cannot change the direction of an association; corrected estimates move away from the null in both directions.
prepregnancy,0.9,0.98,31,1.15811675464388,1.24881031202028,TRUE,TRUE,Non-differential recorded-exposure error corrected on the crude age-specific 2x2 table; the crude table is used because the correction is illustrative. Non-differential error cannot change the direction of an association; corrected estimates move away from the null in both directions.
prepregnancy,0.9,0.98,32,1.20306996866031,1.33120459442376,TRUE,TRUE,Non-differential recorded-exposure error corrected on the crude age-specific 2x2 table; the crude table is used because the correction is illustrative. Non-differential error cannot change the direction of an association; corrected estimates move away from the null in both directions.
prepregnancy,0.9,0.98,33,1.25929610393333,1.43546491489729,TRUE,TRUE,Non-differential recorded-exposure error corrected on the crude age-specific 2x2 table; the crude table is used because the correction is illustrative. Non-differential error cannot change the direction of an association; corrected estimates move away from the null in both directions.
prepregnancy,0.9,0.98,34,1.30247681765082,1.5231495130609,TRUE,TRUE,Non-differential recorded-exposure error corrected on the crude age-specific 2x2 table; the crude table is used because the correction is illustrative. Non-differential error cannot change the direction of an association; corrected estimates move away from the null in both directions.
prepregnancy,0.9,0.98,35,1.34060677362777,1.60555822178255,TRUE,TRUE,Non-differential recorded-exposure error corrected on the crude age-specific 2x2 table; the crude table is used because the correction is illustrative. Non-differential error cannot change the direction of an association; corrected estimates move away from the null in both directions.
prepregnancy,0.9,0.98,36,1.3653166676231,1.64575267668199,TRUE,TRUE,Non-differential recorded-exposure error corrected on the crude age-specific 2x2 table; the crude table is used because the correction is illustrative. Non-differential error cannot change the direction of an association; corrected estimates move away from the null in both directions.
prepregnancy,0.9,0.98,37,1.36951862170013,1.66187138202529,TRUE,TRUE,Non-differential recorded-exposure error corrected on the crude age-specific 2x2 table; the crude table is used because the correction is illustrative. Non-differential error cannot change the direction of an association; corrected estimates move away from the null in both directions.
prepregnancy,0.9,0.98,38,1.42002736811027,1.76179285934655,TRUE,TRUE,Non-differential recorded-exposure error corrected on the crude age-specific 2x2 table; the crude table is used because the correction is illustrative. Non-differential error cannot change the direction of an association; corrected estimates move away from the null in both directions.
prepregnancy,0.9,0.98,39,1.41105865071171,1.75626171393717,TRUE,TRUE,Non-differential recorded-exposure error corrected on the crude age-specific 2x2 table; the crude table is used because the correction is illustrative. Non-differential error cannot change the direction of an association; corrected estimates move away from the null in both directions.
prepregnancy,0.9,0.98,40,1.41656126920171,1.78558714200921,TRUE,TRUE,Non-differential recorded-exposure error corrected on the crude age-specific 2x2 table; the crude table is used because the correction is illustrative. Non-differential error cannot change the direction of an association; corrected estimates move away from the null in both directions.
prepregnancy,0.9,0.98,41,1.43270996990523,1.84591164656924,TRUE,TRUE,Non-differential recorded-exposure error corrected on the crude age-specific 2x2 table; the crude table is used because the correction is illustrative. Non-differential error cannot change the direction of an association; corrected estimates move away from the null in both directions.
prepregnancy,0.9,0.98,42,1.45873694923402,1.95521128924503,TRUE,TRUE,Non-differential recorded-exposure error corrected on the crude age-specific 2x2 table; the crude table is used because the correction is illustrative. Non-differential error cannot change the direction of an association; corrected estimates move away from the null in both directions.
prepregnancy,0.9,0.98,43,1.35017769035894,1.85196029083166,TRUE,TRUE,Non-differential recorded-exposure error corrected on the crude age-specific 2x2 table; the crude table is used because the correction is illustrative. Non-differential error cannot change the direction of an association; corrected estimates move away from the null in both directions.
prepregnancy,0.9,0.98,44,1.46824850193708,2.25932292286101,TRUE,TRUE,Non-differential recorded-exposure error corrected on the crude age-specific 2x2 table; the crude table is used because the correction is illustrative. Non-differential error cannot change the direction of an association; corrected estimates move away from the null in both directions.
prepregnancy,0.9,0.98,45,1.15921453226807,1.86371263333324,TRUE,TRUE,Non-differential recorded-exposure error corrected on the crude age-specific 2x2 table; the crude table is used because the correction is illustrative. Non-differential error cannot change the direction of an association; corrected estimates move away from the null in both directions.
prepregnancy,0.9,0.995,15,0.834643401150819,0.801628423645512,TRUE,TRUE,Non-differential recorded-exposure error corrected on the crude age-specific 2x2 table; the crude table is used because the correction is illustrative. Non-differential error cannot change the direction of an association; corrected estimates move away from the null in both directions.
prepregnancy,0.9,0.995,16,0.780705496767497,0.751425142065152,TRUE,TRUE,Non-differential recorded-exposure error corrected on the crude age-specific 2x2 table; the crude table is used because the correction is illustrative. Non-differential error cannot change the direction of an association; corrected estimates move away from the null in both directions.
prepregnancy,0.9,0.995,17,0.837274205138732,0.821468172535835,TRUE,TRUE,Non-differential recorded-exposure error corrected on the crude age-specific 2x2 table; the crude table is used because the correction is illustrative. Non-differential error cannot change the direction of an association; corrected estimates move away from the null in both directions.
prepregnancy,0.9,0.995,18,0.86199315649325,0.852289167849813,TRUE,TRUE,Non-differential recorded-exposure error corrected on the crude age-specific 2x2 table; the crude table is used because the correction is illustrative. Non-differential error cannot change the direction of an association; corrected estimates move away from the null in both directions.
prepregnancy,0.9,0.995,19,0.883508936025948,0.876337427775866,TRUE,TRUE,Non-differential recorded-exposure error corrected on the crude age-specific 2x2 table; the crude table is used because the correction is illustrative. Non-differential error cannot change the direction of an association; corrected estimates move away from the null in both directions.
prepregnancy,0.9,0.995,20,0.868057038180831,0.86014010399396,TRUE,TRUE,Non-differential recorded-exposure error corrected on the crude age-specific 2x2 table; the crude table is used because the correction is illustrative. Non-differential error cannot change the direction of an association; corrected estimates move away from the null in both directions.
prepregnancy,0.9,0.995,21,0.871968596580674,0.864339145627296,TRUE,TRUE,Non-differential recorded-exposure error corrected on the crude age-specific 2x2 table; the crude table is used because the correction is illustrative. Non-differential error cannot change the direction of an association; corrected estimates move away from the null in both directions.
prepregnancy,0.9,0.995,22,0.864723973231443,0.856632482041657,TRUE,TRUE,Non-differential recorded-exposure error corrected on the crude age-specific 2x2 table; the crude table is used because the correction is illustrative. Non-differential error cannot change the direction of an association; corrected estimates move away from the null in both directions.
prepregnancy,0.9,0.995,23,0.859851027959345,0.85130147866354,TRUE,TRUE,Non-differential recorded-exposure error corrected on the crude age-specific 2x2 table; the crude table is used because the correction is illustrative. Non-differential error cannot change the direction of an association; corrected estimates move away from the null in both directions.
prepregnancy,0.9,0.995,24,0.867547610493383,0.859200424159963,TRUE,TRUE,Non-differential recorded-exposure error corrected on the crude age-specific 2x2 table; the crude table is used because the correction is illustrative. Non-differential error cannot change the direction of an association; corrected estimates move away from the null in both directions.
prepregnancy,0.9,0.995,25,0.870235652679919,0.861734113364855,TRUE,TRUE,Non-differential recorded-exposure error corrected on the crude age-specific 2x2 table; the crude table is used because the correction is illustrative. Non-differential error cannot change the direction of an association; corrected estimates move away from the null in both directions.
prepregnancy,0.9,0.995,26,0.906487531973684,0.899990622289172,TRUE,TRUE,Non-differential recorded-exposure error corrected on the crude age-specific 2x2 table; the crude table is used because the correction is illustrative. Non-differential error cannot change the direction of an association; corrected estimates move away from the null in both directions.
prepregnancy,0.9,0.995,27,0.933949028046389,0.92905122475745,TRUE,TRUE,Non-differential recorded-exposure error corrected on the crude age-specific 2x2 table; the crude table is used because the correction is illustrative. Non-differential error cannot change the direction of an association; corrected estimates move away from the null in both directions.
prepregnancy,0.9,0.995,28,0.975722887357439,0.973769939834805,TRUE,TRUE,Non-differential recorded-exposure error corrected on the crude age-specific 2x2 table; the crude table is used because the correction is illustrative. Non-differential error cannot change the direction of an association; corrected estimates move away from the null in both directions.
prepregnancy,0.9,0.995,29,1.05146735067972,1.05600179101423,TRUE,TRUE,Non-differential recorded-exposure error corrected on the crude age-specific 2x2 table; the crude table is used because the correction is illustrative. Non-differential error cannot change the direction of an association; corrected estimates move away from the null in both directions.
prepregnancy,0.9,0.995,30,1.09363672339483,1.10263220043167,TRUE,TRUE,Non-differential recorded-exposure error corrected on the crude age-specific 2x2 table; the crude table is used because the correction is illustrative. Non-differential error cannot change the direction of an association; corrected estimates move away from the null in both directions.
prepregnancy,0.9,0.995,31,1.15811675464388,1.17473041311525,TRUE,TRUE,Non-differential recorded-exposure error corrected on the crude age-specific 2x2 table; the crude table is used because the correction is illustrative. Non-differential error cannot change the direction of an association; corrected estimates move away from the null in both directions.
prepregnancy,0.9,0.995,32,1.20306996866031,1.22574798495645,TRUE,TRUE,Non-differential recorded-exposure error corrected on the crude age-specific 2x2 table; the crude table is used because the correction is illustrative. Non-differential error cannot change the direction of an association; corrected estimates move away from the null in both directions.
prepregnancy,0.9,0.995,33,1.25929610393333,1.28965328673957,TRUE,TRUE,Non-differential recorded-exposure error corrected on the crude age-specific 2x2 table; the crude table is used because the correction is illustrative. Non-differential error cannot change the direction of an association; corrected estimates move away from the null in both directions.
prepregnancy,0.9,0.995,34,1.30247681765082,1.33948103246597,TRUE,TRUE,Non-differential recorded-exposure error corrected on the crude age-specific 2x2 table; the crude table is used because the correction is illustrative. Non-differential error cannot change the direction of an association; corrected estimates move away from the null in both directions.
prepregnancy,0.9,0.995,35,1.34060677362777,1.38392164533566,TRUE,TRUE,Non-differential recorded-exposure error corrected on the crude age-specific 2x2 table; the crude table is used because the correction is illustrative. Non-differential error cannot change the direction of an association; corrected estimates move away from the null in both directions.
prepregnancy,0.9,0.995,36,1.3653166676231,1.41146737628662,TRUE,TRUE,Non-differential recorded-exposure error corrected on the crude age-specific 2x2 table; the crude table is used because the correction is illustrative. Non-differential error cannot change the direction of an association; corrected estimates move away from the null in both directions.
prepregnancy,0.9,0.995,37,1.36951862170013,1.41702198893676,TRUE,TRUE,Non-differential recorded-exposure error corrected on the crude age-specific 2x2 table; the crude table is used because the correction is illustrative. Non-differential error cannot change the direction of an association; corrected estimates move away from the null in both directions.
prepregnancy,0.9,0.995,38,1.42002736811027,1.47499634296186,TRUE,TRUE,Non-differential recorded-exposure error corrected on the crude age-specific 2x2 table; the crude table is used because the correction is illustrative. Non-differential error cannot change the direction of an association; corrected estimates move away from the null in both directions.
prepregnancy,0.9,0.995,39,1.41105865071171,1.46579918635547,TRUE,TRUE,Non-differential recorded-exposure error corrected on the crude age-specific 2x2 table; the crude table is used because the correction is illustrative. Non-differential error cannot change the direction of an association; corrected estimates move away from the null in both directions.
prepregnancy,0.9,0.995,40,1.41656126920171,1.47371631644953,TRUE,TRUE,Non-differential recorded-exposure error corrected on the crude age-specific 2x2 table; the crude table is used because the correction is illustrative. Non-differential error cannot change the direction of an association; corrected estimates move away from the null in both directions.
prepregnancy,0.9,0.995,41,1.43270996990523,1.49458793067644,TRUE,TRUE,Non-differential recorded-exposure error corrected on the crude age-specific 2x2 table; the crude table is used because the correction is illustrative. Non-differential error cannot change the direction of an association; corrected estimates move away from the null in both directions.
prepregnancy,0.9,0.995,42,1.45873694923402,1.52885148007394,TRUE,TRUE,Non-differential recorded-exposure error corrected on the crude age-specific 2x2 table; the crude table is used because the correction is illustrative. Non-differential error cannot change the direction of an association; corrected estimates move away from the null in both directions.
prepregnancy,0.9,0.995,43,1.35017769035894,1.41134673364539,TRUE,TRUE,Non-differential recorded-exposure error corrected on the crude age-specific 2x2 table; the crude table is used because the correction is illustrative. Non-differential error cannot change the direction of an association; corrected estimates move away from the null in both directions.
prepregnancy,0.9,0.995,44,1.46824850193708,1.55638955738529,TRUE,TRUE,Non-differential recorded-exposure error corrected on the crude age-specific 2x2 table; the crude table is used because the correction is illustrative. Non-differential error cannot change the direction of an association; corrected estimates move away from the null in both directions.
prepregnancy,0.9,0.995,45,1.15921453226807,1.19974952259812,TRUE,TRUE,Non-differential recorded-exposure error corrected on the crude age-specific 2x2 table; the crude table is used because the correction is illustrative. Non-differential error cannot change the direction of an association; corrected estimates move away from the null in both directions.
prepregnancy,0.9,1,15,0.834643401150819,0.834173705648551,TRUE,TRUE,Non-differential recorded-exposure error corrected on the crude age-specific 2x2 table; the crude table is used because the correction is illustrative. Non-differential error cannot change the direction of an association; corrected estimates move away from the null in both directions.
prepregnancy,0.9,1,16,0.780705496767497,0.779870582681407,TRUE,TRUE,Non-differential recorded-exposure error corrected on the crude age-specific 2x2 table; the crude table is used because the correction is illustrative. Non-differential error cannot change the direction of an association; corrected estimates move away from the null in both directions.
prepregnancy,0.9,1,17,0.837274205138732,0.836362861152034,TRUE,TRUE,Non-differential recorded-exposure error corrected on the crude age-specific 2x2 table; the crude table is used because the correction is illustrative. Non-differential error cannot change the direction of an association; corrected estimates move away from the null in both directions.
prepregnancy,0.9,1,18,0.86199315649325,0.860847674535841,TRUE,TRUE,Non-differential recorded-exposure error corrected on the crude age-specific 2x2 table; the crude table is used because the correction is illustrative. Non-differential error cannot change the direction of an association; corrected estimates move away from the null in both directions.
prepregnancy,0.9,1,19,0.883508936025948,0.882322528947678,TRUE,TRUE,Non-differential recorded-exposure error corrected on the crude age-specific 2x2 table; the crude table is used because the correction is illustrative. Non-differential error cannot change the direction of an association; corrected estimates move away from the null in both directions.
prepregnancy,0.9,1,20,0.868057038180831,0.866693665285997,TRUE,TRUE,Non-differential recorded-exposure error corrected on the crude age-specific 2x2 table; the crude table is used because the correction is illustrative. Non-differential error cannot change the direction of an association; corrected estimates move away from the null in both directions.
prepregnancy,0.9,1,21,0.871968596580674,0.870624544544612,TRUE,TRUE,Non-differential recorded-exposure error corrected on the crude age-specific 2x2 table; the crude table is used because the correction is illustrative. Non-differential error cannot change the direction of an association; corrected estimates move away from the null in both directions.
prepregnancy,0.9,1,22,0.864723973231443,0.863326649035485,TRUE,TRUE,Non-differential recorded-exposure error corrected on the crude age-specific 2x2 table; the crude table is used because the correction is illustrative. Non-differential error cannot change the direction of an association; corrected estimates move away from the null in both directions.
prepregnancy,0.9,1,23,0.859851027959345,0.858453615724935,TRUE,TRUE,Non-differential recorded-exposure error corrected on the crude age-specific 2x2 table; the crude table is used because the correction is illustrative. Non-differential error cannot change the direction of an association; corrected estimates move away from the null in both directions.
prepregnancy,0.9,1,24,0.867547610493383,0.866271183696335,TRUE,TRUE,Non-differential recorded-exposure error corrected on the crude age-specific 2x2 table; the crude table is used because the correction is illustrative. Non-differential error cannot change the direction of an association; corrected estimates move away from the null in both directions.
prepregnancy,0.9,1,25,0.870235652679919,0.869044003834853,TRUE,TRUE,Non-differential recorded-exposure error corrected on the crude age-specific 2x2 table; the crude table is used because the correction is illustrative. Non-differential error cannot change the direction of an association; corrected estimates move away from the null in both directions.
prepregnancy,0.9,1,26,0.906487531973684,0.905651699271842,TRUE,TRUE,Non-differential recorded-exposure error corrected on the crude age-specific 2x2 table; the crude table is used because the correction is illustrative. Non-differential error cannot change the direction of an association; corrected estimates move away from the null in both directions.
prepregnancy,0.9,1,27,0.933949028046389,0.933385201649958,TRUE,TRUE,Non-differential recorded-exposure error corrected on the crude age-specific 2x2 table; the crude table is used because the correction is illustrative. Non-differential error cannot change the direction of an association; corrected estimates move away from the null in both directions.
prepregnancy,0.9,1,28,0.975722887357439,0.975525168513953,TRUE,TRUE,Non-differential recorded-exposure error corrected on the crude age-specific 2x2 table; the crude table is used because the correction is illustrative. Non-differential error cannot change the direction of an association; corrected estimates move away from the null in both directions.
prepregnancy,0.9,1,29,1.05146735067972,1.05187808228506,TRUE,TRUE,Non-differential recorded-exposure error corrected on the crude age-specific 2x2 table; the crude table is used because the correction is illustrative. Non-differential error cannot change the direction of an association; corrected estimates move away from the null in both directions.
prepregnancy,0.9,1,30,1.09363672339483,1.09434575054402,TRUE,TRUE,Non-differential recorded-exposure error corrected on the crude age-specific 2x2 table; the crude table is used because the correction is illustrative. Non-differential error cannot change the direction of an association; corrected estimates move away from the null in both directions.
prepregnancy,0.9,1,31,1.15811675464388,1.15927441903381,TRUE,TRUE,Non-differential recorded-exposure error corrected on the crude age-specific 2x2 table; the crude table is used because the correction is illustrative. Non-differential error cannot change the direction of an association; corrected estimates move away from the null in both directions.
prepregnancy,0.9,1,32,1.20306996866031,1.20452339304902,TRUE,TRUE,Non-differential recorded-exposure error corrected on the crude age-specific 2x2 table; the crude table is used because the correction is illustrative. Non-differential error cannot change the direction of an association; corrected estimates move away from the null in both directions.
prepregnancy,0.9,1,33,1.25929610393333,1.26115278183987,TRUE,TRUE,Non-differential recorded-exposure error corrected on the crude age-specific 2x2 table; the crude table is used because the correction is illustrative. Non-differential error cannot change the direction of an association; corrected estimates move away from the null in both directions.
prepregnancy,0.9,1,34,1.30247681765082,1.30462389762659,TRUE,TRUE,Non-differential recorded-exposure error corrected on the crude age-specific 2x2 table; the crude table is used because the correction is illustrative. Non-differential error cannot change the direction of an association; corrected estimates move away from the null in both directions.
prepregnancy,0.9,1,35,1.34060677362777,1.34300459030537,TRUE,TRUE,Non-differential recorded-exposure error corrected on the crude age-specific 2x2 table; the crude table is used because the correction is illustrative. Non-differential error cannot change the direction of an association; corrected estimates move away from the null in both directions.
prepregnancy,0.9,1,36,1.3653166676231,1.36795682404613,TRUE,TRUE,Non-differential recorded-exposure error corrected on the crude age-specific 2x2 table; the crude table is used because the correction is illustrative. Non-differential error cannot change the direction of an association; corrected estimates move away from the null in both directions.
prepregnancy,0.9,1,37,1.36951862170013,1.37215119497147,TRUE,TRUE,Non-differential recorded-exposure error corrected on the crude age-specific 2x2 table; the crude table is used because the correction is illustrative. Non-differential error cannot change the direction of an association; corrected estimates move away from the null in both directions.
prepregnancy,0.9,1,38,1.42002736811027,1.4230827379424,TRUE,TRUE,Non-differential recorded-exposure error corrected on the crude age-specific 2x2 table; the crude table is used because the correction is illustrative. Non-differential error cannot change the direction of an association; corrected estimates move away from the null in both directions.
prepregnancy,0.9,1,39,1.41105865071171,1.41397727712154,TRUE,TRUE,Non-differential recorded-exposure error corrected on the crude age-specific 2x2 table; the crude table is used because the correction is illustrative. Non-differential error cannot change the direction of an association; corrected estimates move away from the null in both directions.
prepregnancy,0.9,1,40,1.41656126920171,1.41944456219219,TRUE,TRUE,Non-differential recorded-exposure error corrected on the crude age-specific 2x2 table; the crude table is used because the correction is illustrative. Non-differential error cannot change the direction of an association; corrected estimates move away from the null in both directions.
prepregnancy,0.9,1,41,1.43270996990523,1.43562080194193,TRUE,TRUE,Non-differential recorded-exposure error corrected on the crude age-specific 2x2 table; the crude table is used because the correction is illustrative. Non-differential error cannot change the direction of an association; corrected estimates move away from the null in both directions.
prepregnancy,0.9,1,42,1.45873694923402,1.46168649918445,TRUE,TRUE,Non-differential recorded-exposure error corrected on the crude age-specific 2x2 table; the crude table is used because the correction is illustrative. Non-differential error cannot change the direction of an association; corrected estimates move away from the null in both directions.
prepregnancy,0.9,1,43,1.35017769035894,1.35201131227243,TRUE,TRUE,Non-differential recorded-exposure error corrected on the crude age-specific 2x2 table; the crude table is used because the correction is illustrative. Non-differential error cannot change the direction of an association; corrected estimates move away from the null in both directions.
prepregnancy,0.9,1,44,1.46824850193708,1.47074801925118,TRUE,TRUE,Non-differential recorded-exposure error corrected on the crude age-specific 2x2 table; the crude table is used because the correction is illustrative. Non-differential error cannot change the direction of an association; corrected estimates move away from the null in both directions.
prepregnancy,0.9,1,45,1.15921453226807,1.15972939759974,TRUE,TRUE,Non-differential recorded-exposure error corrected on the crude age-specific 2x2 table; the crude table is used because the correction is illustrative. Non-differential error cannot change the direction of an association; corrected estimates move away from the null in both directions.
prepregnancy,1,0.98,15,0.834643401150819,0.501654149361968,TRUE,TRUE,Non-differential recorded-exposure error corrected on the crude age-specific 2x2 table; the crude table is used because the correction is illustrative. Non-differential error cannot change the direction of an association; corrected estimates move away from the null in both directions.
prepregnancy,1,0.98,16,0.780705496767497,0.588758038707044,TRUE,TRUE,Non-differential recorded-exposure error corrected on the crude age-specific 2x2 table; the crude table is used because the correction is illustrative. Non-differential error cannot change the direction of an association; corrected estimates move away from the null in both directions.
prepregnancy,1,0.98,17,0.837274205138732,0.753108606099276,TRUE,TRUE,Non-differential recorded-exposure error corrected on the crude age-specific 2x2 table; the crude table is used because the correction is illustrative. Non-differential error cannot change the direction of an association; corrected estimates move away from the null in both directions.
prepregnancy,1,0.98,18,0.86199315649325,0.819019899707388,TRUE,TRUE,Non-differential recorded-exposure error corrected on the crude age-specific 2x2 table; the crude table is used because the correction is illustrative. Non-differential error cannot change the direction of an association; corrected estimates move away from the null in both directions.
prepregnancy,1,0.98,19,0.883508936025948,0.854619578954132,TRUE,TRUE,Non-differential recorded-exposure error corrected on the crude age-specific 2x2 table; the crude table is used because the correction is illustrative. Non-differential error cannot change the direction of an association; corrected estimates move away from the null in both directions.
prepregnancy,1,0.98,20,0.868057038180831,0.836610759468668,TRUE,TRUE,Non-differential recorded-exposure error corrected on the crude age-specific 2x2 table; the crude table is used because the correction is illustrative. Non-differential error cannot change the direction of an association; corrected estimates move away from the null in both directions.
prepregnancy,1,0.98,21,0.871968596580674,0.841872902573941,TRUE,TRUE,Non-differential recorded-exposure error corrected on the crude age-specific 2x2 table; the crude table is used because the correction is illustrative. Non-differential error cannot change the direction of an association; corrected estimates move away from the null in both directions.
prepregnancy,1,0.98,22,0.864723973231443,0.832622711626719,TRUE,TRUE,Non-differential recorded-exposure error corrected on the crude age-specific 2x2 table; the crude table is used because the correction is illustrative. Non-differential error cannot change the direction of an association; corrected estimates move away from the null in both directions.
prepregnancy,1,0.98,23,0.859851027959345,0.825360351444586,TRUE,TRUE,Non-differential recorded-exposure error corrected on the crude age-specific 2x2 table; the crude table is used because the correction is illustrative. Non-differential error cannot change the direction of an association; corrected estimates move away from the null in both directions.
prepregnancy,1,0.98,24,0.867547610493383,0.833161795401133,TRUE,TRUE,Non-differential recorded-exposure error corrected on the crude age-specific 2x2 table; the crude table is used because the correction is illustrative. Non-differential error cannot change the direction of an association; corrected estimates move away from the null in both directions.
prepregnancy,1,0.98,25,0.870235652679919,0.834302921774585,TRUE,TRUE,Non-differential recorded-exposure error corrected on the crude age-specific 2x2 table; the crude table is used because the correction is illustrative. Non-differential error cannot change the direction of an association; corrected estimates move away from the null in both directions.
prepregnancy,1,0.98,26,0.906487531973684,0.878234740161333,TRUE,TRUE,Non-differential recorded-exposure error corrected on the crude age-specific 2x2 table; the crude table is used because the correction is illustrative. Non-differential error cannot change the direction of an association; corrected estimates move away from the null in both directions.
prepregnancy,1,0.98,27,0.933949028046389,0.911907017069595,TRUE,TRUE,Non-differential recorded-exposure error corrected on the crude age-specific 2x2 table; the crude table is used because the correction is illustrative. Non-differential error cannot change the direction of an association; corrected estimates move away from the null in both directions.
prepregnancy,1,0.98,28,0.975722887357439,0.966565999478875,TRUE,TRUE,Non-differential recorded-exposure error corrected on the crude age-specific 2x2 table; the crude table is used because the correction is illustrative. Non-differential error cannot change the direction of an association; corrected estimates move away from the null in both directions.
prepregnancy,1,0.98,29,1.05146735067972,1.07364578537749,TRUE,TRUE,Non-differential recorded-exposure error corrected on the crude age-specific 2x2 table; the crude table is used because the correction is illustrative. Non-differential error cannot change the direction of an association; corrected estimates move away from the null in both directions.
prepregnancy,1,0.98,30,1.09363672339483,1.13975313920626,TRUE,TRUE,Non-differential recorded-exposure error corrected on the crude age-specific 2x2 table; the crude table is used because the correction is illustrative. Non-differential error cannot change the direction of an association; corrected estimates move away from the null in both directions.
prepregnancy,1,0.98,31,1.15811675464388,1.24756323608703,TRUE,TRUE,Non-differential recorded-exposure error corrected on the crude age-specific 2x2 table; the crude table is used because the correction is illustrative. Non-differential error cannot change the direction of an association; corrected estimates move away from the null in both directions.
prepregnancy,1,0.98,32,1.20306996866031,1.32959831161094,TRUE,TRUE,Non-differential recorded-exposure error corrected on the crude age-specific 2x2 table; the crude table is used because the correction is illustrative. Non-differential error cannot change the direction of an association; corrected estimates move away from the null in both directions.
prepregnancy,1,0.98,33,1.25929610393333,1.43335161345476,TRUE,TRUE,Non-differential recorded-exposure error corrected on the crude age-specific 2x2 table; the crude table is used because the correction is illustrative. Non-differential error cannot change the direction of an association; corrected estimates move away from the null in both directions.
prepregnancy,1,0.98,34,1.30247681765082,1.52064279535816,TRUE,TRUE,Non-differential recorded-exposure error corrected on the crude age-specific 2x2 table; the crude table is used because the correction is illustrative. Non-differential error cannot change the direction of an association; corrected estimates move away from the null in both directions.
prepregnancy,1,0.98,35,1.34060677362777,1.6026916386682,TRUE,TRUE,Non-differential recorded-exposure error corrected on the crude age-specific 2x2 table; the crude table is used because the correction is illustrative. Non-differential error cannot change the direction of an association; corrected estimates move away from the null in both directions.
prepregnancy,1,0.98,36,1.3653166676231,1.64257637431361,TRUE,TRUE,Non-differential recorded-exposure error corrected on the crude age-specific 2x2 table; the crude table is used because the correction is illustrative. Non-differential error cannot change the direction of an association; corrected estimates move away from the null in both directions.
prepregnancy,1,0.98,37,1.36951862170013,1.65868295920661,TRUE,TRUE,Non-differential recorded-exposure error corrected on the crude age-specific 2x2 table; the crude table is used because the correction is illustrative. Non-differential error cannot change the direction of an association; corrected estimates move away from the null in both directions.
prepregnancy,1,0.98,38,1.42002736811027,1.75801027621952,TRUE,TRUE,Non-differential recorded-exposure error corrected on the crude age-specific 2x2 table; the crude table is used because the correction is illustrative. Non-differential error cannot change the direction of an association; corrected estimates move away from the null in both directions.
prepregnancy,1,0.98,39,1.41105865071171,1.75263656952798,TRUE,TRUE,Non-differential recorded-exposure error corrected on the crude age-specific 2x2 table; the crude table is used because the correction is illustrative. Non-differential error cannot change the direction of an association; corrected estimates move away from the null in both directions.
prepregnancy,1,0.98,40,1.41656126920171,1.78196010998022,TRUE,TRUE,Non-differential recorded-exposure error corrected on the crude age-specific 2x2 table; the crude table is used because the correction is illustrative. Non-differential error cannot change the direction of an association; corrected estimates move away from the null in both directions.
prepregnancy,1,0.98,41,1.43270996990523,1.84216891816178,TRUE,TRUE,Non-differential recorded-exposure error corrected on the crude age-specific 2x2 table; the crude table is used because the correction is illustrative. Non-differential error cannot change the direction of an association; corrected estimates move away from the null in both directions.
prepregnancy,1,0.98,42,1.45873694923402,1.95126585131119,TRUE,TRUE,Non-differential recorded-exposure error corrected on the crude age-specific 2x2 table; the crude table is used because the correction is illustrative. Non-differential error cannot change the direction of an association; corrected estimates move away from the null in both directions.
prepregnancy,1,0.98,43,1.35017769035894,1.84944862917518,TRUE,TRUE,Non-differential recorded-exposure error corrected on the crude age-specific 2x2 table; the crude table is used because the correction is illustrative. Non-differential error cannot change the direction of an association; corrected estimates move away from the null in both directions.
prepregnancy,1,0.98,44,1.46824850193708,2.2554832326558,TRUE,TRUE,Non-differential recorded-exposure error corrected on the crude age-specific 2x2 table; the crude table is used because the correction is illustrative. Non-differential error cannot change the direction of an association; corrected estimates move away from the null in both directions.
prepregnancy,1,0.98,45,1.15921453226807,1.86288523254037,TRUE,TRUE,Non-differential recorded-exposure error corrected on the crude age-specific 2x2 table; the crude table is used because the correction is illustrative. Non-differential error cannot change the direction of an association; corrected estimates move away from the null in both directions.
prepregnancy,1,0.995,15,0.834643401150819,0.802079793980643,TRUE,TRUE,Non-differential recorded-exposure error corrected on the crude age-specific 2x2 table; the crude table is used because the correction is illustrative. Non-differential error cannot change the direction of an association; corrected estimates move away from the null in both directions.
prepregnancy,1,0.995,16,0.780705496767497,0.752229603022757,TRUE,TRUE,Non-differential recorded-exposure error corrected on the crude age-specific 2x2 table; the crude table is used because the correction is illustrative. Non-differential error cannot change the direction of an association; corrected estimates move away from the null in both directions.
prepregnancy,1,0.995,17,0.837274205138732,0.822363286503801,TRUE,TRUE,Non-differential recorded-exposure error corrected on the crude age-specific 2x2 table; the crude table is used because the correction is illustrative. Non-differential error cannot change the direction of an association; corrected estimates move away from the null in both directions.
prepregnancy,1,0.995,18,0.86199315649325,0.853423261480017,TRUE,TRUE,Non-differential recorded-exposure error corrected on the crude age-specific 2x2 table; the crude table is used because the correction is illustrative. Non-differential error cannot change the direction of an association; corrected estimates move away from the null in both directions.
prepregnancy,1,0.995,19,0.883508936025948,0.877515787041502,TRUE,TRUE,Non-differential recorded-exposure error corrected on the crude age-specific 2x2 table; the crude table is used because the correction is illustrative. Non-differential error cannot change the direction of an association; corrected estimates move away from the null in both directions.
prepregnancy,1,0.995,20,0.868057038180831,0.861493167654762,TRUE,TRUE,Non-differential recorded-exposure error corrected on the crude age-specific 2x2 table; the crude table is used because the correction is illustrative. Non-differential error cannot change the direction of an association; corrected estimates move away from the null in both directions.
prepregnancy,1,0.995,21,0.871968596580674,0.865673494395439,TRUE,TRUE,Non-differential recorded-exposure error corrected on the crude age-specific 2x2 table; the crude table is used because the correction is illustrative. Non-differential error cannot change the direction of an association; corrected estimates move away from the null in both directions.
prepregnancy,1,0.995,22,0.864723973231443,0.858018971495606,TRUE,TRUE,Non-differential recorded-exposure error corrected on the crude age-specific 2x2 table; the crude table is used because the correction is illustrative. Non-differential error cannot change the direction of an association; corrected estimates move away from the null in both directions.
prepregnancy,1,0.995,23,0.859851027959345,0.852687248470626,TRUE,TRUE,Non-differential recorded-exposure error corrected on the crude age-specific 2x2 table; the crude table is used because the correction is illustrative. Non-differential error cannot change the direction of an association; corrected estimates move away from the null in both directions.
prepregnancy,1,0.995,24,0.867547610493383,0.860466432387032,TRUE,TRUE,Non-differential recorded-exposure error corrected on the crude age-specific 2x2 table; the crude table is used because the correction is illustrative. Non-differential error cannot change the direction of an association; corrected estimates move away from the null in both directions.
prepregnancy,1,0.995,25,0.870235652679919,0.862915738755991,TRUE,TRUE,Non-differential recorded-exposure error corrected on the crude age-specific 2x2 table; the crude table is used because the correction is illustrative. Non-differential error cannot change the direction of an association; corrected estimates move away from the null in both directions.
prepregnancy,1,0.995,26,0.906487531973684,0.900821230340882,TRUE,TRUE,Non-differential recorded-exposure error corrected on the crude age-specific 2x2 table; the crude table is used because the correction is illustrative. Non-differential error cannot change the direction of an association; corrected estimates move away from the null in both directions.
prepregnancy,1,0.995,27,0.933949028046389,0.929612433145186,TRUE,TRUE,Non-differential recorded-exposure error corrected on the crude age-specific 2x2 table; the crude table is used because the correction is illustrative. Non-differential error cannot change the direction of an association; corrected estimates move away from the null in both directions.
prepregnancy,1,0.995,28,0.975722887357439,0.973967302929617,TRUE,TRUE,Non-differential recorded-exposure error corrected on the crude age-specific 2x2 table; the crude table is used because the correction is illustrative. Non-differential error cannot change the direction of an association; corrected estimates move away from the null in both directions.
prepregnancy,1,0.995,29,1.05146735067972,1.05558944920563,TRUE,TRUE,Non-differential recorded-exposure error corrected on the crude age-specific 2x2 table; the crude table is used because the correction is illustrative. Non-differential error cannot change the direction of an association; corrected estimates move away from the null in both directions.
prepregnancy,1,0.995,30,1.09363672339483,1.10191780448752,TRUE,TRUE,Non-differential recorded-exposure error corrected on the crude age-specific 2x2 table; the crude table is used because the correction is illustrative. Non-differential error cannot change the direction of an association; corrected estimates move away from the null in both directions.
prepregnancy,1,0.995,31,1.15811675464388,1.1735573141969,TRUE,TRUE,Non-differential recorded-exposure error corrected on the crude age-specific 2x2 table; the crude table is used because the correction is illustrative. Non-differential error cannot change the direction of an association; corrected estimates move away from the null in both directions.
prepregnancy,1,0.995,32,1.20306996866031,1.22426895015644,TRUE,TRUE,Non-differential recorded-exposure error corrected on the crude age-specific 2x2 table; the crude table is used because the correction is illustrative. Non-differential error cannot change the direction of an association; corrected estimates move away from the null in both directions.
prepregnancy,1,0.995,33,1.25929610393333,1.28775465019127,TRUE,TRUE,Non-differential recorded-exposure error corrected on the crude age-specific 2x2 table; the crude table is used because the correction is illustrative. Non-differential error cannot change the direction of an association; corrected estimates move away from the null in both directions.
prepregnancy,1,0.995,34,1.30247681765082,1.33727658648888,TRUE,TRUE,Non-differential recorded-exposure error corrected on the crude age-specific 2x2 table; the crude table is used because the correction is illustrative. Non-differential error cannot change the direction of an association; corrected estimates move away from the null in both directions.
prepregnancy,1,0.995,35,1.34060677362777,1.38145077485194,TRUE,TRUE,Non-differential recorded-exposure error corrected on the crude age-specific 2x2 table; the crude table is used because the correction is illustrative. Non-differential error cannot change the direction of an association; corrected estimates move away from the null in both directions.
prepregnancy,1,0.995,36,1.3653166676231,1.40874324450564,TRUE,TRUE,Non-differential recorded-exposure error corrected on the crude age-specific 2x2 table; the crude table is used because the correction is illustrative. Non-differential error cannot change the direction of an association; corrected estimates move away from the null in both directions.
prepregnancy,1,0.995,37,1.36951862170013,1.41430332773773,TRUE,TRUE,Non-differential recorded-exposure error corrected on the crude age-specific 2x2 table; the crude table is used because the correction is illustrative. Non-differential error cannot change the direction of an association; corrected estimates move away from the null in both directions.
prepregnancy,1,0.995,38,1.42002736811027,1.4718295142114,TRUE,TRUE,Non-differential recorded-exposure error corrected on the crude age-specific 2x2 table; the crude table is used because the correction is illustrative. Non-differential error cannot change the direction of an association; corrected estimates move away from the null in both directions.
prepregnancy,1,0.995,39,1.41105865071171,1.46277359302662,TRUE,TRUE,Non-differential recorded-exposure error corrected on the crude age-specific 2x2 table; the crude table is used because the correction is illustrative. Non-differential error cannot change the direction of an association; corrected estimates move away from the null in both directions.
prepregnancy,1,0.995,40,1.41656126920171,1.47072278219089,TRUE,TRUE,Non-differential recorded-exposure error corrected on the crude age-specific 2x2 table; the crude table is used because the correction is illustrative. Non-differential error cannot change the direction of an association; corrected estimates move away from the null in both directions.
prepregnancy,1,0.995,41,1.43270996990523,1.4915575382327,TRUE,TRUE,Non-differential recorded-exposure error corrected on the crude age-specific 2x2 table; the crude table is used because the correction is illustrative. Non-differential error cannot change the direction of an association; corrected estimates move away from the null in both directions.
prepregnancy,1,0.995,42,1.45873694923402,1.52576639732209,TRUE,TRUE,Non-differential recorded-exposure error corrected on the crude age-specific 2x2 table; the crude table is used because the correction is illustrative. Non-differential error cannot change the direction of an association; corrected estimates move away from the null in both directions.
prepregnancy,1,0.995,43,1.35017769035894,1.40943263997263,TRUE,TRUE,Non-differential recorded-exposure error corrected on the crude age-specific 2x2 table; the crude table is used because the correction is illustrative. Non-differential error cannot change the direction of an association; corrected estimates move away from the null in both directions.
prepregnancy,1,0.995,44,1.46824850193708,1.55374449338027,TRUE,TRUE,Non-differential recorded-exposure error corrected on the crude age-specific 2x2 table; the crude table is used because the correction is illustrative. Non-differential error cannot change the direction of an association; corrected estimates move away from the null in both directions.
prepregnancy,1,0.995,45,1.15921453226807,1.19921689021237,TRUE,TRUE,Non-differential recorded-exposure error corrected on the crude age-specific 2x2 table; the crude table is used because the correction is illustrative. Non-differential error cannot change the direction of an association; corrected estimates move away from the null in both directions.
prepregnancy,1,1,15,0.834643401150819,0.834643401150819,TRUE,TRUE,Non-differential recorded-exposure error corrected on the crude age-specific 2x2 table; the crude table is used because the correction is illustrative. Non-differential error cannot change the direction of an association; corrected estimates move away from the null in both directions.
prepregnancy,1,1,16,0.780705496767497,0.780705496767497,TRUE,TRUE,Non-differential recorded-exposure error corrected on the crude age-specific 2x2 table; the crude table is used because the correction is illustrative. Non-differential error cannot change the direction of an association; corrected estimates move away from the null in both directions.
prepregnancy,1,1,17,0.837274205138732,0.837274205138732,TRUE,TRUE,Non-differential recorded-exposure error corrected on the crude age-specific 2x2 table; the crude table is used because the correction is illustrative. Non-differential error cannot change the direction of an association; corrected estimates move away from the null in both directions.
prepregnancy,1,1,18,0.86199315649325,0.86199315649325,TRUE,TRUE,Non-differential recorded-exposure error corrected on the crude age-specific 2x2 table; the crude table is used because the correction is illustrative. Non-differential error cannot change the direction of an association; corrected estimates move away from the null in both directions.
prepregnancy,1,1,19,0.883508936025948,0.883508936025948,TRUE,TRUE,Non-differential recorded-exposure error corrected on the crude age-specific 2x2 table; the crude table is used because the correction is illustrative. Non-differential error cannot change the direction of an association; corrected estimates move away from the null in both directions.
prepregnancy,1,1,20,0.868057038180831,0.868057038180831,TRUE,TRUE,Non-differential recorded-exposure error corrected on the crude age-specific 2x2 table; the crude table is used because the correction is illustrative. Non-differential error cannot change the direction of an association; corrected estimates move away from the null in both directions.
prepregnancy,1,1,21,0.871968596580674,0.871968596580674,TRUE,TRUE,Non-differential recorded-exposure error corrected on the crude age-specific 2x2 table; the crude table is used because the correction is illustrative. Non-differential error cannot change the direction of an association; corrected estimates move away from the null in both directions.
prepregnancy,1,1,22,0.864723973231443,0.864723973231443,TRUE,TRUE,Non-differential recorded-exposure error corrected on the crude age-specific 2x2 table; the crude table is used because the correction is illustrative. Non-differential error cannot change the direction of an association; corrected estimates move away from the null in both directions.
prepregnancy,1,1,23,0.859851027959345,0.859851027959345,TRUE,TRUE,Non-differential recorded-exposure error corrected on the crude age-specific 2x2 table; the crude table is used because the correction is illustrative. Non-differential error cannot change the direction of an association; corrected estimates move away from the null in both directions.
prepregnancy,1,1,24,0.867547610493383,0.867547610493383,TRUE,TRUE,Non-differential recorded-exposure error corrected on the crude age-specific 2x2 table; the crude table is used because the correction is illustrative. Non-differential error cannot change the direction of an association; corrected estimates move away from the null in both directions.
prepregnancy,1,1,25,0.870235652679919,0.870235652679919,TRUE,TRUE,Non-differential recorded-exposure error corrected on the crude age-specific 2x2 table; the crude table is used because the correction is illustrative. Non-differential error cannot change the direction of an association; corrected estimates move away from the null in both directions.
prepregnancy,1,1,26,0.906487531973684,0.906487531973684,TRUE,TRUE,Non-differential recorded-exposure error corrected on the crude age-specific 2x2 table; the crude table is used because the correction is illustrative. Non-differential error cannot change the direction of an association; corrected estimates move away from the null in both directions.
prepregnancy,1,1,27,0.933949028046389,0.933949028046389,TRUE,TRUE,Non-differential recorded-exposure error corrected on the crude age-specific 2x2 table; the crude table is used because the correction is illustrative. Non-differential error cannot change the direction of an association; corrected estimates move away from the null in both directions.
prepregnancy,1,1,28,0.975722887357439,0.975722887357439,TRUE,TRUE,Non-differential recorded-exposure error corrected on the crude age-specific 2x2 table; the crude table is used because the correction is illustrative. Non-differential error cannot change the direction of an association; corrected estimates move away from the null in both directions.
prepregnancy,1,1,29,1.05146735067972,1.05146735067972,TRUE,TRUE,Non-differential recorded-exposure error corrected on the crude age-specific 2x2 table; the crude table is used because the correction is illustrative. Non-differential error cannot change the direction of an association; corrected estimates move away from the null in both directions.
prepregnancy,1,1,30,1.09363672339483,1.09363672339483,TRUE,TRUE,Non-differential recorded-exposure error corrected on the crude age-specific 2x2 table; the crude table is used because the correction is illustrative. Non-differential error cannot change the direction of an association; corrected estimates move away from the null in both directions.
prepregnancy,1,1,31,1.15811675464388,1.15811675464388,TRUE,TRUE,Non-differential recorded-exposure error corrected on the crude age-specific 2x2 table; the crude table is used because the correction is illustrative. Non-differential error cannot change the direction of an association; corrected estimates move away from the null in both directions.
prepregnancy,1,1,32,1.20306996866031,1.20306996866031,TRUE,TRUE,Non-differential recorded-exposure error corrected on the crude age-specific 2x2 table; the crude table is used because the correction is illustrative. Non-differential error cannot change the direction of an association; corrected estimates move away from the null in both directions.
prepregnancy,1,1,33,1.25929610393333,1.25929610393333,TRUE,TRUE,Non-differential recorded-exposure error corrected on the crude age-specific 2x2 table; the crude table is used because the correction is illustrative. Non-differential error cannot change the direction of an association; corrected estimates move away from the null in both directions.
prepregnancy,1,1,34,1.30247681765082,1.30247681765082,TRUE,TRUE,Non-differential recorded-exposure error corrected on the crude age-specific 2x2 table; the crude table is used because the correction is illustrative. Non-differential error cannot change the direction of an association; corrected estimates move away from the null in both directions.
prepregnancy,1,1,35,1.34060677362777,1.34060677362777,TRUE,TRUE,Non-differential recorded-exposure error corrected on the crude age-specific 2x2 table; the crude table is used because the correction is illustrative. Non-differential error cannot change the direction of an association; corrected estimates move away from the null in both directions.
prepregnancy,1,1,36,1.3653166676231,1.3653166676231,TRUE,TRUE,Non-differential recorded-exposure error corrected on the crude age-specific 2x2 table; the crude table is used because the correction is illustrative. Non-differential error cannot change the direction of an association; corrected estimates move away from the null in both directions.
prepregnancy,1,1,37,1.36951862170013,1.36951862170013,TRUE,TRUE,Non-differential recorded-exposure error corrected on the crude age-specific 2x2 table; the crude table is used because the correction is illustrative. Non-differential error cannot change the direction of an association; corrected estimates move away from the null in both directions.
prepregnancy,1,1,38,1.42002736811027,1.42002736811027,TRUE,TRUE,Non-differential recorded-exposure error corrected on the crude age-specific 2x2 table; the crude table is used because the correction is illustrative. Non-differential error cannot change the direction of an association; corrected estimates move away from the null in both directions.
prepregnancy,1,1,39,1.41105865071171,1.41105865071171,TRUE,TRUE,Non-differential recorded-exposure error corrected on the crude age-specific 2x2 table; the crude table is used because the correction is illustrative. Non-differential error cannot change the direction of an association; corrected estimates move away from the null in both directions.
prepregnancy,1,1,40,1.41656126920171,1.41656126920171,TRUE,TRUE,Non-differential recorded-exposure error corrected on the crude age-specific 2x2 table; the crude table is used because the correction is illustrative. Non-differential error cannot change the direction of an association; corrected estimates move away from the null in both directions.
prepregnancy,1,1,41,1.43270996990523,1.43270996990523,TRUE,TRUE,Non-differential recorded-exposure error corrected on the crude age-specific 2x2 table; the crude table is used because the correction is illustrative. Non-differential error cannot change the direction of an association; corrected estimates move away from the null in both directions.
prepregnancy,1,1,42,1.45873694923402,1.45873694923402,TRUE,TRUE,Non-differential recorded-exposure error corrected on the crude age-specific 2x2 table; the crude table is used because the correction is illustrative. Non-differential error cannot change the direction of an association; corrected estimates move away from the null in both directions.
prepregnancy,1,1,43,1.35017769035894,1.35017769035894,TRUE,TRUE,Non-differential recorded-exposure error corrected on the crude age-specific 2x2 table; the crude table is used because the correction is illustrative. Non-differential error cannot change the direction of an association; corrected estimates move away from the null in both directions.
prepregnancy,1,1,44,1.46824850193708,1.46824850193708,TRUE,TRUE,Non-differential recorded-exposure error corrected on the crude age-specific 2x2 table; the crude table is used because the correction is illustrative. Non-differential error cannot change the direction of an association; corrected estimates move away from the null in both directions.
prepregnancy,1,1,45,1.15921453226807,1.15921453226807,TRUE,TRUE,Non-differential recorded-exposure error corrected on the crude age-specific 2x2 table; the crude table is used because the correction is illustrative. Non-differential error cannot change the direction of an association; corrected estimates move away from the null in both directions.
