age,target_n,risk0,risk1,rd,rr,se_risk0,se_risk1,se_rd,se_log_rr,risk0_lower,risk0_upper,risk1_lower,risk1_upper,rd_lower,rd_upper,rr_lower,rr_upper,risk0_per1000,risk1_per1000,rd_per1000,risk0_lower_per1000,risk0_upper_per1000,risk1_lower_per1000,risk1_upper_per1000,rd_lower_per1000,rd_upper_per1000,rd_bonferroni_lower_per1000,rd_bonferroni_upper_per1000,contrast,covariance,model_id,fit_n
15,1199,0.0732933540090058,0.0659799932269797,-0.00731336078202605,0.900217954534767,0.00335795528465076,0.00210283971100579,0.00395943624761549,0.05577202685703,0.0669779472838719,0.0801530894158751,0.0619762113465465,0.0702230636760321,-0.0150737132264348,0.000446991662382728,0.807001673280925,1.00420159275761,73.2933540090058,65.9799932269797,-7.31336078202605,66.9779472838719,80.1530894158751,61.9762113465465,70.2230636760321,-15.0737132264348,0.446991662382728,-19.7996930633966,5.17297149934447,primary,HC0,primary_main,1980559
16,4170,0.0745564975828868,0.0663290800602946,-0.00822741752259223,0.889648551242022,0.00266956425631173,0.00165783623981544,0.003140163045241,0.0436332872026846,0.0694901279994184,0.0799605034918503,0.06315278192865,0.0696532541280071,-0.0143820239968482,-0.00207281104833625,0.816728582292434,0.969079032970144,74.5564975828868,66.3290800602946,-8.22741752259223,69.4901279994184,79.9605034918503,63.15278192865,69.6532541280071,-14.3820239968482,-2.07281104833625,-18.1301200156991,1.67528497051461,primary,HC0,primary_main,1980559
17,11232,0.0763884367545807,0.0672315409162996,-0.00915689583828109,0.880127199517118,0.00201770797553716,0.00124474949614262,0.00236864332919096,0.0322258927092587,0.0725265111229864,0.080438169069024,0.0648325683703464,0.0697126643630762,-0.0137993514557164,-0.00451444022084576,0.826256165241691,0.937510568654283,76.3884367545807,67.2315409162996,-9.15689583828109,72.5265111229864,80.438169069024,64.8325683703464,69.7126643630762,-13.7993514557164,-4.51444022084576,-16.6265621783166,-1.68722949824555,primary,HC0,primary_main,1980559
18,29922,0.0795174249997921,0.0693450950760196,-0.0101723299237725,0.872074203562312,0.00145479362387806,0.000893924372208615,0.00170873629791633,0.0223978911965133,0.0767123837943966,0.0824158788690922,0.0676133882797036,0.0711177711898433,-0.0135213915267648,-0.00682326832078021,0.834619102447102,0.911210172747085,79.5174249997922,69.3450950760196,-10.1723299237725,76.7123837943966,82.4158788690922,67.6133882797036,71.1177711898433,-13.5213915267648,-6.82326832078021,-15.5609377615352,-4.7837220860099,primary,HC0,primary_main,1980559
19,60774,0.0822742553811607,0.0712317209482078,-0.0110425344329529,0.865783842323519,0.00101726822848592,0.000624211961116753,0.0011953353685845,0.0151793294268773,0.0803023125268865,0.0842901841752188,0.0700179466718247,0.0724648966991232,-0.0133853487048255,-0.00869972016108039,0.840405348945988,0.891928713410237,82.2742553811607,71.2317209482078,-11.0425344329529,80.3023125268865,84.2901841752188,70.0179466718247,72.4648966991232,-13.3853487048255,-8.69972016108039,-14.8121000141159,-7.27296885178991,primary,HC0,primary_main,1980559
20,82205,0.0817879541032269,0.0704485966566773,-0.0113393574465496,0.8613566316595,0.000774276266194955,0.000470011105639285,0.000909117903916328,0.011627061493907,0.0802831686585683,0.0833183893334781,0.0695329398869664,0.0713753864552782,-0.0131211957959261,-0.00955751909717301,0.841949472247753,0.88121113126071,81.7879541032269,70.4485966566773,-11.3393574465496,80.2831686585683,83.3183893334781,69.5329398869664,71.3753864552782,-13.1211957959261,-9.55751909717301,-14.2063181756379,-8.47239671746126,primary,HC0,primary_main,1980559
21,96740,0.0811574542257124,0.0697691930908622,-0.0113882611348502,0.859676954587837,0.000730377058597372,0.000437630499444332,0.000856001846826834,0.0110321282544041,0.0797374028547672,0.0826005254793063,0.0689163149068931,0.0706318254337082,-0.0130659939253306,-0.00971052834436985,0.841288050151089,0.878467804358674,81.1574542257124,69.7691930908622,-11.3882611348502,79.7374028547672,82.6005254793063,68.9163149068931,70.6318254337082,-13.0659939253306,-9.71052834436985,-14.0877170231433,-8.68880524655714,primary,HC0,primary_main,1980559
22,110682,0.0798950386384116,0.0687737748757867,-0.0111212637626248,0.860801572260859,0.000709916851065258,0.000424374584070977,0.000831924582793861,0.0108853327146134,0.0785146447718485,0.081297560563046,0.0679466598347262,0.0696102064305395,-0.0127518059827543,-0.00949072154249535,0.842631013552196,0.879363962267533,79.8950386384116,68.7737748757867,-11.1212637626248,78.5146447718485,81.297560563046,67.9466598347262,69.6102064305395,-12.7518059827543,-9.49072154249535,-13.7447904780911,-8.49773704715858,primary,HC0,primary_main,1980559
23,119247,0.0791689137463717,0.068484603575539,-0.0106843101708327,0.865044123188789,0.000650224639179124,0.0003896986311372,0.000763242237929219,0.01006423471341,0.0779038359216876,0.0804527427060985,0.0677247431340038,0.0692523562240615,-0.0121802374686537,-0.00918838287301169,0.848147854680039,0.88227698853964,79.1689137463717,68.484603575539,-10.6843101708327,77.9038359216876,80.4527427060985,67.7247431340039,69.2523562240615,-12.1802374686537,-9.18838287301169,-13.0912427738518,-8.27737756781367,primary,HC0,primary_main,1980559
24,125425,0.0788266417563668,0.0687417688593728,-0.010084872896994,0.872062634252975,0.000575238248605341,0.000342838923168735,0.000675543727598594,0.0089212782307448,0.0777065428589921,0.0799614864866556,0.0680728510706768,0.0694167701537277,-0.0114089142730692,-0.00876083152091884,0.85694682220761,0.887445076348035,78.8266417563668,68.7417688593728,-10.084872896994,77.7065428589921,79.9614864866556,68.0728510706768,69.4167701537277,-11.4089142730692,-8.76083152091884,-12.2152427087246,-7.95450308526347,primary,HC0,primary_main,1980559
25,130505,0.0794706784474189,0.0700915122492028,-0.00937916619821609,0.881979537843989,0.000540774287736722,0.000315159998242104,0.000632422896897819,0.00824579030504552,0.0784172172601753,0.080537055125294,0.069476321061274,0.0707117368139227,-0.0106186922991343,-0.00813964009729788,0.867840033082431,0.896349414087942,79.4706784474189,70.0915122492028,-9.37916619821609,78.4172172601753,80.537055125294,69.476321061274,70.7117368139227,-10.6186922991343,-8.13964009729788,-11.373551746858,-7.38478064957423,primary,HC0,primary_main,1980559
26,131877,0.080672229295141,0.0721487958231359,-0.00852343347200511,0.894344887373548,0.00057127012045072,0.000326687705421788,0.000664822096915403,0.00849587415829645,0.0795596250817013,0.0817990100173757,0.0715111141251269,0.0727917180817262,-0.0098264608380857,-0.00722040610592453,0.879575912300309,0.909361848574719,80.6722292951411,72.1487958231359,-8.52343347200511,79.5596250817013,81.7990100173757,71.5111141251269,72.7917180817262,-9.8264608380857,-7.22040610592453,-10.6199919442074,-6.42687499980279,primary,HC0,primary_main,1980559
27,130884,0.0821555590348668,0.0746830582475615,-0.00747250078730537,0.909044489805808,0.000627433131643321,0.00035998128833522,0.000729974767053652,0.00911727618910965,0.0809341627801094,0.0833937151571144,0.0739805644863185,0.0753916795572054,-0.00890322504035354,-0.00604177653425719,0.892944566795519,0.925434696816443,82.1555590348668,74.6830582475615,-7.47250078730537,80.9341627801094,83.3937151571144,73.9805644863185,75.3916795572054,-8.90322504035354,-6.04177653425719,-9.77452231977407,-5.17047925483666,primary,HC0,primary_main,1980559
28,126880,0.0840864204638171,0.077856699795677,-0.00622972066814011,0.925912880655673,0.000652627037224696,0.000380707647005295,0.000762667957946067,0.00926281444827855,0.0828160992233689,0.0853744134638836,0.0771137926216786,0.0786061544682785,-0.00772452239787711,-0.00473491893840311,0.909254802920033,0.942876144080688,84.0864204638171,77.856699795677,-6.22972066814011,82.816099223369,85.3744134638836,77.1137926216786,78.6061544682785,-7.72452239787711,-4.73491893840311,-8.63484224296126,-3.82459909331896,primary,HC0,primary_main,1980559
29,120282,0.0870768071107557,0.0822375999600518,-0.00483920715070389,0.944425992278877,0.000646598093837567,0.000382972953950362,0.000759757449130215,0.00886387967865496,0.0858178125917003,0.088352486697829,0.0814900986053651,0.082991338539375,-0.00632830438798514,-0.00335010991342265,0.928160288391461,0.960976747278974,87.0768071107557,82.2375999600518,-4.83920715070389,85.8178125917003,88.352486697829,81.4900986053651,82.991338539375,-6.32830438798514,-3.35010991342265,-7.23515025214907,-2.44326404925871,primary,HC0,primary_main,1980559
30,111577,0.089423393813269,0.086187939455918,-0.003235454357351,0.963818703144871,0.000626869202591123,0.000372471561417081,0.000738894533769404,0.00834680374230519,0.0882023405241439,0.0906596703319994,0.0854607032534401,0.08692077597201,-0.00468366103191254,-0.00178724768278945,0.948179447473452,0.979715912433199,89.423393813269,86.187939455918,-3.235454357351,88.2023405241439,90.6596703319994,85.4607032534401,86.92077597201,-4.68366103191254,-1.78724768278945,-5.56560493752245,-0.905303777179539,primary,HC0,primary_main,1980559
31,102027,0.0919984478439311,0.090485260088694,-0.00151318775523708,0.983552029510279,0.000638034259324555,0.000375105691302483,0.000751030494990527,0.00819973941893523,0.0907555383640284,0.0932566332967555,0.0897527510795732,0.0912231482703957,-0.0029851804767098,-4.11950337643591e-05,0.967871513893869,0.999486585633582,91.9984478439311,90.485260088694,-1.51318775523708,90.7555383640284,93.2566332967555,89.7527510795732,91.2231482703957,-2.9851804767098,-0.0411950337643591,-3.881609855616,0.855234345141836,primary,HC0,primary_main,1980559
32,91764,0.0952000999554994,0.0954817221378793,0.000281622182379884,1.00295821309549,0.000703755170694507,0.000410346751230805,0.00082612008230354,0.00867106180268059,0.093829677755008,0.0965884042968344,0.0946804813765855,0.0962890222852033,-0.00133754342584032,0.00190078779060009,0.986056994154606,1.02014912239238,95.2000999554995,95.4817221378793,0.281622182379884,93.829677755008,96.5884042968345,94.6804813765855,96.2890222852033,-1.33754342584032,1.90078779060009,-2.32359967418299,2.88684403894276,primary,HC0,primary_main,1980559
33,81398,0.0982475346791754,0.10034034636701,0.00209281168783416,1.02130141682097,0.000808989463448414,0.000474255556272848,0.000949112967169352,0.00960810288643679,0.0966733054967751,0.099844565220277,0.0994146402550926,0.101273702932446,0.000232584454922289,0.00395303892074604,1.00224870180183,1.04071632332906,98.2475346791754,100.34034636701,2.09281168783416,96.6733054967751,99.844565220277,99.4146402550926,101.273702932446,0.232584454922289,3.95303892074604,-0.900275999275605,5.08589937494394,primary,HC0,primary_main,1980559
34,70747,0.101723499697904,0.105569176497761,0.0038456767998571,1.03780519556718,0.000921772693512292,0.00054749356405432,0.00108325770312489,0.0105472946963528,0.0999310316720308,0.103544420578063,0.104500908768805,0.106647064126492,0.00172253071575674,0.00596882288395747,1.01657158693242,1.05948232056758,101.723499697904,105.569176497761,3.8456767998571,99.9310316720308,103.544420578063,104.500908768806,106.647064126492,1.72253071575674,5.96882288395747,0.429555215447873,7.26179838426633,primary,HC0,primary_main,1980559
35,59784,0.105372900232781,0.110829403394104,0.0054565031613234,1.05178279376642,0.00100973325870858,0.000607676178151265,0.0011899892072636,0.0111453904718811,0.103410191718132,0.10736839964688,0.109643970074186,0.112026040622896,0.00312416717309538,0.00778883914955142,1.02905618742772,1.07501131500731,105.372900232781,110.829403394104,5.4565031613234,103.410191718132,107.36839964688,109.643970074186,112.026040622896,3.12416717309538,7.78883914955142,1.70379703754472,9.20920928510209,primary,HC0,primary_main,1980559
36,50300,0.109934097902184,0.116806856180599,0.00687275827841566,1.06251707531662,0.00107002006661524,0.000646096296531157,0.00126188806273827,0.0112989794684943,0.107854363985585,0.112048898166345,0.115546474981841,0.11807915015847,0.00439950312292764,0.00934601343390368,1.03924563578543,1.0863096235051,109.934097902184,116.806856180599,6.87275827841566,107.854363985585,112.048898166345,115.546474981841,118.07915015847,4.39950312292764,9.34601343390368,2.89331457282905,10.8522019840023,primary,HC0,primary_main,1980559
37,39582,0.114727825517672,0.122786785160423,0.00805895964275044,1.07024415922107,0.00114378283175907,0.000682548647784611,0.00134361920025371,0.0115111609749515,0.112505044715945,0.116988733222847,0.12145526969125,0.124130835558366,0.00542551440131666,0.0106924048841842,1.04636823803477,1.09466487868371,114.727825517672,122.786785160423,8.05895964275044,112.505044715945,116.988733222847,121.45526969125,124.130835558366,5.42551440131666,10.6924048841842,3.82177163294204,12.2961476525588,primary,HC0,primary_main,1980559
38,30385,0.119871294335853,0.128882283063629,0.00901098872777577,1.07517219846254,0.00130884464061422,0.00076488748359412,0.00152612729233371,0.0125077243554464,0.117329623461142,0.122460385693136,0.127390545609516,0.130388878528413,0.00601983419897806,0.0120021432565735,1.04913513531161,1.10185544019876,119.871294335853,128.882283063629,9.01098872777577,117.329623461142,122.460385693136,127.390545609516,130.388878528413,6.01983419897806,12.0021432565735,4.19824992254231,13.8237275330092,primary,HC0,primary_main,1980559
39,22837,0.124838839868553,0.134554208271814,0.00971536840326133,1.07782328331063,0.00162956992313922,0.000939992770824542,0.00189002259162895,0.0148716315314599,0.121679812600776,0.128067922705741,0.132722485046622,0.136407235313591,0.00601099219370154,0.0134197446128211,1.04686048066252,1.10970186715934,124.838839868553,134.554208271814,9.71536840326133,121.679812600776,128.067922705741,132.722485046621,136.407235313591,6.01099219370154,13.4197446128211,3.75506278839292,15.6756740181297,primary,HC0,primary_main,1980559
40,15853,0.13090024983884,0.141162639678694,0.0102623898398535,1.07839855044194,0.00214467844598963,0.00123380898554048,0.00248091214625653,0.0186176458441883,0.126753777756683,0.135161369834784,0.138761683017776,0.143598212782597,0.00539989138438273,0.0151248882953243,1.03975717640821,1.11847598649198,130.90024983884,141.162639678694,10.2623898398535,126.753777756683,135.161369834784,138.761683017776,143.598212782597,5.39989138438273,15.1248882953243,2.43867669440183,18.0861029853052,primary,HC0,primary_main,1980559
41,10370,0.136894144511179,0.147467318695936,0.0105731741847568,1.07723613177548,0.00282471388355571,0.00162975315595661,0.00326586819349312,0.023440086934595,0.131451405675728,0.142525259625716,0.144301586959851,0.150690270783205,0.00417219014725538,0.0169741582222582,1.02886566321268,1.12788066031777,136.894144511179,147.467318695936,10.5731741847568,131.451405675728,142.525259625716,144.301586959851,150.690270783205,4.17219014725538,16.9741582222582,0.274052567210161,20.8722958023034,primary,HC0,primary_main,1980559
42,6233,0.142685409734275,0.153382320308886,0.0106969105746115,1.07496849603987,0.00365064720493954,0.00211427260621313,0.00422232431418503,0.0290863391342967,0.135678711160398,0.149991154943838,0.149284100618715,0.157572207552566,0.00242130698776109,0.018972514161462,1.01540056300319,1.13803095013116,142.685409734275,153.382320308886,10.6969105746115,135.678711160398,149.991154943838,149.284100618715,157.572207552566,2.42130698776109,18.972514161462,-2.61845582846538,24.0122769776884,primary,HC0,primary_main,1980559
43,3273,0.148485067019355,0.159173638092044,0.0106885710726883,1.0719841482194,0.00461116680681519,0.00267892657980992,0.00533613556445206,0.0353429996796808,0.139672524190519,0.157751677843317,0.153992973698737,0.164494703341533,0.00022993754973894,0.0211472045956376,1.00024029781962,1.14887394213035,148.485067019355,159.173638092044,10.6885710726883,139.672524190519,157.751677843317,153.992973698737,164.494703341533,0.22993754973894,21.1472045956376,-6.13926945544579,27.5164116008224,primary,HC0,primary_main,1980559
44,1704,0.155323414445954,0.165881678167569,0.0105582637216149,1.06797599550124,0.00568207411062374,0.00330625308471221,0.00657665799013261,0.041675929939253,0.14450963196518,0.166788637065587,0.159502527993527,0.172463606021503,-0.00233174907768257,0.0234482765209124,0.984207965172754,1.15887370081044,155.323414445954,165.881678167569,10.5582637216149,144.50963196518,166.788637065587,159.502527993527,172.463606021504,-2.33174907768257,23.4482765209124,-10.1816426262094,31.2981700694392,primary,HC0,primary_main,1980559
45,701,0.153987749292273,0.163987799942804,0.01000005065053,1.06494055985941,0.00660966410797522,0.00385157752705085,0.00765173910554984,0.0489398619568761,0.141473928164726,0.167392640550557,0.156577818003925,0.171677077134316,-0.00499708241544438,0.0249971837165044,0.967537222859383,1.17214962818902,153.987749292274,163.987799942804,10.00005065053,141.473928164726,167.392640550557,156.577818003925,171.677077134316,-4.99708241544438,24.9971837165044,-14.1301918959413,34.1302931970014,primary,HC0,primary_main,1980559
15,1199,0.0732933540090058,0.0659799932269797,-0.00731336078202605,0.900217954534767,0.00340019488087021,0.00211452592257008,0.00400142830376013,0.0563461264581688,0.0669018173412224,0.0802430017032037,0.0619546079735363,0.0702473343202351,-0.0151560161441151,0.000529294580063013,0.806094133946897,1.00533217094487,73.2933540090058,65.9799932269797,-7.31336078202605,66.9018173412224,80.2430017032037,61.9546079735363,70.2473343202351,-15.1560161441151,0.529294580063013,-19.9321176646301,5.30539610057798,primary,model,primary_main,1980559
16,4170,0.0745564975828868,0.0663290800602946,-0.00822741752259223,0.889648551242022,0.00270271672281524,0.00166685613948741,0.0031728681214901,0.0440725799002509,0.0694292589452712,0.080029811323673,0.0631358946724842,0.0696717549744382,-0.0144461247684081,-0.00200871027677638,0.81602568336672,0.969913767250071,74.5564975828868,66.3290800602946,-8.22741752259223,69.4292589452712,80.029811323673,63.1358946724842,69.6717549744383,-14.4461247684081,-2.00871027677638,-18.2332575392745,1.77842249409002,primary,model,primary_main,1980559
17,11232,0.0763884367545807,0.0672315409162996,-0.00915689583828109,0.880127199517118,0.00204147643298463,0.00125116439408396,0.00239194720308223,0.0325312547530291,0.0724821085829092,0.0804870225519138,0.0648204139112986,0.0697256677708232,-0.0138450262092436,-0.00446876546731862,0.825761800030115,0.938071835366561,76.3884367545807,67.2315409162996,-9.15689583828109,72.4821085829092,80.4870225519138,64.8204139112986,69.7256677708232,-13.8450262092436,-4.46876546731862,-16.7000524164849,-1.61373926007725,primary,model,primary_main,1980559
18,29922,0.0795174249997921,0.0693450950760196,-0.0101723299237725,0.872074203562312,0.00146911703152033,0.000897834400663961,0.00172278298220206,0.0225748028138756,0.076685222619928,0.0824448885468825,0.0676059026210272,0.0711256160372467,-0.0135489225220671,-0.00679573732547797,0.834329756453814,0.911526180908712,79.5174249997922,69.3450950760196,-10.1723299237725,76.685222619928,82.4448885468825,67.6059026210272,71.1256160372467,-13.5489225220671,-6.79573732547797,-15.6052348676064,-4.73942497993861,primary,model,primary_main,1980559
19,60774,0.0822742553811607,0.0712317209482078,-0.0110425344329529,0.865783842323519,0.00102247018295083,0.000625473081964273,0.00120045825761178,0.0152415541032427,0.0802923404344412,0.0843006072778264,0.0700155139024142,0.0724674079433672,-0.0133953893828157,-0.00868967948309014,0.840302860935455,0.892037497996871,82.2742553811607,71.2317209482078,-11.0425344329529,80.2923404344412,84.3006072778264,70.0155139024142,72.4674079433672,-13.3953893828157,-8.68967948309014,-14.8282553682206,-7.25681349768523,primary,model,primary_main,1980559
20,82205,0.0817879541032269,0.0704485966566773,-0.0113393574465496,0.8613566316595,0.00077409867922125,0.000469635173229144,0.000908563476623074,0.0116193977067073,0.0802835108793281,0.0833180353480267,0.0695336678440918,0.0713746406959889,-0.0131201091383993,-0.00955860575469983,0.841962119052657,0.881197894910755,81.7879541032269,70.4485966566773,-11.3393574465496,80.2835108793281,83.3180353480267,69.5336678440918,71.3746406959889,-13.1201091383993,-9.55860575469983,-14.2045697541514,-8.47414513894767,primary,model,primary_main,1980559
21,96740,0.0811574542257124,0.0697691930908622,-0.0113882611348502,0.859676954587837,0.000730902619446625,0.000437305380568333,0.000855620297348271,0.0110256648258508,0.0797363892400194,0.0826015722351307,0.0689169449183674,0.0706311809346999,-0.0130652461020943,-0.00971127616760615,0.841298707728958,0.878456675922431,81.1574542257124,69.7691930908622,-11.3882611348502,79.7363892400194,82.6015722351307,68.9169449183674,70.6311809346999,-13.0652461020943,-9.71127616760615,-14.0865137827643,-8.69000848693611,primary,model,primary_main,1980559
22,110682,0.0798950386384116,0.0687737748757867,-0.0111212637626248,0.860801572260859,0.00071280370407559,0.000424717770025895,0.000833550186928582,0.0109035648703506,0.0785090762414151,0.0813033094260403,0.0679459947048669,0.0696108866348165,-0.0127549921083115,-0.00948753541693818,0.84260090320295,0.879395386344955,79.8950386384116,68.7737748757867,-11.1212637626248,78.5090762414151,81.3033094260403,67.9459947048669,69.6108866348165,-12.7549921083115,-9.48753541693818,-13.7499169234017,-8.49261060184801,primary,model,primary_main,1980559
23,119247,0.0791689137463717,0.068484603575539,-0.0106843101708327,0.865044123188789,0.000654335193161519,0.000390361477606265,0.000765901150514852,0.0100955496643009,0.0778958976019377,0.0804609188557614,0.0677234573566989,0.0692536688723116,-0.0121854488415596,-0.00918317150010581,0.848095800205569,0.88233114098912,79.1689137463717,68.484603575539,-10.6843101708327,77.8958976019377,80.4609188557614,67.7234573566989,69.2536688723117,-12.1854488415596,-9.18317150010581,-13.0996278226251,-8.2689925190403,primary,model,primary_main,1980559
24,125425,0.0788266417563668,0.0687417688593728,-0.010084872896994,0.872062634252975,0.000579155211706947,0.000343434407412495,0.000677870514880947,0.00894844496186249,0.0776989659773534,0.0799692648697898,0.0680716944791072,0.0694179478968374,-0.0114134746923423,-0.00875627110164574,0.85690119459077,0.887492330342037,78.8266417563668,68.7417688593728,-10.084872896994,77.6989659773534,79.9692648697898,68.0716944791072,69.4179478968374,-11.4134746923423,-8.75627110164574,-12.2225803793773,-7.94716541461073,primary,model,primary_main,1980559
25,130505,0.0794706784474189,0.0700915122492028,-0.00937916619821609,0.881979537843989,0.00054339016575538,0.000315265892063463,0.000633535154081953,0.00825756366212807,0.0784121525572127,0.0805422450824949,0.0694761151990231,0.0707119460591786,-0.0106208722831568,-0.00813746011327543,0.867820007595887,0.896370097908289,79.4706784474189,70.0915122492028,-9.37916619821609,78.4121525572127,80.5422450824949,69.4761151990231,70.7119460591786,-10.6208722831568,-8.13746011327543,-11.3770593201373,-7.38127307629488,primary,model,primary_main,1980559
26,131877,0.080672229295141,0.0721487958231359,-0.00852343347200511,0.894344887373548,0.00057273012578624,0.000326343489129591,0.000664967044077704,0.00849577025156314,0.079556799619905,0.0818019080342386,0.0715117832762631,0.0727910378929008,-0.00982674492930347,-0.00722012201470676,0.879576091429001,0.909361663380055,80.6722292951411,72.1487958231359,-8.52343347200511,79.556799619905,81.8019080342387,71.5117832762631,72.7910378929008,-9.82674492930347,-7.22012201470676,-10.6204490442385,-6.42641789977174,primary,model,primary_main,1980559
27,130884,0.0821555590348668,0.0746830582475615,-0.00747250078730537,0.909044489805808,0.000628500779036399,0.000359540014098658,0.000729935248537847,0.00911538626445227,0.0809320986201514,0.0833958364032854,0.0739814218875714,0.0753908071425279,-0.00890314758548584,-0.0060418539891249,0.892947874432857,0.925431268842153,82.1555590348668,74.6830582475615,-7.47250078730537,80.9320986201514,83.3958364032854,73.9814218875714,75.3908071425279,-8.90314758548584,-6.0418539891249,-9.77439769563852,-5.17060387897221,primary,model,primary_main,1980559
28,126880,0.0840864204638171,0.077856699795677,-0.00622972066814011,0.925912880655673,0.000653564736816098,0.00038036114119679,0.000762656204293559,0.00926174437745446,0.0828142866386064,0.0853762768670595,0.0771144658248605,0.0786054693519309,-0.0077244993611415,-0.00473494197513871,0.909256709902382,0.942874166588364,84.0864204638171,77.856699795677,-6.22972066814011,82.8142866386064,85.3762768670595,77.1144658248605,78.6054693519309,-7.7244993611415,-4.73494197513871,-8.63480517707572,-3.82463615920449,primary,model,primary_main,1980559
29,120282,0.0870768071107557,0.0822375999600518,-0.00483920715070389,0.944425992278877,0.000647005401562813,0.000382668633246317,0.000759370741478503,0.00885891208345609,0.085817024743784,0.0883532955730396,0.0814906901248086,0.0829907371113262,-0.00632754645491523,-0.00335086784649255,0.928169325289598,0.960967390959238,87.0768071107557,82.2375999600518,-4.83920715070389,85.817024743784,88.3532955730396,81.4906901248086,82.9907371113262,-6.32754645491523,-3.35086784649255,-7.23393074514528,-2.4444835562625,primary,model,primary_main,1980559
30,111577,0.089423393813269,0.086187939455918,-0.003235454357351,0.963818703144871,0.000626187825640356,0.000371985413710741,0.000737425493421541,0.0083300650026574,0.0882036595381539,0.0906583182421105,0.0854616488022672,0.0869198158137242,-0.00468078176573889,-0.0017901269489631,0.948210555216782,0.979683771100273,89.423393813269,86.187939455918,-3.235454357351,88.2036595381539,90.6583182421105,85.4616488022672,86.9198158137242,-4.68078176573889,-1.7901269489631,-5.56097222600217,-0.909936488699822,primary,model,primary_main,1980559
31,102027,0.0919984478439311,0.090485260088694,-0.00151318775523708,0.983552029510279,0.000635721543593382,0.000374019988576127,0.000747899362686892,0.00816554432132676,0.0907600161847365,0.0932520449335448,0.0897548635137719,0.0912210047423956,-0.00297904357016385,-4.7331940310313e-05,0.967936383939038,0.999419601128163,91.9984478439311,90.485260088694,-1.51318775523708,90.7600161847365,93.2520449335448,89.7548635137719,91.2210047423956,-2.97904357016385,-0.047331940310313,-3.87173563213692,0.845360121662758,primary,model,primary_main,1980559
32,91764,0.0952000999554994,0.0954817221378793,0.000281622182379884,1.00295821309549,0.00069997899654197,0.000408499208834833,0.000821441416907227,0.00862195214764945,0.0938369836827732,0.0965809069818684,0.0946840753481367,0.0962853738730233,-0.00132837341016783,0.0018916177749276,0.986151909819348,1.02005093454614,95.2000999554995,95.4817221378793,0.281622182379884,93.8369836827732,96.5809069818684,94.6840753481367,96.2853738730233,-1.32837341016783,1.8916177749276,-2.30884520735532,2.87208957211509,primary,model,primary_main,1980559
33,81398,0.0982475346791754,0.10034034636701,0.00209281168783416,1.02130141682097,0.00080442098417217,0.000471809665825619,0.000943590923332429,0.00955219431299087,0.0966821318207919,0.0998354820987574,0.0994193948740563,0.101268869605263,0.000243407461963709,0.00394221591370462,1.00235853301971,1.0406022891412,98.2475346791754,100.34034636701,2.09281168783416,96.6821318207919,99.8354820987574,99.4193948740563,101.268869605263,0.243407461963709,3.94221591370462,-0.882861885268432,5.06848526093676,primary,model,primary_main,1980559
34,70747,0.101723499697904,0.105569176497761,0.0038456767998571,1.03780519556718,0.000916902737822037,0.000544892079999047,0.00107752094374011,0.0104913890036538,0.0999404275221067,0.103534724876026,0.104505962124403,0.10664191956791,0.00173377455753889,0.00595757904217532,1.01668298198037,1.05936623611845,101.723499697904,105.569176497761,3.8456767998571,99.9404275221067,103.534724876026,104.505962124403,106.64191956791,1.73377455753889,5.95757904217532,0.447646448496464,7.24370715121774,primary,model,primary_main,1980559
35,59784,0.105372900232781,0.110829403394104,0.0054565031613234,1.05178279376642,0.00100460201072671,0.00060514109886771,0.00118417102303113,0.0110907192586829,0.103420083524982,0.107358175415782,0.109648892243554,0.11202102516868,0.00313557060464644,0.00777743571800036,1.0291664604199,1.07489612983671,105.372900232781,110.829403394104,5.4565031613234,103.420083524982,107.358175415782,109.648892243554,112.02102516868,3.13557060464644,7.77743571800036,1.7221450489932,9.1908612736536,primary,model,primary_main,1980559
36,50300,0.109934097902184,0.116806856180599,0.00687275827841566,1.06251707531662,0.00106365297776001,0.000643606747450564,0.00125516291563583,0.0112382059528129,0.107866636388883,0.112036209687102,0.115551308733951,0.118074224778463,0.00441268416903914,0.00933283238779218,1.03936943176096,1.08618023663316,109.934097902184,116.806856180599,6.87275827841566,107.866636388883,112.036209687102,115.551308733951,118.074224778463,4.41268416903914,9.33283238779218,2.91452274897095,10.8309938078604,primary,model,primary_main,1980559
37,39582,0.114727825517672,0.122786785160423,0.00805895964275044,1.07024415922107,0.00113410909229851,0.000679097814021238,0.00133377294586758,0.011425736605223,0.112523685587188,0.116969450154865,0.121461970171006,0.124124008651144,0.0054448127052961,0.0106731065802048,1.04654344476301,1.09448161572136,114.727825517672,122.786785160423,8.05895964275044,112.523685587189,116.969450154865,121.461970171006,124.124008651144,5.4448127052961,10.6731065802048,3.85282241802948,12.2650968674714,primary,model,primary_main,1980559
38,30385,0.119871294335853,0.128882283063629,0.00901098872777577,1.07517219846254,0.00129316209431725,0.000758535212167505,0.00150995022757462,0.0123737347433944,0.117359799201571,0.122429080392958,0.12740287331151,0.130376305065502,0.00605154066328146,0.0119704367922701,1.04941068992073,1.10156611462961,119.871294335853,128.882283063629,9.01098872777577,117.359799201571,122.429080392958,127.40287331151,130.376305065502,6.05154066328146,11.9704367922701,4.24926531798932,13.7727121375622,primary,model,primary_main,1980559
39,22837,0.124838839868553,0.134554208271814,0.00971536840326133,1.07782328331063,0.00160637899640218,0.000929044849191735,0.00186500525671987,0.0146735538534049,0.121724282709051,0.128021472862394,0.132743696703742,0.136385530307083,0.0060600252691125,0.0133707115374102,1.0472669770941,1.10927113663981,124.838839868553,134.554208271814,9.71536840326133,121.724282709051,128.021472862394,132.743696703742,136.385530307083,6.0600252691125,13.3707115374102,3.83395653410158,15.5967802724211,primary,model,primary_main,1980559
40,15853,0.13090024983884,0.141162639678694,0.0102623898398535,1.07839855044194,0.00211296069042862,0.00121693137856566,0.00244568854371027,0.0183525290189449,0.126814273753998,0.135097507981254,0.138794294006699,0.143564661229606,0.00546892837677916,0.0150558513029279,1.04029759483249,1.11789495560888,130.90024983884,141.162639678694,10.2623898398535,126.814273753998,135.097507981254,138.794294006699,143.564661229606,5.46892837677916,15.0558513029279,2.54975654972326,17.9750231299838,primary,model,primary_main,1980559
41,10370,0.136894144511179,0.147467318695936,0.0105731741847568,1.07723613177548,0.00278413606723386,0.00160646896155674,0.00321986890067823,0.0231096527757169,0.131528275328396,0.142443017088507,0.144346415066346,0.150643819391439,0.00426234710448688,0.0168840012650267,1.02953221261247,1.12715043724367,136.894144511179,147.467318695936,10.5731741847568,131.528275328396,142.443017088507,144.346415066346,150.643819391439,4.26234710448688,16.8840012650267,0.419114242376841,20.7272341271367,primary,model,primary_main,1980559
42,6233,0.142685409734275,0.153382320308886,0.0106969105746115,1.07496849603987,0.00360085495125515,0.00208434277589185,0.00416493418404288,0.0286911975801628,0.135772295512272,0.149889469705436,0.149341480100163,0.157512251251475,0.00253378957590777,0.0188600315733153,1.01618725798146,1.13714992822643,142.685409734275,153.382320308886,10.6969105746115,135.772295512272,149.889469705436,149.341480100163,157.512251251475,2.53378957590777,18.8600315733153,-2.4374724283519,23.831293577575,primary,model,primary_main,1980559
43,3273,0.148485067019355,0.159173638092044,0.0106885710726883,1.0719841482194,0.00455163242934054,0.00264174307843083,0.00526650775849253,0.0348825630120735,0.139783457008745,0.15762909835053,0.154063927817386,0.164419879036522,0.000366405541742155,0.0210107366036344,1.00114336137821,1.14783762082955,148.485067019355,159.173638092044,10.6885710726883,139.783457008745,157.62909835053,154.063927817386,164.419879036522,0.366405541742155,21.0107366036344,-5.91969377172136,27.2968359170979,primary,model,primary_main,1980559
44,1704,0.155323414445954,0.165881678167569,0.0105582637216149,1.06797599550124,0.00561220286427161,0.00326127434051366,0.00649404428746081,0.0411536278612861,0.14463872186285,0.166643629795596,0.159587961361998,0.172372693591694,-0.00216982919581634,0.0232863566390462,0.985216008110326,1.15768797662404,155.323414445954,165.881678167569,10.5582637216149,144.63872186285,166.643629795596,159.587961361998,172.372693591694,-2.16982919581634,23.2863566390462,-9.92111509702497,31.0376425402548,primary,model,primary_main,1980559
45,701,0.153987749292273,0.163987799942804,0.01000005065053,1.06494055985941,0.00653164007774453,0.00380016021137789,0.00755871809188616,0.0483465891187026,0.141616563232363,0.167229101800687,0.15667491777815,0.171572571307357,-0.00481476457885815,0.0248148658799182,0.968662923103908,1.1707874524604,153.987749292274,163.987799942804,10.00005065053,141.616563232363,167.229101800687,156.67491777815,171.572571307357,-4.81476457885815,24.8148658799182,-13.8368442542274,33.8369455552875,primary,model,primary_main,1980559
15,40161,0.0803944498312647,0.0664990900239562,-0.0138953598073085,0.827160210232514,0.000506540006868039,0.00211981614309132,0.00217913070446615,0.0324894979344273,0.0794072272587009,0.0813928608039835,0.0624629377358115,0.0707763568805603,-0.0181663775056675,-0.00962434210894943,0.776130095537395,0.88154552609915,80.3944498312647,66.4990900239562,-13.8953598073085,79.4072272587009,81.3928608039835,62.4629377358115,70.7763568805603,-18.1663775056675,-9.62434210894943,-20.7673861158234,-7.02333349879354,broad,HC0,broad_main,29576508
16,98382,0.079727768295267,0.06604153766811,-0.013686230627157,0.828337969069059,0.00039487189195268,0.00165100333563728,0.0016970299216538,0.0254785501945334,0.078957256520711,0.080505141961705,0.0628783708363137,0.0693520549180428,-0.0170123481542853,-0.0103601131000287,0.78798905924057,0.870752941243535,79.727768295267,66.04153766811,-13.686230627157,78.957256520711,80.505141961705,62.8783708363137,69.3520549180428,-17.0123481542853,-10.3601131000287,-19.0379216680113,-8.33453958630273,broad,HC0,broad_main,29576508
17,195994,0.0810938166402094,0.0673348148908354,-0.013759001749374,0.830332295119135,0.000298719097358716,0.00124675715737729,0.00128175758995755,0.0188750912198828,0.0805102616309332,0.0816812256364988,0.0649319711058756,0.0698199378509251,-0.0162712004626016,-0.0112468030361463,0.800175818974289,0.86162528780436,81.0938166402094,67.3348148908355,-13.759001749374,80.5102616309332,81.6812256364988,64.9319711058756,69.8199378509251,-16.2712004626016,-11.2468030361463,-17.8011052639885,-9.71689823475949,broad,HC0,broad_main,29576508
18,369890,0.0833486618636527,0.0694428014684171,-0.0139058603952356,0.833160364134174,0.000216378522362261,0.000896874231304788,0.000922518605385838,0.0131725590859714,0.082925547405114,0.08377373798584,0.0677054160955201,0.071221363948375,-0.01571396363686,-0.0120977571536113,0.811925344945176,0.854950762019951,83.3486618636527,69.4428014684171,-13.9058603952356,82.925547405114,83.77373798584,67.7054160955201,71.221363948375,-15.71396363686,-12.0977571536113,-16.8150810827846,-10.9966397076867,broad,HC0,broad_main,29576508
19,635199,0.0858802242231015,0.0718802240266384,-0.0140000001964631,0.836982258452265,0.000160525519048018,0.000629942337446058,0.000649316968512941,0.00895200288149052,0.0855661217142487,0.0861953710771501,0.0706553000153152,0.0731247131385864,-0.0152726380692992,-0.012727362323627,0.822424981383405,0.851797205607098,85.8802242231015,71.8802240266384,-14.0000001964631,85.5661217142487,86.1953710771501,70.6553000153152,73.1247131385864,-15.2726380692992,-12.727362323627,-16.047662266958,-11.9523381259682,broad,HC0,broad_main,29576508
20,834055,0.0855723969876636,0.072010469967954,-0.0135619270197096,0.841515167307225,0.000132155206327848,0.00047997108264852,0.000497445219942445,0.00683730061897586,0.0853137326207542,0.0858317720121739,0.0710753932190574,0.0729568825166486,-0.0145369017350784,-0.0125869523043408,0.830313362430933,0.85286809637128,85.5723969876636,72.010469967954,-13.5619270197096,85.3137326207542,85.8317720121739,71.0753932190574,72.9568825166486,-14.5369017350784,-12.5869523043408,-15.1306519390011,-11.993202100418,broad,HC0,broad_main,29576508
21,972880,0.0842876985969558,0.0714299923557796,-0.0128577062411762,0.847454534229737,0.000126188166219584,0.000448429064655162,0.000466073307361103,0.00645665561725843,0.0840407035689519,0.0845353525455746,0.0705560633298507,0.0723139039318493,-0.0137711931377594,-0.0119442193445929,0.8367977281814,0.858247057084331,84.2876985969558,71.4299923557796,-12.8577062411762,84.040703568952,84.5353525455746,70.5560633298507,72.3139039318493,-13.7711931377594,-11.9442193445929,-14.32749785272,-11.3879146296323,broad,HC0,broad_main,29576508
22,1121260,0.0832404053184715,0.0711948621173258,-0.0120455432011457,0.855292112585704,0.000121487462014598,0.000439666732996778,0.00045665086913178,0.00635182346415238,0.0830026036974787,0.0834788262166531,0.0703379318313211,0.0720614231814502,-0.0129405624581529,-0.0111505239441385,0.844710290852417,0.866006494502534,83.2404053184715,71.1948621173258,-12.0455432011457,83.0026036974787,83.4788262166531,70.3379318313211,72.0614231814502,-12.9405624581529,-11.1505239441385,-13.4856205586205,-10.6054658436709,broad,HC0,broad_main,29576508
23,1242664,0.0825029741050041,0.0713964540576249,-0.0111065200473791,0.865380367582343,0.000109912926122899,0.000406674620567695,0.000421836894192508,0.00585670747861571,0.082287804530094,0.0827186556008143,0.0706034820313655,0.0721976403764401,-0.0119333051673467,-0.0102797349274116,0.855503518275919,0.875371245820429,82.5029741050041,71.3964540576249,-11.1065200473791,82.2878045300941,82.7186556008143,70.6034820313655,72.1976403764401,-11.9333051673467,-10.2797349274116,-12.4368093360629,-9.77623075869541,broad,HC0,broad_main,29576508
24,1360984,0.0820374256188207,0.0720232677394919,-0.0100141578793287,0.877931836551544,9.50998372420316e-05,0.000359682139818703,0.000372669749640815,0.00513445991870988,0.0818512260803784,0.082224010800876,0.0713214781981531,0.0727314219373492,-0.0107445771667523,-0.00928373859190516,0.86914120131399,0.886811381701277,82.0374256188207,72.023267739492,-10.0141578793287,81.8512260803784,82.224010800876,71.3214781981531,72.7314219373492,-10.7445771667523,-9.28373859190516,-11.189395472315,-8.83892028634241,broad,HC0,broad_main,29576508
25,1485728,0.0818296866344996,0.0731006589141961,-0.00872902772030354,0.893326883197139,8.46470471841674e-05,0.000329813565106076,0.000341136325230601,0.00463662999320553,0.0816639345895655,0.0819957450654106,0.0724568631102426,0.0737497201675166,-0.00939764263157386,-0.00806041280903322,0.885245437185992,0.901482105097872,81.8296866344996,73.1006589141961,-8.72902772030354,81.6639345895655,81.9957450654106,72.4568631102426,73.7497201675166,-9.39764263157386,-8.06041280903322,-9.80482266778886,-7.65323277281822,broad,HC0,broad_main,29576508
26,1599762,0.0816207055770641,0.074422286046179,-0.00719841953088506,0.911806453031841,8.36076007458956e-05,0.00033848814018099,0.000349278398662444,0.00466973577595841,0.0814569874961158,0.0817847234123466,0.0737615746993734,0.0750884358619565,-0.00788299261284127,-0.00651384644892884,0.903499205849737,0.920190081416383,81.6207055770641,74.422286046179,-7.19841953088506,81.4569874961158,81.7847234123467,73.7615746993734,75.0884358619565,-7.88299261284127,-6.51384644892884,-8.29989102118389,-6.09694804058622,broad,HC0,broad_main,29576508
27,1705131,0.0813343104235999,0.0759487841098114,-0.00538552631378853,0.933785307999293,8.77491048116981e-05,0.000368209623113304,0.000379050006643141,0.0049732477010232,0.0811624909910258,0.0815064613288027,0.0752302460869508,0.0766736160132077,-0.00612845067514875,-0.0046426019524283,0.924727558215292,0.942931778867057,81.3343104235999,75.9487841098114,-5.38552631378853,81.1624909910258,81.5064613288027,75.2302460869508,76.6736160132077,-6.12845067514875,-4.6426019524283,-6.5808844502031,-4.19016817737395,broad,HC0,broad_main,29576508
28,1801255,0.0808513280894208,0.0775763513513914,-0.00327497673802941,0.959493841159822,8.83334909181904e-05,0.000382466232750035,0.000392999563722196,0.00505556079525818,0.0806783666023176,0.0810246276975353,0.0768300406839672,0.0783292964146591,-0.00404524172886487,-0.00250471174719396,0.950033435791418,0.969048452970192,80.8513280894208,77.5763513513914,-3.27497673802941,80.6783666023176,81.0246276975353,76.8300406839672,78.3292964146591,-4.04524172886487,-2.50471174719396,-4.51432568373456,-2.03562779232427,broad,HC0,broad_main,29576508
29,1867931,0.0804573025446827,0.0795219047557203,-0.000935397788962372,0.988373985214793,8.37704212902129e-05,0.000374973599539718,0.000384671069233373,0.00483457828520087,0.0802932683289747,0.080621642496261,0.0787900657904136,0.0802599491405715,-0.0016893392305543,-0.000181456347370448,0.979052781094318,0.997783933116945,80.4573025446827,79.5219047557203,-0.935397788962372,80.2932683289747,80.621642496261,78.7900657904136,80.2599491405715,-1.6893392305543,-0.181456347370448,-2.14848230127662,0.277686723351872,broad,HC0,broad_main,29576508
30,1891101,0.0801518852861456,0.0817181506859189,0.00156626539977335,1.01954121720508,7.69625600252897e-05,0.000359209466760084,0.00036782142150411,0.00450509473925954,0.0800011709555604,0.080302858764544,0.0810168702985934,0.0824249568906704,0.000845348660882969,0.00228718213866373,1.01057847621396,1.02858344804085,80.1518852861456,81.7181506859189,1.56626539977335,80.0011709555604,80.302858764544,81.0168702985934,82.4249568906704,0.845348660882969,2.28718213866373,0.406317315782285,2.72621348376442,broad,HC0,broad_main,29576508
31,1886171,0.07969871495027,0.0838441672800052,0.00414545232973523,1.05201404228816,7.22814005452482e-05,0.000355354076521779,0.000363102496451928,0.00434012341377354,0.0795571609672961,0.0798404989495805,0.0831503089884341,0.0845432816615826,0.00343378451399287,0.0048571201454776,1.04310305433672,1.06100115474709,79.69871495027,83.8441672800052,4.14545232973523,79.5571609672961,79.8404989495805,83.1503089884342,84.5432816615826,3.43378451399287,4.8571201454776,3.00038567393939,5.29051898553108,broad,HC0,broad_main,29576508
32,1798093,0.0794705241824549,0.0861981896199456,0.0067276654374907,1.08465611000683,7.37012657875513e-05,0.000380508587454516,0.000388092264071121,0.00451713071034576,0.0793261922528154,0.0796150960112687,0.0854553225308088,0.0869469005382009,0.0059670185772327,0.00748831229774871,1.07509558504226,1.09430165405146,79.4705241824549,86.1981896199456,6.7276654374907,79.3261922528154,79.6150960112687,85.4553225308088,86.9469005382009,5.9670185772327,7.48831229774871,5.50379197117596,7.95153890380545,broad,HC0,broad_main,29576508
33,1665495,0.0796329133154901,0.0888852754408768,0.00925236212538669,1.11618766336892,8.10380127274949e-05,0.000431775282291473,0.000439864158322228,0.00496999500485154,0.0794742263529356,0.079791889664889,0.0880426390861287,0.0897351829269161,0.0083902442169851,0.0101144800337883,1.10536765131046,1.12711358829791,79.6329133154901,88.8852754408768,9.25236212538669,79.4742263529356,79.791889664889,88.0426390861287,89.7351829269161,8.3902442169851,10.1144800337883,7.86522272068372,10.6395015300897,broad,HC0,broad_main,29576508
34,1508275,0.0802593790476681,0.0919127633164956,0.0116533842688276,1.14519654160178,9.0584592060934e-05,0.000490852863274692,0.000499694944488032,0.00546524470682691,0.0800820156500951,0.0804371009168003,0.0909552240593665,0.0928793531959946,0.0106740001743743,0.0126327683632808,1.13299502556499,1.15752945891592,80.2593790476681,91.9127633164957,11.6533842688276,80.0820156500951,80.4371009168003,90.9552240593665,92.8793531959946,10.6740001743743,12.6327683632808,10.0775647010908,13.2292038365643,broad,HC0,broad_main,29576508
35,1321363,0.0818580494581832,0.0957794753043291,0.0139214258461459,1.17006789116393,9.88811045235228e-05,0.000540520256924776,0.000550062270963865,0.00577816105825804,0.0816644549025016,0.0820520619455875,0.0947253006899026,0.0968441265452543,0.0128433236058024,0.0149995280864894,1.15689163811697,1.18339421327409,81.8580494581832,95.7794753043291,13.9214258461459,81.6644549025016,82.0520619455875,94.7253006899026,96.8441265452543,12.8433236058024,14.9995280864894,12.1867697332115,15.6560819590802,broad,HC0,broad_main,29576508
36,1103345,0.0840701924448141,0.100012737952497,0.015942545507683,1.18963374585051,0.000103712252785166,0.000570368664686647,0.000580351167143985,0.00584230604855493,0.0838671432262594,0.0842736880407125,0.0989003761265711,0.10113620664431,0.014805078121695,0.0170800128936709,1.17608929029117,1.20333418640002,84.0701924448141,100.012737952497,15.942545507683,83.8671432262594,84.2736880407125,98.9003761265712,101.13620664431,14.805078121695,17.0800128936709,14.1123714476245,17.7727195677414,broad,HC0,broad_main,29576508
37,882785,0.0868803060611916,0.10459760531535,0.0177172992541581,1.20392768001622,0.000107966363813318,0.000600724354492888,0.000611022851082921,0.00588379900229722,0.0866689289297521,0.0870921495619666,0.103426046182384,0.105780869551589,0.0165197164723046,0.0189148820360116,1.19012369192287,1.21789177759112,86.8803060611916,104.59760531535,17.7172992541581,86.6689289297521,87.0921495619667,103.426046182384,105.780869551589,16.5197164723046,18.9148820360116,15.7904001016016,19.6441984067146,broad,HC0,broad_main,29576508
38,688250,0.0902846738931343,0.10955426842587,0.019269594532736,1.21343151281185,0.000118058414897005,0.00067359376313911,0.00068447373998041,0.00629274006658826,0.0900535505836151,0.0905163313766494,0.10824100833633,0.110881480792131,0.0179280506540109,0.020611138411461,1.19855751508509,1.22849009559656,90.2846738931343,109.55426842587,19.269594532736,90.0535505836151,90.5163313766494,108.24100833633,110.881480792131,17.9280506540109,20.611138411461,17.1110633629476,21.4281257025243,broad,HC0,broad_main,29576508
39,526483,0.093877633333542,0.1144294003686,0.0205517670350578,1.218920804725,0.000140808379417628,0.000828802366497891,0.000841114837872374,0.00740120684292187,0.0936020173752831,0.094153976554135,0.112814990437625,0.116063890554978,0.0189032122459657,0.0222003218241499,1.20136664802352,1.23673145965541,93.877633333542,114.4294003686,20.5517670350578,93.6020173752831,94.153976554135,112.814990437625,116.063890554978,18.9032122459657,22.2003218241499,17.899258269753,23.2042758003626,broad,HC0,broad_main,29576508
40,375841,0.0984282819743623,0.120133410083018,0.0217051281086557,1.22051718950362,0.000181251418765174,0.00108855432288497,0.00110381519142525,0.00924920142855744,0.0980736063643124,0.0987840997574498,0.118016188303058,0.122283348819683,0.0195416900878741,0.0238685661294374,1.1985908715079,1.24284461469302,98.4282819743623,120.133410083018,21.7051281086557,98.0736063643124,98.7840997574498,118.016188303058,122.283348819683,19.5416900878741,23.8685661294374,18.2241771864984,25.1860790308131,broad,HC0,broad_main,29576508
41,255445,0.102964726343417,0.125549233121356,0.0225845067779384,1.21934217260591,0.000238235827622154,0.00144096218222063,0.00146066513373778,0.0117095354623499,0.102498729034282,0.103432598091624,0.122752097235651,0.12840077779326,0.0197216557223389,0.0254473578335378,1.19167662341844,1.24764999554182,102.964726343417,125.549233121356,22.5845067779384,102.498729034282,103.432598091624,122.752097235651,128.40077779326,19.7216557223389,25.4473578335378,17.9782070243696,27.1908065315071,broad,HC0,broad_main,29576508
42,163280,0.108148937104357,0.131479523152695,0.0233305860483378,1.21572644792454,0.000311329491876738,0.0018806727954202,0.001906307454187,0.0145910873816182,0.107540253463776,0.108760646076058,0.127837116918436,0.135209621823766,0.0195942920946711,0.0270668800020046,1.18145152905897,1.25099571148759,108.148937104357,131.479523152695,23.3305860483378,107.540253463776,108.760646076058,127.837116918436,135.209621823766,19.5942920946711,27.0668800020046,17.318925090855,29.3422470058207,broad,HC0,broad_main,29576508
43,96885,0.112811043668682,0.136598258682377,0.0237872150136947,1.21085892161016,0.000396208252943334,0.00238181413503588,0.00241447807021138,0.0177862575454793,0.112036819559928,0.113589933597563,0.131996778010834,0.141334030470384,0.0190549249546186,0.0285195050727708,1.16937513810056,1.25381434945201,112.811043668682,136.598258682377,23.7872150136947,112.036819559928,113.589933597563,131.996778010834,141.334030470384,19.0549249546186,28.5195050727708,16.1730059229693,31.4014241044201,broad,HC0,broad_main,29576508
44,53779,0.118293818979257,0.142501283780672,0.0242074648014147,1.20463845879944,0.000494445072639136,0.00295144412207595,0.00299238927777733,0.0211277029285314,0.117328156189144,0.119266355693791,0.136813875835837,0.148384476857695,0.0183424895892473,0.0300724400135821,1.15577365501181,1.25556921126037,118.293818979257,142.501283780672,24.2074648014147,117.328156189144,119.266355693791,136.813875835837,148.384476857695,18.3424895892473,30.0724400135821,14.7707762172659,33.6441533855635,broad,HC0,broad_main,29576508
45,28641,0.123701663566803,0.148228098599984,0.0245264350331812,1.1982708584993,0.00060260160632123,0.00357100311970798,0.00362118649890017,0.0245764099226613,0.122525420347056,0.124887591576956,0.141364659107612,0.155364471462118,0.0174290399140342,0.0316238301523282,1.14191957956387,1.25740295203366,123.701663566803,148.228098599984,24.5264350331812,122.525420347056,124.887591576956,141.364659107612,155.364471462118,17.4290399140342,31.6238301523282,13.1067946979414,35.946075368421,broad,HC0,broad_main,29576508
15,40161,0.0803944498312647,0.0664990900239562,-0.0138953598073085,0.827160210232514,0.000503952327021379,0.00212152433507552,0.00218018089350811,0.032508330022248,0.0794122422606559,0.0813877317810452,0.0624597794245765,0.0707799039756552,-0.0181684358383667,-0.00962228377625023,0.776101448938248,0.881578064733566,80.3944498312647,66.4990900239562,-13.8953598073085,79.4122422606559,81.3877317810452,62.4597794245765,70.7799039756552,-18.1684358383667,-9.62228377625023,-20.7706979532963,-7.02002166132068,broad,model,broad_main,29576508
16,98382,0.079727768295267,0.06604153766811,-0.013686230627157,0.828337969069059,0.000392689616178502,0.00165223336208514,0.00169775146269434,0.0254919139397549,0.0789614960173149,0.0805008268295424,0.0628760677637317,0.0693545776428009,-0.0170137623487381,-0.0103586989055759,0.787968420139477,0.870775748703228,79.727768295267,66.04153766811,-13.686230627157,78.9614960173149,80.5008268295424,62.8760677637317,69.3545776428009,-17.0137623487381,-10.3586989055759,-19.0401970932546,-8.33226416105949,broad,model,broad_main,29576508
17,195994,0.0810938166402094,0.0673348148908354,-0.013759001749374,0.830332295119135,0.000297001797672739,0.00124746144774866,0.00128207636230738,0.0188816383210945,0.0805136054411508,0.0816778376414268,0.0649306365644856,0.0698213653801129,-0.0162718252449266,-0.0112461782538214,0.800165551117982,0.861636344322143,81.0938166402094,67.3348148908355,-13.759001749374,80.5136054411508,81.6778376414268,64.9306365644856,69.8213653801129,-16.2718252449266,-11.2461782538214,-17.8021105327271,-9.71589296602092,broad,model,broad_main,29576508
18,369890,0.0833486618636527,0.0694428014684171,-0.0139058603952356,0.833160364134174,0.000215093428225419,0.000896910107330539,0.000922270445312317,0.0131702477870522,0.0829280545483036,0.0837712076107977,0.0677053474110614,0.0712214359272109,-0.0157134772520535,-0.0120982435384178,0.811929023026178,0.854946889048218,83.3486618636527,69.4428014684171,-13.9058603952356,82.9280545483036,83.7712076107977,67.7053474110614,71.2214359272109,-15.7134772520535,-12.0982435384178,-16.8142984943191,-10.9974222961521,broad,model,broad_main,29576508
19,635199,0.0858802242231015,0.0718802240266384,-0.0140000001964631,0.836982258452265,0.000159625902434748,0.000629067411893798,0.000648308357366027,0.00893863465963892,0.0855678791015423,0.0861936020172231,0.0706569878585489,0.0731229709849342,-0.0152706612277768,-0.0127293391651494,0.822446530214571,0.851774887762112,85.8802242231015,71.8802240266384,-14.0000001964631,85.5678791015423,86.1936020172231,70.6569878585489,73.1229709849342,-15.2706612277768,-12.7293391651494,-16.0444815480032,-11.955518844923,broad,model,broad_main,29576508
20,834055,0.0855723969876636,0.072010469967954,-0.0135619270197096,0.841515167307225,0.000131674839410399,0.000478350826773938,0.000495873652541324,0.0068155080450362,0.0853146715468852,0.0858308279291369,0.0710785308478728,0.0729536684834181,-0.0145338215195729,-0.0125900325198462,0.83034882808073,0.852831668884174,85.5723969876636,72.010469967954,-13.5619270197096,85.3146715468852,85.8308279291369,71.0785308478728,72.9536684834181,-14.5338215195729,-12.5900325198462,-15.1256959019429,-11.9981581374762,broad,model,broad_main,29576508
21,972880,0.0842876985969558,0.0714299923557796,-0.0128577062411762,0.847454534229737,0.00012603408414028,0.000446891654655934,0.000464665581786878,0.00643666154390717,0.0840410047610255,0.0845350497453331,0.0705590425908375,0.0723108563389435,-0.0137684340463338,-0.0119469784360185,0.836830520971866,0.858213425046295,84.2876985969558,71.4299923557796,-12.8577062411762,84.0410047610255,84.5350497453331,70.5590425908375,72.3108563389435,-13.7684340463338,-11.9469784360185,-14.323058501211,-11.3923539811413,broad,model,broad_main,29576508
22,1121260,0.0832404053184715,0.0711948621173258,-0.0120455432011457,0.855292112585704,0.000121492557206375,0.000438645460855437,0.000455738727562096,0.00633873745898811,0.083002593737033,0.0834788362290449,0.07033991124546,0.0720593990777774,-0.0129387746935275,-0.0111523117087639,0.844731956343272,0.865984283367219,83.2404053184715,71.1948621173258,-12.0455432011457,83.002593737033,83.4788362290449,70.33991124546,72.0593990777774,-12.9387746935275,-11.1523117087639,-13.4827440625705,-10.608342339721,broad,model,broad_main,29576508
23,1242664,0.0825029741050041,0.0713964540576249,-0.0111065200473791,0.865380367582343,0.000109964795480178,0.000406063178199151,0.000421305442632636,0.00584906549246593,0.0822877031094363,0.0827187575047505,0.0706046681473849,0.0721964295782655,-0.0119322635414298,-0.0102807765533285,0.855516332118656,0.875358134592672,82.5029741050041,71.3964540576249,-11.1065200473791,82.2877031094363,82.7187575047505,70.6046681473849,72.1964295782655,-11.9322635414298,-10.2807765533285,-12.4351333700028,-9.77790672475548,broad,model,broad_main,29576508
24,1360984,0.0820374256188207,0.0720232677394919,-0.0100141578793287,0.877931836551544,9.51571959247523e-05,0.000359123522665241,0.000372177749029351,0.00512747325039239,0.0818511138919051,0.0822241234546852,0.0713225632268803,0.0727303171542251,-0.0107436128632734,-0.009284702895384,0.869153103083317,0.88679923812788,82.0374256188207,72.023267739492,-10.0141578793287,81.8511138919051,82.2241234546852,71.3225632268803,72.7303171542251,-10.7436128632734,-9.284702895384,-11.1878439173124,-8.84047184134499,broad,model,broad_main,29576508
25,1485728,0.0818296866344996,0.0731006589141961,-0.00872902772030354,0.893326883197139,8.46803302016241e-05,0.000328832685160493,0.000340232256649916,0.00462410648803116,0.0816638694764566,0.0819958104195074,0.0724587700149642,0.0737477819899707,-0.00939587068971616,-0.00806218475089092,0.885267166349982,0.901459977933056,81.8296866344996,73.1006589141961,-8.72902772030354,81.6638694764566,81.9958104195074,72.4587700149642,73.7477819899707,-9.39587068971616,-8.06218475089092,-9.80197163041949,-7.65608381018759,broad,model,broad_main,29576508
26,1599762,0.0816207055770641,0.074422286046179,-0.00719841953088506,0.911806453031841,8.36425972386614e-05,0.000336898491595763,0.000347777805433466,0.00464941436115415,0.0814569190296577,0.0817847921297998,0.0737646649568789,0.0750852946427511,-0.00788005150415703,-0.00651678755761308,0.90353519225412,0.920153431673615,81.6207055770641,74.422286046179,-7.19841953088506,81.4569190296577,81.7847921297998,73.7646649568789,75.0852946427511,-7.88005150415703,-6.51678755761308,-8.29515880566016,-6.10168025610995,broad,model,broad_main,29576508
27,1705131,0.0813343104235999,0.0759487841098114,-0.00538552631378853,0.933785307999293,8.77911948439251e-05,0.000366277980523073,0.000377209499536532,0.00494888875230191,0.0811624086549913,0.081506543982904,0.0752339992207416,0.0766697970166356,-0.00612484334750651,-0.00464620928007054,0.924771708224637,0.94288676186829,81.3343104235999,75.9487841098114,-5.38552631378853,81.1624086549913,81.506543982904,75.2339992207416,76.6697970166356,-6.12484334750651,-4.64620928007054,-6.57508029479759,-4.19597233277946,broad,model,broad_main,29576508
28,1801255,0.0808513280894208,0.0775763513513914,-0.00327497673802941,0.959493841159822,8.84055712809806e-05,0.000380504858271415,0.0003911199130399,0.00503125768034506,0.0806782256032101,0.0810247692486832,0.0768338510915491,0.0783254181360625,-0.00404155768122406,-0.00250839579483477,0.950078690030312,0.969002295161738,80.8513280894208,77.5763513513914,-3.27497673802941,80.6782256032101,81.0247692486832,76.8338510915491,78.3254181360625,-4.04155768122406,-2.50839579483477,-4.50839808659085,-2.04155538946798,broad,model,broad_main,29576508
29,1867931,0.0804573025446827,0.0795219047557203,-0.000935397788962372,0.988373985214793,8.3868256110034e-05,0.000372990636563564,0.000382749392026247,0.00481039453307705,0.0802930769332636,0.0806218346065223,0.078793919706491,0.0802560297660554,-0.00168557281243842,-0.000185222765486325,0.979099188594163,0.997736639994591,80.4573025446827,79.5219047557203,-0.935397788962372,80.2930769332636,80.6218346065223,78.793919706491,80.2560297660554,-1.68557281243842,-0.185222765486325,-2.1424221708325,0.271626592907758,broad,model,broad_main,29576508
30,1891101,0.0801518852861456,0.0817181506859189,0.00156626539977335,1.01954121720508,7.70752846592963e-05,0.000356862697650005,0.000365502860139954,0.00447674672203751,0.0800009503989229,0.0803030800808687,0.0810214340090045,0.0824203212140791,0.000849892957652661,0.00228263784189404,1.01063462661832,1.02852630040806,80.1518852861456,81.7181506859189,1.56626539977335,80.0009503989229,80.3030800808687,81.0214340090045,82.4203212140791,0.849892957652661,2.28263784189404,0.413629045482451,2.71890175406425,broad,model,broad_main,29576508
31,1886171,0.07969871495027,0.0838441672800052,0.00414545232973523,1.05201404228816,7.23614548867673e-05,0.000352094518854844,0.00035982868937499,0.00430112099621935,0.0795570043183986,0.0798406561082634,0.0831566497528859,0.0845368449142069,0.003440201057956,0.00485070360151446,1.04318279565941,1.06092005138169,79.69871495027,83.8441672800052,4.14545232973523,79.5570043183986,79.8406561082634,83.1566497528859,84.5368449142069,3.440201057956,4.85070360151446,3.01070983132729,5.28019482814318,broad,model,broad_main,29576508
32,1798093,0.0794705241824549,0.0861981896199456,0.0067276654374907,1.08465611000683,7.37031979405904e-05,0.00037600961579382,0.000383538821413246,0.00446434062791445,0.0793261884721501,0.0796150998045125,0.0854640718727164,0.0869380138232889,0.0059759431608478,0.00747938771413361,1.07520682734679,1.09418843617118,79.4705241824549,86.1981896199456,6.7276654374907,79.3261884721501,79.6150998045125,85.4640718727164,86.9380138232889,5.9759431608478,7.47938771413361,5.51815154018901,7.9371793347924,broad,model,broad_main,29576508
33,1665495,0.0796329133154901,0.0888852754408768,0.00925236212538669,1.11618766336892,8.09384407373946e-05,0.000426199897432662,0.000434207132091112,0.00490635903535971,0.0794744211553532,0.0797916941517648,0.0880534736586464,0.0897241617868447,0.00840133178465768,0.0101033924661157,1.10550552601366,1.12697301871432,79.6329133154901,88.8852754408768,9.25236212538669,79.4744211553532,79.7916941517648,88.0534736586464,89.7241617868447,8.40133178465768,10.1033924661157,7.88306251019635,10.621661740577,broad,model,broad_main,29576508
34,1508275,0.0802593790476681,0.0919127633164956,0.0116533842688276,1.14519654160178,9.04187262423565e-05,0.000484610246293189,0.000493358014593897,0.00539628658478901,0.0800823400858666,0.0804367751694647,0.0909673453914775,0.0928670031179834,0.0106864203287393,0.0126203482089158,1.13314816634992,1.15737302308945,80.2593790476681,91.9127633164957,11.6533842688276,80.0823400858666,80.4367751694647,90.9673453914775,92.8670031179834,10.6864203287393,12.6203482089158,10.0975486097469,13.2092199279082,broad,model,broad_main,29576508
35,1321363,0.0818580494581832,0.0957794753043291,0.0139214258461459,1.17006789116393,9.8669407173456e-05,0.000533942662681737,0.000543382756034271,0.00570838887611182,0.081664868928635,0.0820516461318459,0.0947380662810669,0.096831107525378,0.0128564152144986,0.0149864364777932,1.15704985498178,1.1832323940392,81.8580494581832,95.7794753043291,13.9214258461459,81.664868928635,82.0516461318459,94.7380662810669,96.831107525378,12.8564152144986,14.9864364777932,12.2078340054143,15.6350176868775,broad,model,broad_main,29576508
36,1103345,0.0840701924448141,0.100012737952497,0.015942545507683,1.18963374585051,0.000103442705887239,0.000563406135905006,0.000573291983340444,0.00577168723565541,0.0838676703708374,0.0842731585788909,0.098913888155806,0.101122425105885,0.0148189138677101,0.0170661771476558,1.17625208446378,1.20316764404414,84.0701924448141,100.012737952497,15.942545507683,83.8676703708373,84.2731585788909,98.913888155806,101.122425105885,14.8189138677101,17.0661771476558,14.1346330296008,17.7504579857651,broad,model,broad_main,29576508
37,882785,0.0868803060611916,0.10459760531535,0.0177172992541581,1.20392768001622,0.000107591009735845,0.000592358348141625,0.000602592612810242,0.00580322999774579,0.0866696629930385,0.0870914122615731,0.103442281937102,0.105764310044601,0.0165362394357001,0.0188983590726161,1.19031164198793,1.21769947262596,86.8803060611916,104.59760531535,17.7172992541581,86.6696629930385,87.0914122615731,103.442281937102,105.764310044601,16.5362394357001,18.8983590726161,15.8169853904409,19.6176131178752,broad,model,broad_main,29576508
38,688250,0.0902846738931343,0.10955426842587,0.019269594532736,1.21343151281185,0.000117473823248415,0.000661699212927978,0.000672579757154081,0.00618435062935081,0.0900546937259581,0.090515182957249,0.108264077897915,0.110857922834135,0.0179513624319833,0.0205878266334887,1.19881216296408,1.2282291436252,90.2846738931343,109.55426842587,19.269594532736,90.0546937259581,90.515182957249,108.264077897915,110.857922834135,17.9513624319833,20.5878266334887,17.148571789004,21.390617276468,broad,model,broad_main,29576508
39,526483,0.093877633333542,0.1144294003686,0.0205517670350578,1.218920804725,0.000139904215490093,0.000811065229534872,0.000823458602616983,0.00724728108992586,0.0936037848536242,0.0941521997659336,0.112849331165069,0.116028699555986,0.0189378178311688,0.0221657162389468,1.20172914172212,1.23635840773762,93.877633333542,114.4294003686,20.5517670350578,93.6037848536242,94.1521997659336,112.849331165069,116.028699555986,18.9378178311688,22.1657162389468,17.9549383227832,23.1485957473324,broad,model,broad_main,29576508
40,375841,0.0984282819743623,0.120133410083018,0.0217051281086557,1.22051718950362,0.000179934453393107,0.00106319233123043,0.0010786137731187,0.00903998526235452,0.0980761793097791,0.0987815102743196,0.118065147132553,0.122232883232551,0.0195910839601142,0.0238191722571973,1.19908246184992,1.24233508308977,98.4282819743623,120.133410083018,21.7051281086557,98.0761793097791,98.7815102743197,118.065147132553,122.232883232551,19.5910839601142,23.8191722571973,18.3036514508276,25.1066047664839,broad,model,broad_main,29576508
41,255445,0.102964726343417,0.125549233121356,0.0225845067779384,1.21934217260591,0.000236433017681972,0.00140681733786652,0.00142676091707652,0.0114402312162537,0.102502248365981,0.103429050498259,0.122817753312477,0.128332573782732,0.019788106765919,0.0253809067899577,1.19230578809689,1.24699162642536,102.964726343417,125.549233121356,22.5845067779384,102.502248365981,103.429050498259,122.817753312477,128.332573782732,19.788106765919,25.3809067899577,18.0851261129714,27.0838874429053,broad,model,broad_main,29576508
42,163280,0.108148937104357,0.131479523152695,0.0233305860483378,1.21572644792454,0.000309007080979571,0.00183660619338597,0.00186255126482226,0.0142591915705076,0.107544782859837,0.10875607171251,0.127921469092997,0.135121208424184,0.0196800526499267,0.026981119446749,1.18222031783405,1.25018219860327,108.148937104357,131.479523152695,23.3305860483378,107.544782859837,108.75607171251,127.921469092997,135.121208424184,19.6800526499267,26.981119446749,17.4569129976192,29.2042590990565,broad,model,broad_main,29576508
43,96885,0.112811043668682,0.136598258682377,0.0237872150136947,1.21085892161016,0.000393295565218381,0.00232706746405072,0.00236011726496947,0.0173893500719997,0.112042494216885,0.113584190592154,0.132101052433041,0.141223653874698,0.0191614701750633,0.028412959852326,1.17028517742352,1.2528393560199,112.811043668682,136.598258682377,23.7872150136947,112.042494216885,113.584190592154,132.101052433041,141.223653874698,19.1614701750633,28.412959852326,16.3444361556803,31.229993871709,broad,model,broad_main,29576508
44,53779,0.118293818979257,0.142501283780672,0.0242074648014147,1.20463845879944,0.000490937689153309,0.00288494332577966,0.00292634146344042,0.0206654029597497,0.117334982057033,0.119259432650559,0.136939891784183,0.148249738320851,0.0184719409266052,0.0299429886762241,1.15682136604175,1.25443206619189,118.293818979257,142.501283780672,24.2074648014147,117.334982057033,119.259432650559,136.939891784183,148.249738320851,18.4719409266052,29.9429886762241,14.9790621712992,33.4358674315301,broad,model,broad_main,29576508
45,28641,0.123701663566803,0.148228098599984,0.0245264350331812,1.1982708584993,0.000598473988444259,0.0034919593448994,0.00354266280209944,0.0240479782400677,0.122533444386003,0.124879435317688,0.141513664721415,0.15520351837849,0.0175829435316966,0.0314699265346659,1.14310288641528,1.25610132507968,123.701663566803,148.228098599984,24.5264350331812,122.533444386003,124.879435317688,141.513664721415,155.20351837849,17.5829435316966,31.4699265346659,13.3544241352902,35.6984459310722,broad,model,broad_main,29576508
15,40557,0.0803059497189621,0.0689544473531173,-0.0113515023658448,0.858646807545762,0.000505918949054538,0.00180110664921957,0.00187033133309696,0.0268631814499971,0.0793199374928924,0.0813031365074249,0.0655069235686712,0.0725693189738496,-0.0150172844178717,-0.007685720313818,0.814607825951938,0.905066605819753,80.3059497189621,68.9544473531173,-11.3515023658448,79.3199374928924,81.3031365074249,65.5069235686712,72.5693189738497,-15.0172844178717,-7.685720313818,-17.24971035325,-5.45329437843964,prepregnancy,HC0,prepregnancy_main,30097165
16,99756,0.0796683148113168,0.0688053025055627,-0.0108630123057541,0.863647017870509,0.000394490374710918,0.00140793963509777,0.00146146142864857,0.0210443816632347,0.0788985469970693,0.0804449369018711,0.0660965160267236,0.0716165882534214,-0.0137274240706998,-0.00799860054080847,0.828749477522089,0.900014047317144,79.6683148113168,68.8053025055627,-10.8630123057541,78.8985469970693,80.4449369018711,66.0965160267236,71.6165882534214,-13.7274240706998,-7.99860054080847,-15.4718232256174,-6.25420138589089,prepregnancy,HC0,prepregnancy_main,30097165
17,199402,0.08104331022766,0.0704407037040953,-0.0106026065235647,0.869173575292264,0.000298461295543883,0.00106600431660637,0.00110658289068126,0.0155698469641396,0.0804602585044309,0.0816302119388279,0.0683797965010287,0.0725588871253982,-0.0127714691352082,-0.00843374391192118,0.843050201673815,0.89610642697958,81.04331022766,70.4407037040953,-10.6026065235647,80.4602585044309,81.6302119388279,68.3797965010287,72.5588871253982,-12.7714691352082,-8.43374391192118,-14.0922855601313,-7.11292748699807,prepregnancy,HC0,prepregnancy_main,30097165
18,378795,0.0833673370403195,0.0729531370398863,-0.0104142000004332,0.875080572678044,0.000216367619873057,0.000768673356799002,0.000798560530030438,0.0108516632957276,0.0829442436086224,0.0837923914506524,0.0714608231133714,0.0744741153820875,-0.0119793498787681,-0.00884905012209833,0.856665130429739,0.89389188549602,83.3673370403195,72.9531370398863,-10.4142000004332,82.9442436086224,83.7923914506524,71.4608231133714,74.4741153820875,-11.9793498787681,-8.84905012209833,-12.9325110682657,-7.89588893260067,prepregnancy,HC0,prepregnancy_main,30097165
19,653855,0.0859267660813483,0.0757298868988595,-0.0101968791824888,0.881330583617738,0.000160533640067061,0.00054097720924433,0.000563673044013937,0.00737648623982473,0.0856126473940413,0.0862419285896239,0.0746763819954361,0.0767970207293259,-0.0113016580478122,-0.0090921003171654,0.868680283965824,0.894165105341036,85.9267660813483,75.7298868988595,-10.1968791824888,85.6126473940413,86.2419285896239,74.6763819954361,76.7970207293259,-11.3016580478122,-9.0921003171654,-11.974457727881,-8.41930063709655,prepregnancy,HC0,prepregnancy_main,30097165
20,858662,0.0856283280183659,0.0760034462855403,-0.00962488173282559,0.887596990907481,0.000132198698909769,0.000413743582070592,0.000434154377499096,0.00565612552848364,0.0853695783831899,0.0858877882620358,0.0751964835911446,0.0768183494857267,-0.0104758086764542,-0.00877395478919696,0.877811605756596,0.897491458419459,85.6283280183659,76.0034462855403,-9.62488173282559,85.3695783831899,85.8877882620358,75.1964835911446,76.8183494857266,-10.4758086764542,-8.77395478919696,-10.9940149830781,-8.25574848257311,prepregnancy,HC0,prepregnancy_main,30097165
21,1000721,0.0843658139544737,0.075447657752547,-0.00891815620192674,0.894291825279618,0.000126279359742613,0.000387803881442921,0.000408248683735017,0.0053583639072378,0.0841186403275477,0.0846136467761023,0.0746910835789609,0.0762112643519097,-0.00971830891878325,-0.00811800348507022,0.884948939728093,0.903733348737253,84.3658139544737,75.447657752547,-8.91815620192674,84.1186403275477,84.6136467761023,74.6910835789609,76.2112643519097,-9.71830891878325,-8.11800348507022,-10.2055942107133,-7.63071819314014,prepregnancy,HC0,prepregnancy_main,30097165
22,1152710,0.0833316004555613,0.075141081205735,-0.00819051924982632,0.901711725143283,0.00012159727926409,0.000379979201245115,0.000399599061248842,0.00527092040673717,0.0830935837803277,0.0835702367751589,0.0743997181934621,0.0758892259141892,-0.00897371901813007,-0.00740731948152258,0.892444261527707,0.911075425449002,83.3316004555613,75.1410812057349,-8.19051924982632,83.0935837803277,83.5702367751589,74.3997181934621,75.8892259141892,-8.97371901813007,-7.40731948152258,-9.45068012780021,-6.93035837185243,prepregnancy,HC0,prepregnancy_main,30097165
23,1275619,0.0825806282049,0.0751722065712264,-0.00740842163367353,0.910288625859183,0.000109997739616735,0.000350645295501585,0.000368167004481853,0.00485923331239493,0.0823652925267618,0.0827964760602333,0.0744878341039274,0.0758623514535334,-0.00813001570275396,-0.0066868275645931,0.901660260888127,0.918999559271261,82.5806282049,75.1722065712264,-7.40842163367353,82.3652925267618,82.7964760602333,74.4878341039274,75.8623514535334,-8.13001570275396,-6.6868275645931,-8.56945953541162,-6.24738373193543,prepregnancy,HC0,prepregnancy_main,30097165
24,1394616,0.0821137269910469,0.0755800244616597,-0.00653370252938716,0.920431056185045,9.51743857257782e-05,0.000310107689147208,0.000325109794801219,0.0042725040816796,0.0819273814440478,0.0823004583892234,0.0749744642017566,0.0761900729107607,-0.00717090601821876,-0.00589649904055557,0.912755590596942,0.92817106563637,82.1137269910469,75.5800244616597,-6.53370252938716,81.9273814440478,82.3004583892234,74.9744642017566,76.1900729107607,-7.17090601821876,-5.89649904055557,-7.55895680094184,-5.50844825783248,prepregnancy,HC0,prepregnancy_main,30097165
25,1520035,0.0819193729818652,0.0764023074473113,-0.00551706553455392,0.932652493131567,8.47355857600963e-05,0.000285935671248057,0.00029897742168161,0.00389202434700526,0.0817534475391463,0.0820856050798791,0.0758437658065839,0.0769646198357423,-0.00610305051324052,-0.00493108055586732,0.925565074281416,0.939794183158702,81.9193729818653,76.4023074473113,-5.51706553455392,81.7534475391464,82.0856050798791,75.8437658065839,76.9646198357423,-6.10305051324052,-4.93108055586732,-6.45990971697818,-4.57422135212965,prepregnancy,HC0,prepregnancy_main,30097165
26,1633763,0.0817293533451481,0.0774291693725542,-0.00430018397259394,0.947385072846056,8.37173550330595e-05,0.000295230927545724,0.000307620046179692,0.0039573084962435,0.0815654203224832,0.0818935864676888,0.076852504456654,0.0780097956585095,-0.00490310818402868,-0.00369725976115919,0.940065404709872,0.954761734401374,81.7293533451482,77.4291693725542,-4.30018397259394,81.5654203224832,81.8935864676888,76.852504456654,78.0097956585095,-4.90310818402868,-3.69725976115919,-5.27028321723347,-3.3300847279544,prepregnancy,HC0,prepregnancy_main,30097165
27,1738576,0.0814591400434493,0.0786232308155191,-0.0028359092279302,0.965186113842872,8.78778528582452e-05,0.00032097565252485,0.000333456955941862,0.00423081664275202,0.0812870684743445,0.0816315434952681,0.0779964277208196,0.0792546380994003,-0.00348947285197061,-0.00218234560388979,0.957215643216466,0.97322295237964,81.4591400434493,78.6232308155191,-2.8359092279302,81.2870684743445,81.6315434952681,77.9964277208196,79.2546380994003,-3.48947285197061,-2.18234560388979,-3.88748679934126,-1.78433165651914,prepregnancy,HC0,prepregnancy_main,30097165
28,1833198,0.0809852833430123,0.0798857394577792,-0.00109954388523309,0.986422917351835,8.84669810338951e-05,0.000331903238582404,0.000344096305466796,0.00430341188043896,0.0808120604215017,0.0811588447884086,0.0792376349830461,0.0805386812645049,-0.0017739602511613,-0.000425127519304877,0.978137890677413,0.994778119885562,80.9852833430123,79.8857394577792,-1.09954388523309,80.8120604215017,81.1588447884087,79.2376349830461,80.5386812645049,-1.7739602511613,-0.425127519304877,-2.184673317343,-0.0144144531231817,prepregnancy,HC0,prepregnancy_main,30097165
29,1898168,0.080627056715401,0.0814802852922328,0.00085322857683183,1.01058241006916,8.39293763088825e-05,0.000324038060699986,0.000335331046686108,0.00411830650238209,0.080462711177475,0.0807917084370304,0.0808474337707975,0.0821176480272526,0.000195991802428939,0.00151046535123472,1.00245809203554,1.01877257079888,80.627056715401,81.4802852922328,0.85322857683183,80.4627111774751,80.7917084370304,80.8474337707975,82.1176480272526,0.195991802428939,1.51046535123472,-0.204259058107134,1.91071621177079,prepregnancy,HC0,prepregnancy_main,30097165
30,1919128,0.0803256266277392,0.083285283999988,0.00295965737224878,1.03684574271627,7.71140463020074e-05,0.000309814734668538,0.000319880314545717,0.00384941527779818,0.0801746155894998,0.0804768972138205,0.082680067313621,0.083894525695492,0.00233270347637583,0.00358661126812173,1.02905247274066,1.04469803306112,80.3256266277392,83.285283999988,2.95965737224878,80.1746155894998,80.4768972138205,82.680067313621,83.894525695492,2.33270347637583,3.58661126812173,1.9508945969692,3.96842014752835,prepregnancy,HC0,prepregnancy_main,30097165
31,1911762,0.0798877101803412,0.0850265029513652,0.00513879277102401,1.06432519794877,7.24375272783651e-05,0.000307054690176772,0.000316105174970432,0.00373113293295278,0.0797458503905239,0.0800298003783999,0.0844266155198731,0.0856302541889353,0.00451923801275523,0.00575834752929279,1.05657029883529,1.07213701562254,79.8877101803412,85.0265029513652,5.13879277102401,79.7458503905239,80.0298003783999,84.4266155198731,85.6302541889353,4.51923801275523,5.75834752929279,4.1419351368296,6.13565040521842,prepregnancy,HC0,prepregnancy_main,30097165
32,1821134,0.0796729899540831,0.0870029978524734,0.00733000789839028,1.09200116504495,7.38690475966136e-05,0.000329560787742435,0.000338375469217992,0.00390770563036459,0.0795283293872327,0.0798178908383291,0.0863592361073539,0.0876510981084102,0.00666680416547117,0.00799321163130938,1.08366951591375,1.10039687095382,79.6729899540831,87.0029978524734,7.33000789839028,79.5283293872328,79.8178908383291,86.3592361073539,87.6510981084102,6.66680416547117,7.99321163130938,6.26291948471397,8.39709631206659,prepregnancy,HC0,prepregnancy_main,30097165
33,1685860,0.079837527576074,0.0893189036227491,0.00948137604667512,1.11875838762217,8.12215128241549e-05,0.000373664040925694,0.000383040874732905,0.00431351461986217,0.0796784812050831,0.0799968638242332,0.0885892385269384,0.0900539847835563,0.00873062972759191,0.0102321223657583,1.1093399009413,1.12825683887592,79.837527576074,89.3189036227491,9.48137604667512,79.6784812050831,79.9968638242332,88.5892385269384,90.0539847835563,8.73062972759191,10.2321223657583,8.27343245567976,10.6893196376705,prepregnancy,HC0,prepregnancy_main,30097165
34,1526013,0.0804753794328758,0.0920129415721773,0.0115375621393014,1.14336760162684,9.07934223383434e-05,0.000423520424771647,0.000433780218599106,0.00474695106242181,0.0802976070292851,0.0806535108956447,0.0911862148086006,0.0928463979892194,0.0106873685336413,0.0123877557449616,1.13277921019888,1.15405496559246,80.4753794328758,92.0129415721773,11.5375621393014,80.2976070292851,80.6535108956447,91.1862148086006,92.8463979892194,10.6873685336413,12.3877557449616,10.1696088227716,12.9055154558313,prepregnancy,HC0,prepregnancy_main,30097165
35,1336272,0.0820697311047011,0.095565613497788,0.0134958823930869,1.16444409176715,9.90983466569413e-05,0.000464895380900452,0.000475983107515868,0.00502006592341535,0.081875711082393,0.0822641696989805,0.0946583120342328,0.0964806846898938,0.0125629726451063,0.0144287921410675,1.15304313337004,1.17595777955713,82.0697311047011,95.565613497788,13.4958823930869,81.875711082393,82.2641696989805,94.6583120342328,96.4806846898938,12.5629726451063,14.4287921410675,11.9948396008607,14.9969251853131,prepregnancy,HC0,prepregnancy_main,30097165
36,1115942,0.0842917199252217,0.0995477261676856,0.0152560062424639,1.18099056770936,0.000103942578111763,0.00049002751463072,0.000501622775984566,0.0050827891800237,0.0840882196155696,0.0844956672886664,0.09859140232708,0.100512291873654,0.0142728436677091,0.0162391688172186,1.16928384925711,1.19281449231048,84.2917199252217,99.5477261676856,15.2560062424639,84.0882196155696,84.4956672886664,98.59140232708,100.512291873654,14.2728436677091,16.2391688172186,13.6741071363427,16.8379053485851,prepregnancy,HC0,prepregnancy_main,30097165
37,892411,0.0871109154462418,0.103928578773812,0.01681766332757,1.19306034429116,0.000108201256725913,0.000517358002118605,0.000529269841316321,0.00513881170655991,0.0868990782575405,0.0873232196529319,0.102918939825992,0.104946963609543,0.0157803135004868,0.0178550131546532,1.18110428775925,1.20513742932944,87.1109154462418,103.928578773812,16.81766332757,86.8990782575405,87.3232196529319,102.918939825992,104.946963609543,15.7803135004868,17.8550131546532,15.1485774547607,18.4867492003792,prepregnancy,HC0,prepregnancy_main,30097165
38,695545,0.0905087068851146,0.108708951927371,0.0182002450422568,1.20108833358275,0.000118288489927743,0.00058321576120322,0.000595729507814536,0.00552882018806941,0.0902771329348773,0.0907408156052124,0.107571135718528,0.109857321694704,0.0170326366624126,0.0193678534221011,1.18814325890582,1.21417444761426,90.5087068851146,108.708951927371,18.2002450422568,90.2771329348773,90.7408156052124,107.571135718528,109.857321694704,17.0326366624126,19.3678534221011,16.3215744136113,20.0789156709024,prepregnancy,HC0,prepregnancy_main,30097165
39,531877,0.0941072438965404,0.113470094638247,0.0193628507417067,1.20575303175379,0.000141063446470349,0.000720898425430952,0.000735023710436773,0.00653241752928704,0.0938311283308878,0.0943840873536277,0.112064812255885,0.114890718991191,0.0179222307414676,0.0208034707419458,1.19041381608991,1.22128990266495,94.1072438965405,113.470094638247,19.3628507417067,93.8311283308878,94.3840873536277,112.064812255885,114.890718991191,17.9222307414676,20.8034707419458,17.0449070473925,21.6807944360209,prepregnancy,HC0,prepregnancy_main,30097165
40,379580,0.0986665622094465,0.119101679577377,0.0204351173679308,1.20711289529427,0.000181562142536566,0.000948233717530373,0.000965747222930294,0.00817433279331731,0.0983112779803697,0.0990229893868671,0.117255679397426,0.120972759288519,0.0185422875928178,0.0223279471430437,1.18792735925994,1.22660828595907,98.6665622094465,119.101679577377,20.4351173679308,98.3112779803697,99.0229893868671,117.255679397426,120.972759288519,18.5422875928178,22.3279471430437,17.3895725046739,23.4806622311877,prepregnancy,HC0,prepregnancy_main,30097165
41,257793,0.103203852764747,0.12448039237342,0.0212765396086734,1.20616032288226,0.000238613143145077,0.00125464163599559,0.00127727887375497,0.0103422430985812,0.102737116410108,0.103672464513725,0.122042102851248,0.126960352105712,0.0187731190178998,0.0237799601994471,1.18195707551138,1.23085918654533,103.203852764747,124.48039237342,21.2765396086734,102.737116410108,103.672464513725,122.042102851248,126.960352105712,18.7731190178998,23.7799601994471,17.2485600084755,25.3045192088713,prepregnancy,HC0,prepregnancy_main,30097165
42,164709,0.108339419388764,0.130349942915955,0.0220105235271904,1.20316264985885,0.000311673965588574,0.00163549578331204,0.00166497100548331,0.0128729331527618,0.107730060866652,0.108951803784552,0.127177799261757,0.133589098173577,0.0187472403211397,0.0252738067332412,1.17318602482816,1.23390522166116,108.339419388764,130.349942915955,22.0105235271904,107.730060866652,108.951803784552,127.177799261757,133.589098173577,18.7472403211397,25.2738067332412,16.7599323032928,27.2611147510881,prepregnancy,HC0,prepregnancy_main,30097165
43,97685,0.113034261201232,0.135539448238229,0.0225051870369971,1.19910058063662,0.000396690756189707,0.00207008535913567,0.00210768560497611,0.0156703803553567,0.112259091719707,0.113814097120404,0.131533117637524,0.139648184672814,0.0183741991605104,0.0266361749134838,1.16283196442414,1.23650041147186,113.034261201232,135.539448238229,22.5051870369971,112.259091719707,113.814097120404,131.533117637524,139.648184672814,18.3741991605104,26.6361749134838,15.8584673621337,29.1519067118605,prepregnancy,HC0,prepregnancy_main,30097165
44,54186,0.118538959885546,0.141520976062542,0.0229820161769956,1.1938773226894,0.000495070147378958,0.00256428342531577,0.00261144883269186,0.0185929829974221,0.117572072303128,0.119512722026571,0.136569211385792,0.146621794558493,0.0178636705174504,0.0281003618365408,1.15115373563423,1.2381865406072,118.538959885546,141.520976062542,22.9820161769956,117.572072303128,119.512722026571,136.569211385792,146.621794558493,17.8636705174504,28.1003618365408,14.7466473462877,31.2173850077035,prepregnancy,HC0,prepregnancy_main,30097165
45,28835,0.123817796645238,0.147174674350611,0.0233568777053731,1.1886390998565,0.00060289906181817,0.00309990968302857,0.00315768723086796,0.0216158366461399,0.122640969819282,0.125004307026659,0.14120213451174,0.153354728429989,0.0171679244584298,0.0295458309523163,1.13933274291394,1.24007926437202,123.817796645238,147.174674350611,23.3568777053731,122.640969819282,125.004307026659,141.20213451174,153.354728429989,17.1679244584298,29.5458309523163,13.3989115860794,33.3148438246667,prepregnancy,HC0,prepregnancy_main,30097165
15,40557,0.0803059497189621,0.0689544473531173,-0.0113515023658448,0.858646807545762,0.000503336870133076,0.00180666841549046,0.00187498429907288,0.0269340055470249,0.079324941640649,0.0812980185864243,0.0654965301393994,0.0725807475898032,-0.0150264040636058,-0.0076766006680839,0.814494755904907,0.905192249260603,80.3059497189621,68.9544473531173,-11.3515023658448,79.324941640649,81.2980185864243,65.4965301393994,72.5807475898032,-15.0264040636058,-7.6766006680839,-17.2643837753323,-5.43862095635732,prepregnancy,model,prepregnancy_main,30097165
16,99756,0.0796683148113168,0.0688053025055627,-0.0108630123057541,0.863647017870509,0.000392311931258545,0.00141209787570575,0.00146490294388167,0.0210970053986591,0.0789027790539817,0.0804406293529157,0.0660886645400655,0.0716250461032232,-0.0137341693166089,-0.00799185529489935,0.828664004190006,0.900106880116875,79.6683148113168,68.8053025055627,-10.8630123057541,78.9027790539817,80.4406293529157,66.0886645400655,71.6250461032232,-13.7341693166089,-7.99185529489935,-15.482676261268,-6.24334835024024,prepregnancy,model,prepregnancy_main,30097165
17,199402,0.08104331022766,0.0704407037040953,-0.0106026065235647,0.869173575292264,0.000296746052083663,0.0010687801702887,0.0011088045721401,0.0156032669230223,0.0804635983147321,0.0816268280042479,0.0683745035849985,0.0725644787274851,-0.0127758235508526,-0.00842938949627673,0.842994982079025,0.8961651255897,81.04331022766,70.4407037040953,-10.6026065235647,80.4635983147321,81.6268280042479,68.3745035849985,72.5644787274851,-12.7758235508526,-8.42938949627673,-14.0992917729312,-7.10592127419817,prepregnancy,model,prepregnancy_main,30097165
18,378795,0.0833673370403195,0.0729531370398863,-0.0104142000004332,0.875080572678044,0.000215092783809385,0.000769922386241089,0.00079943571228444,0.0108648493258266,0.0829467307420718,0.0837898812771377,0.071458421314612,0.0744766104117805,-0.0119810652044658,-0.00884733479640058,0.856642990938758,0.893914987665239,83.3673370403195,72.9531370398863,-10.4142000004332,82.9467307420718,83.7898812771377,71.458421314612,74.4766104117805,-11.9810652044658,-8.84733479640058,-12.9352710107795,-7.89312899008694,prepregnancy,model,prepregnancy_main,30097165
19,653855,0.0859267660813483,0.0757298868988595,-0.0101968791824888,0.881330583617738,0.000159648258108563,0.000540553251706549,0.000563092049642576,0.00736937097287467,0.0856143769770632,0.0862401875245003,0.0746772023155166,0.0767961790558879,-0.0113005193197691,-0.00909323904520849,0.868692398376232,0.894152635699217,85.9267660813483,75.7298868988595,-10.1968791824888,85.6143769770632,86.2401875245003,74.6772023155166,76.7961790558879,-11.3005193197691,-9.09323904520849,-11.9726255254358,-8.42113283954173,prepregnancy,model,prepregnancy_main,30097165
20,858662,0.0856283280183659,0.0760034462855403,-0.00962488173282559,0.887596990907481,0.000131731393594794,0.000412165831485654,0.00043263200837867,0.00563611307151029,0.0853704917799571,0.0858868698503292,0.0751995458220305,0.0768152268102912,-0.010472824887807,-0.00877693857784417,0.877846037446473,0.897456256178695,85.6283280183659,76.0034462855403,-9.62488173282559,85.3704917799571,85.8868698503292,75.1995458220305,76.8152268102912,-10.472824887807,-8.77693857784417,-10.9892140959053,-8.26054936974587,prepregnancy,model,prepregnancy_main,30097165
21,1000721,0.0843658139544737,0.075447657752547,-0.00891815620192674,0.894291825279618,0.000126131553789538,0.000386399890004485,0.000406956808799909,0.00534107149509647,0.0841189292515744,0.084613356309846,0.074693810032361,0.076208487070712,-0.00971577689043791,-0.00812053551341556,0.884978933372737,0.903702719469264,84.3658139544737,75.447657752547,-8.91815620192674,84.1189292515744,84.613356309846,74.693810032361,76.208487070712,-9.71577689043791,-8.12053551341556,-10.2015202015118,-7.63479220234169,prepregnancy,model,prepregnancy_main,30097165
22,1152710,0.0833316004555613,0.075141081205735,-0.00819051924982632,0.901711725143283,0.000121601007074765,0.000379277736409945,0.000398957301482394,0.00526226867626776,0.0830935764929305,0.0835702441005496,0.0744010805773288,0.075887838514543,-0.0089724611921011,-0.00740857730755154,0.892459394904865,0.911059976400999,83.3316004555613,75.1410812057349,-8.19051924982632,83.0935764929305,83.5702441005496,74.4010805773288,75.887838514543,-8.9724611921011,-7.40857730755154,-9.44865629784373,-6.93238220180891,prepregnancy,model,prepregnancy_main,30097165
23,1275619,0.0825806282049,0.0751722065712264,-0.00740842163367353,0.910288625859183,0.000110044573896766,0.000350429276757358,0.000367965512564658,0.00485651127292058,0.0823652009511755,0.0827965680720569,0.0744882539498699,0.0758619244974574,-0.00812962078585308,-0.00668722248149398,0.901665071348017,0.918994656330403,82.5806282049,75.1722065712264,-7.40842163367353,82.3652009511755,82.7965680720569,74.4882539498699,75.8619244974574,-8.12962078585308,-6.68722248149398,-8.5688241179247,-6.24801914942236,prepregnancy,model,prepregnancy_main,30097165
24,1394616,0.0821137269910469,0.0755800244616597,-0.00653370252938716,0.920431056185045,9.5225111512261e-05,0.000309920126410841,0.000324923403555332,0.0042700146109203,0.081927282228871,0.0823005580158096,0.074974829112261,0.0761897025727009,-0.00717054069808979,-0.00589686436068454,0.912760044191542,0.928166536847372,82.1137269910469,75.5800244616597,-6.53370252938716,81.927282228871,82.3005580158097,74.974829112261,76.1897025727009,-7.17054069808979,-5.89686436068454,-7.55836900437563,-5.5090360543987,prepregnancy,model,prepregnancy_main,30097165
25,1520035,0.0819193729818652,0.0764023074473113,-0.00551706553455392,0.932652493131567,8.47641787406298e-05,0.000285275054519159,0.000298343134784198,0.00388367269542344,0.0817533916013538,0.0820856612246607,0.0758450519133116,0.0769633163254958,-0.00610180733376572,-0.00493232373534211,0.925580224921169,0.939778799853476,81.9193729818653,76.4023074473113,-5.51706553455392,81.7533916013538,82.0856612246607,75.8450519133116,76.9633163254958,-6.10180733376572,-4.93232373534211,-6.45790945318619,-4.57622161592165,prepregnancy,model,prepregnancy_main,30097165
26,1633763,0.0817293533451481,0.0774291693725542,-0.00430018397259394,0.947385072846056,8.37504806613049e-05,0.000293966693137571,0.000306410986525122,0.00394162298612358,0.0815653555161278,0.0818936515115807,0.0768549654297887,0.0780073008313241,-0.00490073847065056,-0.00369962947453731,0.940094305617679,0.954732382579223,81.7293533451482,77.4291693725542,-4.30018397259394,81.5653555161278,81.8936515115807,76.8549654297888,78.0073008313241,-4.90073847065056,-3.69962947453731,-5.26647037124964,-3.33389757393823,prepregnancy,model,prepregnancy_main,30097165
27,1738576,0.0814591400434493,0.0786232308155191,-0.0028359092279302,0.965186113842872,8.79205167685995e-05,0.000319406016913048,0.000331955376284318,0.00421166228049917,0.0812869850156598,0.0816316272762832,0.0779994817549725,0.0792515391444903,-0.0034865298099219,-0.0021852886459385,0.957251579546843,0.973186416465472,81.4591400434493,78.6232308155191,-2.8359092279302,81.2869850156598,81.6316272762832,77.9994817549725,79.2515391444903,-3.4865298099219,-2.1852886459385,-3.88275147305274,-1.78906698280766,prepregnancy,model,prepregnancy_main,30097165
28,1833198,0.0809852833430123,0.0798857394577792,-0.00109954388523309,0.986422917351835,8.85403834430112e-05,0.000330309948774971,0.00034256624154073,0.00428423680435766,0.0808119168362022,0.0811589889356981,0.079240734675995,0.0805355352401106,-0.00177096138097217,-0.000428126389494011,0.978174652194906,0.994740734380659,80.9852833430123,79.8857394577792,-1.09954388523309,80.8119168362022,81.1589889356981,79.240734675995,80.5355352401106,-1.77096138097217,-0.428126389494011,-2.17984816411466,-0.019239606351524,prepregnancy,model,prepregnancy_main,30097165
29,1898168,0.080627056715401,0.0814802852922328,0.00085322857683183,1.01058241006916,8.40276997808096e-05,0.000322416177955908,0.000333753888716495,0.0040989654301775,0.0804625188256526,0.0807919015066631,0.0808505901421726,0.0821144466096066,0.000199082975247311,0.00150737417841635,1.00249609374164,1.01873395209897,80.627056715401,81.4802852922328,0.85322857683183,80.4625188256526,80.7919015066631,80.8505901421726,82.1144466096066,0.199082975247311,1.50737417841635,-0.199285390838048,1.90574254450171,prepregnancy,model,prepregnancy_main,30097165
30,1919128,0.0803256266277392,0.083285283999988,0.00295965737224878,1.03684574271627,7.72259524249967e-05,0.000307882013917282,0.000317960676130973,0.00382640955126385,0.0801743966341962,0.0804771169229703,0.0826838304102543,0.0838907125369565,0.00233646589853207,0.00358284884596549,1.02909887416971,1.04465092827568,80.3256266277392,83.285283999988,2.95965737224878,80.1743966341962,80.4771169229703,82.6838304102543,83.8907125369565,2.33646589853207,3.58284884596549,1.95694829795277,3.96236644654478,prepregnancy,model,prepregnancy_main,30097165
31,1911762,0.0798877101803412,0.0850265029513652,0.00513879277102401,1.06432519794877,7.25149515478404e-05,0.00030440358458087,0.000313424984153313,0.00369966007545136,0.0797456988879875,0.0800299523737396,0.0844317784575061,0.0856250248192232,0.00452449109022848,0.00575309445181954,1.05663547608934,1.07207088217517,79.8877101803412,85.0265029513652,5.13879277102401,79.7456988879875,80.0299523737396,84.4317784575061,85.6250248192232,4.52449109022848,5.75309445181954,4.15038728784988,6.12719825419814,prepregnancy,model,prepregnancy_main,30097165
32,1821134,0.0796729899540831,0.0870029978524734,0.00733000789839028,1.09200116504495,7.38672178182917e-05,0.000325998967373868,0.000334744464761315,0.00386599874830763,0.0795283329675835,0.0798178872460728,0.0863661706302045,0.0876440703129716,0.00667392080343397,0.00798609499334659,1.08375810300097,1.10030692380296,79.6729899540831,87.0029978524734,7.33000789839028,79.5283329675835,79.8178872460728,86.3661706302045,87.6440703129716,6.67392080343397,7.98609499334659,6.27437008659915,8.38564571018141,prepregnancy,model,prepregnancy_main,30097165
33,1685860,0.079837527576074,0.0893189036227491,0.00948137604667512,1.11875838762217,8.11180866865476e-05,0.000369365640301557,0.000378648103781717,0.00426432454261666,0.0796786835479639,0.0799966607435728,0.0885976014654372,0.0900454979555926,0.00873923940044857,0.0102235126929017,1.10944685842206,1.1281480679977,79.837527576074,89.3189036227491,9.48137604667512,79.6786835479639,79.9966607435728,88.5976014654372,90.0454979555926,8.73923940044857,10.2235126929017,8.28728533631788,10.6754667570324,prepregnancy,model,prepregnancy_main,30097165
34,1526013,0.0804753794328758,0.0920129415721773,0.0115375621393014,1.14336760162684,9.0624916470632e-05,0.000418804618049711,0.000428960257251948,0.00469453270053598,0.0802979366294781,0.0806531799639139,0.0911953833289007,0.0928370804368666,0.0106968154842886,0.0123783087943143,1.13289559576278,1.15393640626674,80.4753794328758,92.0129415721773,11.5375621393014,80.2979366294781,80.6531799639139,91.1953833289007,92.8370804368666,10.6968154842886,12.3783087943143,10.1848088753044,12.8903154032985,prepregnancy,model,prepregnancy_main,30097165
35,1336272,0.0820697311047011,0.095565613497788,0.0134958823930869,1.16444409176715,9.88853256884531e-05,0.000459972221746864,0.000470953787602728,0.00496738804235426,0.0818761276977862,0.0822637512860038,0.0946678796599096,0.0964709533755244,0.0125728299310028,0.014418934855171,1.15316218747164,1.17583637200623,82.0697311047011,95.565613497788,13.4958823930869,81.8761276977862,82.2637512860038,94.6678796599096,96.4709533755245,12.5728299310028,14.418934855171,12.0106998788542,14.9810649073196,prepregnancy,model,prepregnancy_main,30097165
36,1115942,0.0842917199252217,0.0995477261676856,0.0152560062424639,1.18099056770936,0.000103673869236207,0.000484727719447418,0.000496232094949394,0.005028602153403,0.0840887451220556,0.084495139473751,0.098601701351197,0.100501815537207,0.0142834092083902,0.0162286032765375,1.16940803919936,1.19268781662676,84.2917199252217,99.5477261676856,15.2560062424639,84.0887451220556,84.495139473751,98.601701351197,100.501815537207,14.2834092083902,16.2286032765375,13.6911069894578,16.82090549547,prepregnancy,model,prepregnancy_main,30097165
37,892411,0.0871109154462418,0.103928578773812,0.01681766332757,1.19306034429116,0.000107830107902904,0.000510661547862633,0.000522529701270372,0.00507401850064591,0.0868998040980102,0.0873224906140539,0.102931952503843,0.104933725991348,0.0157935239322276,0.0178418027229124,1.18125428849266,1.20498439581242,87.1109154462418,103.928578773812,16.81766332757,86.8998040980102,87.3224906140539,102.931952503843,104.933725991348,15.7935239322276,17.8418027229124,15.169832912097,18.465493743043,prepregnancy,model,prepregnancy_main,30097165
38,695545,0.0905087068851146,0.108708951927371,0.0182002450422568,1.20108833358275,0.000117711463064543,0.000573219707698911,0.000585770009779149,0.00543744554006853,0.0902782612866912,0.0907396820487681,0.107590548851697,0.109837549896037,0.017052156919866,0.0193483331646476,1.18835606374814,1.21395701934528,90.5087068851146,108.708951927371,18.2002450422568,90.2782612866912,90.7396820487681,107.590548851697,109.837549896037,17.052156919866,19.3483331646476,16.3529823196991,20.0475077648146,prepregnancy,model,prepregnancy_main,30097165
39,531877,0.0941072438965404,0.113470094638247,0.0193628507417067,1.20575303175379,0.000140173366555234,0.00070569348145741,0.000719942918757898,0.00639995875636571,0.0938328682815703,0.0943823382462494,0.112094294365322,0.114860596533611,0.0179517885500166,0.0207739129333968,1.19072290480774,1.22097287934358,94.1072438965405,113.470094638247,19.3628507417067,93.8328682815703,94.3823382462494,112.094294365322,114.860596533611,17.9517885500166,20.7739129333968,17.0924652764414,21.633236206972,prepregnancy,model,prepregnancy_main,30097165
40,379580,0.0986665622094465,0.119101679577377,0.0204351173679308,1.20711289529427,0.000180264807240986,0.000926447194696044,0.000944166024485003,0.00799376282158291,0.0983138125825997,0.099020438509333,0.117297813021518,0.120929486461486,0.0185845859645138,0.0222856487713478,1.18834785379782,1.22617425304294,98.6665622094465,119.101679577377,20.4351173679308,98.3138125825998,99.020438509333,117.297813021518,120.929486461486,18.5845859645138,22.2856487713478,17.4576301770207,23.4126045588409,prepregnancy,model,prepregnancy_main,30097165
41,257793,0.103203852764747,0.12448039237342,0.0212765396086734,1.20616032288226,0.000236835696274858,0.00122541436294282,0.00124833753090419,0.0101105451621827,0.102740586243672,0.103668966844329,0.122098432781106,0.126902103371604,0.0188298430075516,0.0237232362097953,1.18249394729107,1.23030035614832,103.203852764747,124.48039237342,21.2765396086734,102.740586243672,103.668966844329,122.098432781106,126.902103371604,18.8298430075516,23.7232362097953,17.3398283610653,25.2132508562816,prepregnancy,model,prepregnancy_main,30097165
42,164709,0.108339419388764,0.130349942915955,0.0220105235271904,1.20316264985885,0.000309382792895908,0.00159795924520043,0.00162779102691879,0.0125886507604017,0.107734529358095,0.108947290969141,0.127249858406398,0.133513998408306,0.0188201117400722,0.0252009353143087,1.17383988657436,1.23321790183832,108.339419388764,130.349942915955,22.0105235271904,107.734529358095,108.947290969141,127.249858406398,133.513998408306,18.8201117400722,25.2009353143088,16.8771817139508,27.1438653404301,prepregnancy,model,prepregnancy_main,30097165
43,97685,0.113034261201232,0.135539448238229,0.0225051870369971,1.19910058063662,0.000393815665254209,0.00202363678502991,0.0020616687433117,0.0153319607020213,0.112264693163132,0.1138084282804,0.131621899099217,0.139554859380889,0.0184643905520542,0.02654598352194,1.16360351547701,1.23568052464474,113.034261201232,135.539448238229,22.5051870369971,112.264693163132,113.8084282804,131.621899099217,139.554859380889,18.4643905520542,26.54598352194,16.0035844417769,29.0067896322172,prepregnancy,model,prepregnancy_main,30097165
44,54186,0.118538959885546,0.141520976062542,0.0229820161769956,1.1938773226894,0.000491605543931721,0.0025080492430883,0.00255571285348305,0.0182003635490187,0.11757881496842,0.119505883478963,0.136676220676404,0.146508319918012,0.0179729110293428,0.0279911213246485,1.15203991235374,1.23723409783596,118.538959885546,141.520976062542,22.9820161769956,117.57881496842,119.505883478963,136.676220676404,146.508319918012,17.9729110293428,27.9911213246485,14.9224142769582,31.0416180770331,prepregnancy,model,prepregnancy_main,30097165
45,28835,0.123817796645238,0.147174674350611,0.0233568777053731,1.1886390998565,0.000598823612626021,0.00303329243641835,0.00309163394791854,0.0211683663347077,0.122648892480188,0.12499625389172,0.141328327697413,0.153219712927223,0.0172973865140713,0.0294163688966748,1.14033240530485,1.23899215977289,123.817796645238,147.174674350611,23.3568777053731,122.648892480188,124.99625389172,141.328327697413,153.219712927223,17.2973865140713,29.4163688966748,13.6072147857278,33.1065406250184,prepregnancy,model,prepregnancy_main,30097165
