age,target_n,risk0,risk1,rd,rr,se_risk0,se_risk1,se_rd,se_log_rr,risk0_lower,risk0_upper,risk1_lower,risk1_upper,rd_lower,rd_upper,rr_lower,rr_upper,risk0_per1000,risk1_per1000,rd_per1000,risk0_lower_per1000,risk0_upper_per1000,risk1_lower_per1000,risk1_upper_per1000,rd_lower_per1000,rd_upper_per1000,rd_bonferroni_lower_per1000,rd_bonferroni_upper_per1000,contrast,model,rd_grid_lower,rd_grid_upper,negative_grid_supported,positive_grid_supported
15,1199,0.0732933540090058,0.0659799932269797,-0.00731336078202605,0.900217954534767,0.00335795528465076,0.00210283971100579,0.00395943624761549,0.05577202685703,0.0669779472838719,0.0801530894158751,0.0619762113465465,0.0702230636760321,-0.0150737132264348,0.000446991662382728,0.807001673280925,1.00420159275761,73.2933540090058,65.9799932269797,-7.31336078202605,66.9779472838719,80.1530894158751,61.9762113465465,70.2230636760321,-15.0737132264348,0.446991662382728,-19.7996930633966,5.17297149934447,primary,original,-0.0197996930633966,0.00517297149934447,FALSE,FALSE
16,4170,0.0745564975828868,0.0663290800602946,-0.00822741752259223,0.889648551242022,0.00266956425631173,0.00165783623981544,0.003140163045241,0.0436332872026846,0.0694901279994184,0.0799605034918503,0.06315278192865,0.0696532541280071,-0.0143820239968482,-0.00207281104833625,0.816728582292434,0.969079032970144,74.5564975828868,66.3290800602946,-8.22741752259223,69.4901279994184,79.9605034918503,63.15278192865,69.6532541280071,-14.3820239968482,-2.07281104833625,-18.1301200156991,1.67528497051461,primary,original,-0.0181301200156991,0.00167528497051461,FALSE,FALSE
17,11232,0.0763884367545807,0.0672315409162996,-0.00915689583828109,0.880127199517118,0.00201770797553716,0.00124474949614262,0.00236864332919096,0.0322258927092587,0.0725265111229864,0.080438169069024,0.0648325683703464,0.0697126643630762,-0.0137993514557164,-0.00451444022084576,0.826256165241691,0.937510568654283,76.3884367545807,67.2315409162996,-9.15689583828109,72.5265111229864,80.438169069024,64.8325683703464,69.7126643630762,-13.7993514557164,-4.51444022084576,-16.6265621783166,-1.68722949824555,primary,original,-0.0166265621783166,-0.00168722949824555,TRUE,FALSE
18,29922,0.0795174249997921,0.0693450950760196,-0.0101723299237725,0.872074203562312,0.00145479362387806,0.000893924372208615,0.00170873629791633,0.0223978911965133,0.0767123837943966,0.0824158788690922,0.0676133882797036,0.0711177711898433,-0.0135213915267648,-0.00682326832078021,0.834619102447102,0.911210172747085,79.5174249997922,69.3450950760196,-10.1723299237725,76.7123837943966,82.4158788690922,67.6133882797036,71.1177711898433,-13.5213915267648,-6.82326832078021,-15.5609377615352,-4.7837220860099,primary,original,-0.0155609377615352,-0.0047837220860099,TRUE,FALSE
19,60774,0.0822742553811607,0.0712317209482078,-0.0110425344329529,0.865783842323519,0.00101726822848592,0.000624211961116753,0.0011953353685845,0.0151793294268773,0.0803023125268865,0.0842901841752188,0.0700179466718247,0.0724648966991232,-0.0133853487048255,-0.00869972016108039,0.840405348945988,0.891928713410237,82.2742553811607,71.2317209482078,-11.0425344329529,80.3023125268865,84.2901841752188,70.0179466718247,72.4648966991232,-13.3853487048255,-8.69972016108039,-14.8121000141159,-7.27296885178991,primary,original,-0.0148121000141159,-0.00727296885178991,TRUE,FALSE
20,82205,0.0817879541032269,0.0704485966566773,-0.0113393574465496,0.8613566316595,0.000774276266194955,0.000470011105639285,0.000909117903916328,0.011627061493907,0.0802831686585683,0.0833183893334781,0.0695329398869664,0.0713753864552782,-0.0131211957959261,-0.00955751909717301,0.841949472247753,0.88121113126071,81.7879541032269,70.4485966566773,-11.3393574465496,80.2831686585683,83.3183893334781,69.5329398869664,71.3753864552782,-13.1211957959261,-9.55751909717301,-14.2063181756379,-8.47239671746126,primary,original,-0.0142063181756379,-0.00847239671746126,TRUE,FALSE
21,96740,0.0811574542257124,0.0697691930908622,-0.0113882611348502,0.859676954587837,0.000730377058597372,0.000437630499444332,0.000856001846826834,0.0110321282544041,0.0797374028547672,0.0826005254793063,0.0689163149068931,0.0706318254337082,-0.0130659939253306,-0.00971052834436985,0.841288050151089,0.878467804358674,81.1574542257124,69.7691930908622,-11.3882611348502,79.7374028547672,82.6005254793063,68.9163149068931,70.6318254337082,-13.0659939253306,-9.71052834436985,-14.0877170231433,-8.68880524655714,primary,original,-0.0140877170231433,-0.00868880524655714,TRUE,FALSE
22,110682,0.0798950386384116,0.0687737748757867,-0.0111212637626248,0.860801572260859,0.000709916851065258,0.000424374584070977,0.000831924582793861,0.0108853327146134,0.0785146447718485,0.081297560563046,0.0679466598347262,0.0696102064305395,-0.0127518059827543,-0.00949072154249535,0.842631013552196,0.879363962267533,79.8950386384116,68.7737748757867,-11.1212637626248,78.5146447718485,81.297560563046,67.9466598347262,69.6102064305395,-12.7518059827543,-9.49072154249535,-13.7447904780911,-8.49773704715858,primary,original,-0.0137447904780911,-0.00849773704715858,TRUE,FALSE
23,119247,0.0791689137463717,0.068484603575539,-0.0106843101708327,0.865044123188789,0.000650224639179124,0.0003896986311372,0.000763242237929219,0.01006423471341,0.0779038359216876,0.0804527427060985,0.0677247431340038,0.0692523562240615,-0.0121802374686537,-0.00918838287301169,0.848147854680039,0.88227698853964,79.1689137463717,68.484603575539,-10.6843101708327,77.9038359216876,80.4527427060985,67.7247431340039,69.2523562240615,-12.1802374686537,-9.18838287301169,-13.0912427738518,-8.27737756781367,primary,original,-0.0130912427738518,-0.00827737756781367,TRUE,FALSE
24,125425,0.0788266417563668,0.0687417688593728,-0.010084872896994,0.872062634252975,0.000575238248605341,0.000342838923168735,0.000675543727598594,0.0089212782307448,0.0777065428589921,0.0799614864866556,0.0680728510706768,0.0694167701537277,-0.0114089142730692,-0.00876083152091884,0.85694682220761,0.887445076348035,78.8266417563668,68.7417688593728,-10.084872896994,77.7065428589921,79.9614864866556,68.0728510706768,69.4167701537277,-11.4089142730692,-8.76083152091884,-12.2152427087246,-7.95450308526347,primary,original,-0.0122152427087246,-0.00795450308526347,TRUE,FALSE
25,130505,0.0794706784474189,0.0700915122492028,-0.00937916619821609,0.881979537843989,0.000540774287736722,0.000315159998242104,0.000632422896897819,0.00824579030504552,0.0784172172601753,0.080537055125294,0.069476321061274,0.0707117368139227,-0.0106186922991343,-0.00813964009729788,0.867840033082431,0.896349414087942,79.4706784474189,70.0915122492028,-9.37916619821609,78.4172172601753,80.537055125294,69.476321061274,70.7117368139227,-10.6186922991343,-8.13964009729788,-11.373551746858,-7.38478064957423,primary,original,-0.011373551746858,-0.00738478064957423,TRUE,FALSE
26,131877,0.080672229295141,0.0721487958231359,-0.00852343347200511,0.894344887373548,0.00057127012045072,0.000326687705421788,0.000664822096915403,0.00849587415829645,0.0795596250817013,0.0817990100173757,0.0715111141251269,0.0727917180817262,-0.0098264608380857,-0.00722040610592453,0.879575912300309,0.909361848574719,80.6722292951411,72.1487958231359,-8.52343347200511,79.5596250817013,81.7990100173757,71.5111141251269,72.7917180817262,-9.8264608380857,-7.22040610592453,-10.6199919442074,-6.42687499980279,primary,original,-0.0106199919442074,-0.00642687499980279,TRUE,FALSE
27,130884,0.0821555590348668,0.0746830582475615,-0.00747250078730537,0.909044489805808,0.000627433131643321,0.00035998128833522,0.000729974767053652,0.00911727618910965,0.0809341627801094,0.0833937151571144,0.0739805644863185,0.0753916795572054,-0.00890322504035354,-0.00604177653425719,0.892944566795519,0.925434696816443,82.1555590348668,74.6830582475615,-7.47250078730537,80.9341627801094,83.3937151571144,73.9805644863185,75.3916795572054,-8.90322504035354,-6.04177653425719,-9.77452231977407,-5.17047925483666,primary,original,-0.00977452231977407,-0.00517047925483666,TRUE,FALSE
28,126880,0.0840864204638171,0.077856699795677,-0.00622972066814011,0.925912880655673,0.000652627037224696,0.000380707647005295,0.000762667957946067,0.00926281444827855,0.0828160992233689,0.0853744134638836,0.0771137926216786,0.0786061544682785,-0.00772452239787711,-0.00473491893840311,0.909254802920033,0.942876144080688,84.0864204638171,77.856699795677,-6.22972066814011,82.816099223369,85.3744134638836,77.1137926216786,78.6061544682785,-7.72452239787711,-4.73491893840311,-8.63484224296126,-3.82459909331896,primary,original,-0.00863484224296126,-0.00382459909331896,TRUE,FALSE
29,120282,0.0870768071107557,0.0822375999600518,-0.00483920715070389,0.944425992278877,0.000646598093837567,0.000382972953950362,0.000759757449130215,0.00886387967865496,0.0858178125917003,0.088352486697829,0.0814900986053651,0.082991338539375,-0.00632830438798514,-0.00335010991342265,0.928160288391461,0.960976747278974,87.0768071107557,82.2375999600518,-4.83920715070389,85.8178125917003,88.352486697829,81.4900986053651,82.991338539375,-6.32830438798514,-3.35010991342265,-7.23515025214907,-2.44326404925871,primary,original,-0.00723515025214907,-0.00244326404925871,TRUE,FALSE
30,111577,0.089423393813269,0.086187939455918,-0.003235454357351,0.963818703144871,0.000626869202591123,0.000372471561417081,0.000738894533769404,0.00834680374230519,0.0882023405241439,0.0906596703319994,0.0854607032534401,0.08692077597201,-0.00468366103191254,-0.00178724768278945,0.948179447473452,0.979715912433199,89.423393813269,86.187939455918,-3.235454357351,88.2023405241439,90.6596703319994,85.4607032534401,86.92077597201,-4.68366103191254,-1.78724768278945,-5.56560493752245,-0.905303777179539,primary,original,-0.00556560493752245,-0.000905303777179539,TRUE,FALSE
31,102027,0.0919984478439311,0.090485260088694,-0.00151318775523708,0.983552029510279,0.000638034259324555,0.000375105691302483,0.000751030494990527,0.00819973941893523,0.0907555383640284,0.0932566332967555,0.0897527510795732,0.0912231482703957,-0.0029851804767098,-4.11950337643591e-05,0.967871513893869,0.999486585633582,91.9984478439311,90.485260088694,-1.51318775523708,90.7555383640284,93.2566332967555,89.7527510795732,91.2231482703957,-2.9851804767098,-0.0411950337643591,-3.881609855616,0.855234345141836,primary,original,-0.003881609855616,0.000855234345141836,FALSE,FALSE
32,91764,0.0952000999554994,0.0954817221378793,0.000281622182379884,1.00295821309549,0.000703755170694507,0.000410346751230805,0.00082612008230354,0.00867106180268059,0.093829677755008,0.0965884042968344,0.0946804813765855,0.0962890222852033,-0.00133754342584032,0.00190078779060009,0.986056994154606,1.02014912239238,95.2000999554995,95.4817221378793,0.281622182379884,93.829677755008,96.5884042968345,94.6804813765855,96.2890222852033,-1.33754342584032,1.90078779060009,-2.32359967418299,2.88684403894276,primary,original,-0.00232359967418299,0.00288684403894276,FALSE,FALSE
33,81398,0.0982475346791754,0.10034034636701,0.00209281168783416,1.02130141682097,0.000808989463448414,0.000474255556272848,0.000949112967169352,0.00960810288643679,0.0966733054967751,0.099844565220277,0.0994146402550926,0.101273702932446,0.000232584454922289,0.00395303892074604,1.00224870180183,1.04071632332906,98.2475346791754,100.34034636701,2.09281168783416,96.6733054967751,99.844565220277,99.4146402550926,101.273702932446,0.232584454922289,3.95303892074604,-0.900275999275605,5.08589937494394,primary,original,-0.000900275999275605,0.00508589937494394,FALSE,FALSE
34,70747,0.101723499697904,0.105569176497761,0.0038456767998571,1.03780519556718,0.000921772693512292,0.00054749356405432,0.00108325770312489,0.0105472946963528,0.0999310316720308,0.103544420578063,0.104500908768805,0.106647064126492,0.00172253071575674,0.00596882288395747,1.01657158693242,1.05948232056758,101.723499697904,105.569176497761,3.8456767998571,99.9310316720308,103.544420578063,104.500908768806,106.647064126492,1.72253071575674,5.96882288395747,0.429555215447873,7.26179838426633,primary,original,0.000429555215447873,0.00726179838426633,FALSE,TRUE
35,59784,0.105372900232781,0.110829403394104,0.0054565031613234,1.05178279376642,0.00100973325870858,0.000607676178151265,0.0011899892072636,0.0111453904718811,0.103410191718132,0.10736839964688,0.109643970074186,0.112026040622896,0.00312416717309538,0.00778883914955142,1.02905618742772,1.07501131500731,105.372900232781,110.829403394104,5.4565031613234,103.410191718132,107.36839964688,109.643970074186,112.026040622896,3.12416717309538,7.78883914955142,1.70379703754472,9.20920928510209,primary,original,0.00170379703754472,0.00920920928510209,FALSE,TRUE
36,50300,0.109934097902184,0.116806856180599,0.00687275827841566,1.06251707531662,0.00107002006661524,0.000646096296531157,0.00126188806273827,0.0112989794684943,0.107854363985585,0.112048898166345,0.115546474981841,0.11807915015847,0.00439950312292764,0.00934601343390368,1.03924563578543,1.0863096235051,109.934097902184,116.806856180599,6.87275827841566,107.854363985585,112.048898166345,115.546474981841,118.07915015847,4.39950312292764,9.34601343390368,2.89331457282905,10.8522019840023,primary,original,0.00289331457282905,0.0108522019840023,FALSE,TRUE
37,39582,0.114727825517672,0.122786785160423,0.00805895964275044,1.07024415922107,0.00114378283175907,0.000682548647784611,0.00134361920025371,0.0115111609749515,0.112505044715945,0.116988733222847,0.12145526969125,0.124130835558366,0.00542551440131666,0.0106924048841842,1.04636823803477,1.09466487868371,114.727825517672,122.786785160423,8.05895964275044,112.505044715945,116.988733222847,121.45526969125,124.130835558366,5.42551440131666,10.6924048841842,3.82177163294204,12.2961476525588,primary,original,0.00382177163294204,0.0122961476525588,FALSE,TRUE
38,30385,0.119871294335853,0.128882283063629,0.00901098872777577,1.07517219846254,0.00130884464061422,0.00076488748359412,0.00152612729233371,0.0125077243554464,0.117329623461142,0.122460385693136,0.127390545609516,0.130388878528413,0.00601983419897806,0.0120021432565735,1.04913513531161,1.10185544019876,119.871294335853,128.882283063629,9.01098872777577,117.329623461142,122.460385693136,127.390545609516,130.388878528413,6.01983419897806,12.0021432565735,4.19824992254231,13.8237275330092,primary,original,0.00419824992254231,0.0138237275330092,FALSE,TRUE
39,22837,0.124838839868553,0.134554208271814,0.00971536840326133,1.07782328331063,0.00162956992313922,0.000939992770824542,0.00189002259162895,0.0148716315314599,0.121679812600776,0.128067922705741,0.132722485046622,0.136407235313591,0.00601099219370154,0.0134197446128211,1.04686048066252,1.10970186715934,124.838839868553,134.554208271814,9.71536840326133,121.679812600776,128.067922705741,132.722485046621,136.407235313591,6.01099219370154,13.4197446128211,3.75506278839292,15.6756740181297,primary,original,0.00375506278839292,0.0156756740181297,FALSE,TRUE
40,15853,0.13090024983884,0.141162639678694,0.0102623898398535,1.07839855044194,0.00214467844598963,0.00123380898554048,0.00248091214625653,0.0186176458441883,0.126753777756683,0.135161369834784,0.138761683017776,0.143598212782597,0.00539989138438273,0.0151248882953243,1.03975717640821,1.11847598649198,130.90024983884,141.162639678694,10.2623898398535,126.753777756683,135.161369834784,138.761683017776,143.598212782597,5.39989138438273,15.1248882953243,2.43867669440183,18.0861029853052,primary,original,0.00243867669440183,0.0180861029853052,FALSE,TRUE
41,10370,0.136894144511179,0.147467318695936,0.0105731741847568,1.07723613177548,0.00282471388355571,0.00162975315595661,0.00326586819349312,0.023440086934595,0.131451405675728,0.142525259625716,0.144301586959851,0.150690270783205,0.00417219014725538,0.0169741582222582,1.02886566321268,1.12788066031777,136.894144511179,147.467318695936,10.5731741847568,131.451405675728,142.525259625716,144.301586959851,150.690270783205,4.17219014725538,16.9741582222582,0.274052567210161,20.8722958023034,primary,original,0.000274052567210161,0.0208722958023034,FALSE,TRUE
42,6233,0.142685409734275,0.153382320308886,0.0106969105746115,1.07496849603987,0.00365064720493954,0.00211427260621313,0.00422232431418503,0.0290863391342967,0.135678711160398,0.149991154943838,0.149284100618715,0.157572207552566,0.00242130698776109,0.018972514161462,1.01540056300319,1.13803095013116,142.685409734275,153.382320308886,10.6969105746115,135.678711160398,149.991154943838,149.284100618715,157.572207552566,2.42130698776109,18.972514161462,-2.61845582846538,24.0122769776884,primary,original,-0.00261845582846538,0.0240122769776884,FALSE,FALSE
43,3273,0.148485067019355,0.159173638092044,0.0106885710726883,1.0719841482194,0.00461116680681519,0.00267892657980992,0.00533613556445206,0.0353429996796808,0.139672524190519,0.157751677843317,0.153992973698737,0.164494703341533,0.00022993754973894,0.0211472045956376,1.00024029781962,1.14887394213035,148.485067019355,159.173638092044,10.6885710726883,139.672524190519,157.751677843317,153.992973698737,164.494703341533,0.22993754973894,21.1472045956376,-6.13926945544579,27.5164116008224,primary,original,-0.00613926945544579,0.0275164116008224,FALSE,FALSE
44,1704,0.155323414445954,0.165881678167569,0.0105582637216149,1.06797599550124,0.00568207411062374,0.00330625308471221,0.00657665799013261,0.041675929939253,0.14450963196518,0.166788637065587,0.159502527993527,0.172463606021503,-0.00233174907768257,0.0234482765209124,0.984207965172754,1.15887370081044,155.323414445954,165.881678167569,10.5582637216149,144.50963196518,166.788637065587,159.502527993527,172.463606021504,-2.33174907768257,23.4482765209124,-10.1816426262094,31.2981700694392,primary,original,-0.0101816426262094,0.0312981700694392,FALSE,FALSE
45,701,0.153987749292273,0.163987799942804,0.01000005065053,1.06494055985941,0.00660966410797522,0.00385157752705085,0.00765173910554984,0.0489398619568761,0.141473928164726,0.167392640550557,0.156577818003925,0.171677077134316,-0.00499708241544438,0.0249971837165044,0.967537222859383,1.17214962818902,153.987749292274,163.987799942804,10.00005065053,141.473928164726,167.392640550557,156.577818003925,171.677077134316,-4.99708241544438,24.9971837165044,-14.1301918959413,34.1302931970014,primary,original,-0.0141301918959413,0.0341302931970014,FALSE,FALSE
15,1199,0.0725363345070255,0.0657413013009853,-0.00679503320604023,0.906322352070574,0.003340833077952,0.0021076418137318,0.00393634071760299,0.0559136838643892,0.0662547288025452,0.0793628797726588,0.0617290963362061,0.0699948332501283,-0.0145101192434206,0.000920052831340169,0.812248423085782,1.01129184436223,72.5363345070255,65.7413013009853,-6.79503320604023,66.2547288025452,79.3628797726588,61.7290963362061,69.9948332501283,-14.5101192434206,0.920052831340169,-19.2085322748229,5.61846586274247,primary,combined,-0.0192085322748229,0.00561846586274247,FALSE,FALSE
16,4170,0.0743174665528535,0.0664122649223092,-0.00790520163054428,0.893629290700831,0.00266924091341646,0.0016667733210241,0.00313974934737919,0.0437124911700365,0.0692522618425108,0.0797214148219443,0.0632191361324591,0.0697546657712631,-0.0140589972718906,-0.00175140598919794,0.820255696920285,0.973566306453923,74.3174665528535,66.4122649223092,-7.90520163054428,69.2522618425108,79.7214148219443,63.2191361324591,69.7546657712631,-14.0589972718906,-1.75140598919794,-17.8065995013151,1.99619624022652,primary,combined,-0.0178065995013151,0.00199619624022652,FALSE,FALSE
17,11232,0.0762241171195686,0.0672902446927947,-0.00893387242677386,0.882794674908995,0.0020176159357639,0.00124903960128017,0.002369272978272,0.0322767126653942,0.0723625792414079,0.080273888997146,0.0648831050732822,0.0697800242996141,-0.0135775621337309,-0.00429018271981679,0.828677824366726,0.940445629329152,76.2241171195686,67.2902446927947,-8.93387242677386,72.3625792414079,80.273888997146,64.8831050732822,69.7800242996141,-13.5775621337309,-4.29018271981679,-16.4055244049545,-1.46222044859318,primary,combined,-0.0164055244049545,-0.00146222044859318,TRUE,FALSE
18,29922,0.0794307176852035,0.069360421666785,-0.0100702960184186,0.873219123383365,0.00145537712936596,0.000894869022921407,0.00170924097681777,0.0224196896612839,0.0766246249674327,0.0823304105644625,0.0676269014305797,0.0711349879981248,-0.0134203467738814,-0.00672024526295569,0.835679144109289,0.912445455672029,79.4307176852035,69.360421666785,-10.0702960184186,76.6246249674327,82.3304105644625,67.6269014305797,71.1349879981248,-13.4203467738814,-6.72024526295569,-15.4604953929719,-4.6800966438652,primary,combined,-0.0154604953929719,-0.0046800966438652,TRUE,FALSE
19,60774,0.0822197381842182,0.0712388331931828,-0.0109809049910353,0.866444417927579,0.00101791080752013,0.000624893218865597,0.00119545806870052,0.0151869216393863,0.0802465794034106,0.0842369708296015,0.0700237436774362,0.0724733644410272,-0.0133239597507162,-0.00863785023135451,0.841034046202436,0.892622519561071,82.2197381842182,71.2388331931828,-10.9809049910353,80.2465794034106,84.2369708296015,70.0237436774362,72.4733644410272,-13.3239597507162,-8.63785023135451,-14.7508575147638,-7.21095246730683,primary,combined,-0.0147508575147638,-0.00721095246730683,TRUE,FALSE
20,82205,0.0816671522917195,0.0704344971485823,-0.0112326551431372,0.862458101844747,0.000775180147206155,0.000471416049240197,0.000908780431061134,0.0116348620304538,0.0801606458583477,0.0831994105127379,0.0695161211132631,0.0713640753093181,-0.0130138320578718,-0.00945147822840258,0.843013236559159,0.882351480593206,81.6671522917195,70.4344971485823,-11.2326551431372,80.1606458583477,83.1994105127379,69.5161211132631,71.3640753093181,-13.0138320578718,-9.45147822840258,-14.0985516302621,-8.36675865601223,primary,combined,-0.0140985516302621,-0.00836675865601223,TRUE,FALSE
21,96740,0.0810199319516124,0.069781747906961,-0.0112381840446515,0.861291119679498,0.000730244864206246,0.000438564391725052,0.000855525867309973,0.0110387913036836,0.0796001569151303,0.082462761717093,0.0689270591160445,0.0706462306154841,-0.0129149839324214,-0.00956138415688152,0.842856680252407,0.880128745751427,81.0199319516124,69.781747906961,-11.2381840446515,79.6001569151303,82.462761717093,68.9270591160445,70.6462306154841,-12.9149839324214,-9.56138415688152,-13.9361389014757,-8.54022918782725,primary,combined,-0.0139361389014757,-0.00854022918782725,TRUE,FALSE
22,110682,0.0797660242953474,0.0688010343713949,-0.0109649899239525,0.862535584281439,0.000709550526936187,0.000424680854923623,0.000831575279118711,0.010891849709432,0.0783863566005324,0.0811678366661937,0.067973323752751,0.0696380709428534,-0.012594847521459,-0.00933513232644595,0.84431763791636,0.881146621534185,79.7660242953474,68.8010343713949,-10.9649899239525,78.3863566005324,81.1678366661937,67.973323752751,69.6380709428535,-12.594847521459,-9.33513232644595,-13.5874150882174,-8.34256475968751,primary,combined,-0.0135874150882174,-0.00834256475968751,TRUE,FALSE
23,119247,0.0790460605088237,0.0685066076738889,-0.0105394528349348,0.866666943714946,0.00065005092124683,0.00038990378519121,0.000762928328800534,0.0100698208626094,0.0777813340927414,0.0803295601450538,0.0677463479077771,0.0692747652049557,-0.0120347648821692,-0.00904414078770041,0.849729674405614,0.883941815794073,79.0460605088237,68.5066076738889,-10.5394528349348,77.7813340927414,80.3295601450538,67.7463479077771,69.2747652049557,-12.0347648821692,-9.04414078770041,-12.9453955056903,-8.13351016417929,primary,combined,-0.0129453955056903,-0.00813351016417929,TRUE,FALSE
24,125425,0.0786938868192456,0.068744636240102,-0.0099492505791436,0.873570222779867,0.000575382169135286,0.000343309073559175,0.000675280515066485,0.00892795601547459,0.0775735231123198,0.0798290311554962,0.0680748051532503,0.0694205672530354,-0.0112727760681356,-0.00862572509015163,0.858417043874239,0.888990892682539,78.6938868192456,68.744636240102,-9.9492505791436,77.5735231123198,79.8290311554962,68.0748051532503,69.4205672530354,-11.2727760681356,-8.62572509015163,-12.0787903335299,-7.81971082475734,primary,combined,-0.0120787903335299,-0.00781971082475734,TRUE,FALSE
25,130505,0.0793395310262618,0.0700663727680715,-0.00927315825819029,0.883120581401964,0.0005409059644853,0.000316022295271381,0.000632130772456911,0.00825271151413612,0.0782858265758883,0.0804061808099261,0.0694495062357129,0.0706883022332422,-0.0105121118057253,-0.00803420471065526,0.868950996257421,0.897521223469202,79.3395310262618,70.0663727680715,-9.27315825819029,78.2858265758883,80.4061808099261,69.4495062357129,70.6883022332422,-10.5121118057253,-8.03420471065526,-11.2666225739574,-7.27969394242316,primary,combined,-0.0112666225739574,-0.00727969394242316,TRUE,FALSE
26,131877,0.0805303688478052,0.0720960615414675,-0.00843430730633765,0.895265507571713,0.000570957900760405,0.00032753285086718,0.00066428730347774,0.00850209835763297,0.0794183825382806,0.0816565437303362,0.0714567390093067,0.072740655987307,-0.00973628649654125,-0.00713232811613405,0.880470588511792,0.910309031903456,80.5303688478052,72.0960615414675,-8.43430730633765,79.4183825382806,81.6565437303362,71.4567390093067,72.740655987307,-9.73628649654125,-7.13232811613405,-10.5291792736572,-6.33943533901808,primary,combined,-0.0105291792736572,-0.00633943533901808,TRUE,FALSE
27,130884,0.0819899527842872,0.074630020042303,-0.00735993274198418,0.910233723864338,0.000626683269504132,0.000360397297200096,0.000729235897405885,0.00912361308120915,0.0807700248604941,0.083226637927691,0.0739267203558479,0.0753394662268191,-0.00878920883713346,-0.0059306566468349,0.894101633661082,0.926656882022878,81.9899527842872,74.630020042303,-7.35993274198418,80.7700248604941,83.226637927691,73.9267203558479,75.3394662268191,-8.78920883713346,-5.9306566468349,-9.65962420235229,-5.06024128161607,primary,combined,-0.00965962420235229,-0.00506024128161607,TRUE,FALSE
28,126880,0.0838979620500055,0.077829247125353,-0.00606871492465254,0.927665526356464,0.000651996600091947,0.000380738083932168,0.000762013253479478,0.00927083271338477,0.0826288812841651,0.0851847244417959,0.0770862820813475,0.078578763255798,-0.00756223345721451,-0.00457519639209057,0.910961600472194,0.944675745217082,83.8979620500055,77.829247125353,-6.06871492465254,82.6288812841651,85.1847244417959,77.0862820813475,78.578763255798,-7.56223345721451,-4.57519639209057,-8.47177184758774,-3.66565800171734,primary,combined,-0.00847177184758774,-0.00366565800171734,TRUE,FALSE
29,120282,0.0868922672157761,0.0822277490597474,-0.00466451815602863,0.946318374402115,0.000646551912935042,0.000383261256289109,0.000759284481389139,0.00887206703279699,0.0856333816279159,0.0881678750106833,0.0814796877369289,0.0829820578301282,-0.00615268839357151,-0.00317634791848574,0.930005154470535,0.962917744516044,86.8922672157761,82.2277490597474,-4.66451815602863,85.6333816279159,88.1678750106832,81.4796877369289,82.9820578301282,-6.15268839357151,-3.17634791848574,-7.0589697238301,-2.27006658822716,primary,combined,-0.0070589697238301,-0.00227006658822716,TRUE,FALSE
30,111577,0.0891884551397802,0.0862117118744585,-0.00297674326532173,0.966624118999971,0.000627155629829723,0.000373448587738178,0.00073848749657954,0.00835738845221152,0.0879668696888909,0.0904253226720608,0.0854825745408464,0.0869464772111864,-0.00442415216165077,-0.00152933436899268,0.950919614030152,0.982587984984861,89.1884551397802,86.2117118744585,-2.97674326532173,87.9668696888909,90.4253226720608,85.4825745408464,86.9464772111864,-4.42415216165077,-1.52933436899268,-5.30561022800684,-0.647876302636618,primary,combined,-0.00530561022800684,-0.000647876302636618,TRUE,FALSE
31,102027,0.0917470632619874,0.0905246703996622,-0.00122239286232517,0.986676490572405,0.000638190543855308,0.000376471352975742,0.000750690045970043,0.0082115157657915,0.0905038745599519,0.0930055824966135,0.0897895029914846,0.0912652535745494,-0.00269371831597917,0.000248932591328829,0.970923752122219,1.00268480910098,91.7470632619874,90.5246703996622,-1.22239286232517,90.5038745599519,93.0055824966135,89.7895029914846,91.2652535745494,-2.69371831597917,0.248932591328829,-3.58974133521553,1.14495561056519,primary,combined,-0.00358974133521553,0.00114495561056519,FALSE,FALSE
32,91764,0.094905442204414,0.0955157455215038,0.000610303317089764,1.00643064615594,0.000703158023748462,0.000411398347910482,0.000825558934430063,0.008684253285576,0.0935362063669483,0.0962925924763468,0.0947124579529669,0.0963251211201017,-0.00100776246150842,0.00222836909568795,0.989445329691363,1.02370754111076,94.905442204414,95.5157455215038,0.610303317089764,93.5362063669483,96.2925924763468,94.7124579529669,96.3251211201017,-1.00776246150842,2.22836909568795,-1.99314892421249,3.21375555839202,primary,combined,-0.00199314892421249,0.00321375555839202,FALSE,FALSE
33,81398,0.0979383783368859,0.100378967749807,0.00244058941292154,1.02491964288531,0.000807660924505389,0.000474859187104697,0.00094823928140899,0.00962069258700588,0.096366756208045,0.0995328084616805,0.0994520865848627,0.10131351549273,0.000582074572633776,0.0042991042532093,1.00577461050823,1.04442910309829,97.9383783368859,100.378967749807,2.44058941292154,96.366756208045,99.5328084616805,99.4520865848628,101.31351549273,0.582074572633776,4.2991042532093,-0.549743050961707,5.43092187680478,primary,combined,-0.000549743050961707,0.00543092187680478,FALSE,FALSE
34,70747,0.101388098016299,0.10560098849069,0.00421289047439093,1.04155212058238,0.000920104761585083,0.000547997843818478,0.00108206047451912,0.0105604927607182,0.0995989009847345,0.103205752140679,0.104531739568485,0.106679871704263,0.00209209091523914,0.00633369003354272,1.02021545844882,1.06333501507521,101.388098016299,105.60098849069,4.21289047439093,99.5989009847345,103.205752140679,104.531739568485,106.679871704263,2.09209091523914,6.33369003354272,0.8005444260059,7.62523652277595,primary,combined,0.0008005444260059,0.00762523652277595,FALSE,TRUE
35,59784,0.105053159009825,0.11084283500689,0.00578967599706465,1.05511186956808,0.00100825552402762,0.000608194188961339,0.00118862594493643,0.0111572240478424,0.103093355745908,0.107045771624483,0.109656395144335,0.112040496310086,0.00346001195389936,0.00811934004022994,1.03228938700006,1.07843892548262,105.053159009825,110.84283500689,5.78967599706465,103.093355745908,107.045771624483,109.656395144335,112.040496310086,3.46001195389936,8.11934004022994,2.04126900713713,9.53808298699216,primary,combined,0.00204126900713713,0.00953808298699216,FALSE,TRUE
36,50300,0.109600920131243,0.116792704273278,0.00719178414203546,1.06561791756332,0.00106859320953091,0.000646902995678211,0.00126037129849074,0.0113110152319221,0.107523997307465,0.111712938987931,0.11553075765481,0.118066595134143,0.00472150178984563,0.00966206649422529,1.04225397611926,1.08950560252125,109.600920131243,116.792704273278,7.19178414203546,107.523997307465,111.712938987931,115.53075765481,118.066595134143,4.72150178984563,9.66206649422529,3.21712364830092,11.16644463577,primary,combined,0.00321712364830092,0.01116644463577,FALSE,TRUE
37,39582,0.114327033620399,0.122730602859098,0.00840356923869926,1.07350465565827,0.00114253294554703,0.00068399468822423,0.0013418824375956,0.0115275747085114,0.112106738267518,0.116585528387971,0.121396283106986,0.124077517540348,0.00577352798952506,0.0110336104878734,1.04952223251536,1.09803509636764,114.327033620399,122.730602859099,8.40356923869926,112.106738267518,116.585528387971,121.396283106986,124.077517540348,5.77352798952506,11.0336104878734,4.1718582196256,12.6352802577729,primary,combined,0.0041718582196256,0.0126352802577729,FALSE,TRUE
38,30385,0.11945675017679,0.12876914711601,0.00931239693921977,1.07795622202544,0.00130803504810583,0.000767000415536466,0.00152506345935442,0.0125341813993217,0.116916732783617,0.122044323199571,0.127273317197647,0.130279932988462,0.00632332748474704,0.0123014663936925,1.05179719696168,1.10476584265483,119.45675017679,128.76914711601,9.31239693921977,116.916732783617,122.044323199571,127.273317197647,130.279932988462,6.32332748474704,12.3014663936925,4.50301299847726,14.1217808799623,primary,combined,0.00450301299847726,0.0141217808799623,FALSE,TRUE
39,22837,0.124450311122587,0.134492393188064,0.0100420820654766,1.08069149827665,0.0016284398494737,0.000942410456885223,0.00189002806908552,0.0149079210619287,0.121293578843352,0.127677261763306,0.132655991998771,0.136350219857489,0.00633769512029919,0.013746469010654,1.04957164528727,1.11273405649957,124.450311122587,134.492393188064,10.0420820654766,121.293578843352,127.677261763306,132.655991998771,136.350219857489,6.33769512029919,13.746469010654,4.08175917710293,16.0024049538502,primary,combined,0.00408175917710293,0.0160024049538502,FALSE,TRUE
40,15853,0.130497749761463,0.14115649491158,0.0106587451501173,1.08167761643094,0.00214382020511915,0.00123480456804376,0.0024814478501333,0.0186656196113207,0.126353123698431,0.134757357412422,0.138753615702479,0.143594048305651,0.00579519673434173,0.0155222935658929,1.04282068854469,1.12198240669789,130.497749761463,141.15649491158,10.6587451501173,126.353123698431,134.757357412422,138.753615702479,143.594048305651,5.79519673434173,15.5222935658929,2.8333426286557,18.484147671579,primary,combined,0.0028333426286557,0.018484147671579,FALSE,TRUE
41,10370,0.136520393526015,0.147506999012334,0.0109866054863196,1.08047592892578,0.00282600808525501,0.0016305421244009,0.00326695398267402,0.0234964285588403,0.131075512032232,0.142154452866213,0.144339739011688,0.150731515589119,0.00458349334112881,0.0173897176315104,1.03184603522727,1.13139770191675,136.520393526015,147.506999012334,10.9866054863196,131.075512032232,142.154452866213,144.339739011688,150.731515589119,4.58349334112881,17.3897176315104,0.684059764013494,21.2891512086257,primary,combined,0.000684059764013494,0.0212891512086257,FALSE,TRUE
42,6233,0.142471738496797,0.153550179707471,0.0110784412106735,1.07775886872415,0.00365521334035324,0.00211650333636603,0.00422543832171881,0.0291351229558227,0.135456731305862,0.149787095130857,0.14944762157098,0.157744472249754,0.00279673428120925,0.0193601481401377,1.01793897652579,1.14109411850793,142.471738496797,153.550179707471,11.0784412106735,135.456731305862,149.787095130857,149.44762157098,157.744472249754,2.79673428120925,19.3601481401377,-2.24674541183917,24.4036278331861,primary,combined,-0.00224674541183917,0.0244036278331861,FALSE,FALSE
43,3273,0.148416762980425,0.159274530330509,0.010857767350084,1.0731572844741,0.00461978349837049,0.00268319655425966,0.00533943636537702,0.0353741049043837,0.139588297687195,0.15770125628318,0.154085663447473,0.164604131959765,0.000392664376201625,0.0213228703239664,1.00127387585254,1.15020134350277,148.416762980425,159.274530330509,10.857767350084,139.588297687195,157.70125628318,154.085663447473,164.604131959765,0.392664376201625,21.3228703239664,-5.9804824622426,27.6960171624107,primary,combined,-0.0059804824622426,0.0276960171624107,FALSE,FALSE
44,1704,0.155320095837218,0.166106264364718,0.0107861685275003,1.06944477126002,0.00568878888981369,0.00331443111032323,0.00657351428997367,0.0416453104092159,0.144493921134713,0.166799268407579,0.15971140893585,0.172704544174636,-0.00209768273270743,0.0236700197877081,0.985620684124292,1.16039784594372,155.320095837218,166.106264364718,10.7861685275003,144.493921134713,166.799268407579,159.71140893585,172.704544174636,-2.09768273270743,23.6700197877081,-9.9438239633194,31.5161610183201,primary,combined,-0.0099438239633194,0.0315161610183201,FALSE,FALSE
45,701,0.154115999413161,0.1642878670788,0.0101718676656387,1.066001373669,0.00662709892567231,0.00387431634490766,0.00765316933372655,0.0488985217255799,0.141569869186227,0.16755696291349,0.156834632561717,0.172023036907991,-0.00482806859605169,0.0251718039273292,0.968579487106178,1.17322217101591,154.115999413161,164.2878670788,10.1718676656387,141.569869186227,167.55696291349,156.834632561717,172.023036907991,-4.82806859605169,25.1718039273292,-13.9628851957198,34.3066205269973,primary,combined,-0.0139628851957198,0.0343066205269973,FALSE,FALSE
15,40161,0.0803944498312647,0.0664990900239562,-0.0138953598073085,0.827160210232514,0.000506540006868039,0.00211981614309132,0.00217913070446615,0.0324894979344273,0.0794072272587009,0.0813928608039835,0.0624629377358115,0.0707763568805603,-0.0181663775056675,-0.00962434210894943,0.776130095537395,0.88154552609915,80.3944498312647,66.4990900239562,-13.8953598073085,79.4072272587009,81.3928608039835,62.4629377358115,70.7763568805603,-18.1663775056675,-9.62434210894943,-20.7673861158234,-7.02333349879354,broad,original,-0.0207673861158234,-0.00702333349879354,TRUE,FALSE
16,98382,0.079727768295267,0.06604153766811,-0.013686230627157,0.828337969069059,0.00039487189195268,0.00165100333563728,0.0016970299216538,0.0254785501945334,0.078957256520711,0.080505141961705,0.0628783708363137,0.0693520549180428,-0.0170123481542853,-0.0103601131000287,0.78798905924057,0.870752941243535,79.727768295267,66.04153766811,-13.686230627157,78.957256520711,80.505141961705,62.8783708363137,69.3520549180428,-17.0123481542853,-10.3601131000287,-19.0379216680113,-8.33453958630273,broad,original,-0.0190379216680113,-0.00833453958630273,TRUE,FALSE
17,195994,0.0810938166402094,0.0673348148908354,-0.013759001749374,0.830332295119135,0.000298719097358716,0.00124675715737729,0.00128175758995755,0.0188750912198828,0.0805102616309332,0.0816812256364988,0.0649319711058756,0.0698199378509251,-0.0162712004626016,-0.0112468030361463,0.800175818974289,0.86162528780436,81.0938166402094,67.3348148908355,-13.759001749374,80.5102616309332,81.6812256364988,64.9319711058756,69.8199378509251,-16.2712004626016,-11.2468030361463,-17.8011052639885,-9.71689823475949,broad,original,-0.0178011052639885,-0.00971689823475949,TRUE,FALSE
18,369890,0.0833486618636527,0.0694428014684171,-0.0139058603952356,0.833160364134174,0.000216378522362261,0.000896874231304788,0.000922518605385838,0.0131725590859714,0.082925547405114,0.08377373798584,0.0677054160955201,0.071221363948375,-0.01571396363686,-0.0120977571536113,0.811925344945176,0.854950762019951,83.3486618636527,69.4428014684171,-13.9058603952356,82.925547405114,83.77373798584,67.7054160955201,71.221363948375,-15.71396363686,-12.0977571536113,-16.8150810827846,-10.9966397076867,broad,original,-0.0168150810827846,-0.0109966397076867,TRUE,FALSE
19,635199,0.0858802242231015,0.0718802240266384,-0.0140000001964631,0.836982258452265,0.000160525519048018,0.000629942337446058,0.000649316968512941,0.00895200288149052,0.0855661217142487,0.0861953710771501,0.0706553000153152,0.0731247131385864,-0.0152726380692992,-0.012727362323627,0.822424981383405,0.851797205607098,85.8802242231015,71.8802240266384,-14.0000001964631,85.5661217142487,86.1953710771501,70.6553000153152,73.1247131385864,-15.2726380692992,-12.727362323627,-16.047662266958,-11.9523381259682,broad,original,-0.016047662266958,-0.0119523381259682,TRUE,FALSE
20,834055,0.0855723969876636,0.072010469967954,-0.0135619270197096,0.841515167307225,0.000132155206327848,0.00047997108264852,0.000497445219942445,0.00683730061897586,0.0853137326207542,0.0858317720121739,0.0710753932190574,0.0729568825166486,-0.0145369017350784,-0.0125869523043408,0.830313362430933,0.85286809637128,85.5723969876636,72.010469967954,-13.5619270197096,85.3137326207542,85.8317720121739,71.0753932190574,72.9568825166486,-14.5369017350784,-12.5869523043408,-15.1306519390011,-11.993202100418,broad,original,-0.0151306519390011,-0.011993202100418,TRUE,FALSE
21,972880,0.0842876985969558,0.0714299923557796,-0.0128577062411762,0.847454534229737,0.000126188166219584,0.000448429064655162,0.000466073307361103,0.00645665561725843,0.0840407035689519,0.0845353525455746,0.0705560633298507,0.0723139039318493,-0.0137711931377594,-0.0119442193445929,0.8367977281814,0.858247057084331,84.2876985969558,71.4299923557796,-12.8577062411762,84.040703568952,84.5353525455746,70.5560633298507,72.3139039318493,-13.7711931377594,-11.9442193445929,-14.32749785272,-11.3879146296323,broad,original,-0.01432749785272,-0.0113879146296323,TRUE,FALSE
22,1121260,0.0832404053184715,0.0711948621173258,-0.0120455432011457,0.855292112585704,0.000121487462014598,0.000439666732996778,0.00045665086913178,0.00635182346415238,0.0830026036974787,0.0834788262166531,0.0703379318313211,0.0720614231814502,-0.0129405624581529,-0.0111505239441385,0.844710290852417,0.866006494502534,83.2404053184715,71.1948621173258,-12.0455432011457,83.0026036974787,83.4788262166531,70.3379318313211,72.0614231814502,-12.9405624581529,-11.1505239441385,-13.4856205586205,-10.6054658436709,broad,original,-0.0134856205586205,-0.0106054658436709,TRUE,FALSE
23,1242664,0.0825029741050041,0.0713964540576249,-0.0111065200473791,0.865380367582343,0.000109912926122899,0.000406674620567695,0.000421836894192508,0.00585670747861571,0.082287804530094,0.0827186556008143,0.0706034820313655,0.0721976403764401,-0.0119333051673467,-0.0102797349274116,0.855503518275919,0.875371245820429,82.5029741050041,71.3964540576249,-11.1065200473791,82.2878045300941,82.7186556008143,70.6034820313655,72.1976403764401,-11.9333051673467,-10.2797349274116,-12.4368093360629,-9.77623075869541,broad,original,-0.0124368093360629,-0.00977623075869541,TRUE,FALSE
24,1360984,0.0820374256188207,0.0720232677394919,-0.0100141578793287,0.877931836551544,9.50998372420316e-05,0.000359682139818703,0.000372669749640815,0.00513445991870988,0.0818512260803784,0.082224010800876,0.0713214781981531,0.0727314219373492,-0.0107445771667523,-0.00928373859190516,0.86914120131399,0.886811381701277,82.0374256188207,72.023267739492,-10.0141578793287,81.8512260803784,82.224010800876,71.3214781981531,72.7314219373492,-10.7445771667523,-9.28373859190516,-11.189395472315,-8.83892028634241,broad,original,-0.011189395472315,-0.00883892028634241,TRUE,FALSE
25,1485728,0.0818296866344996,0.0731006589141961,-0.00872902772030354,0.893326883197139,8.46470471841674e-05,0.000329813565106076,0.000341136325230601,0.00463662999320553,0.0816639345895655,0.0819957450654106,0.0724568631102426,0.0737497201675166,-0.00939764263157386,-0.00806041280903322,0.885245437185992,0.901482105097872,81.8296866344996,73.1006589141961,-8.72902772030354,81.6639345895655,81.9957450654106,72.4568631102426,73.7497201675166,-9.39764263157386,-8.06041280903322,-9.80482266778886,-7.65323277281822,broad,original,-0.00980482266778886,-0.00765323277281822,TRUE,FALSE
26,1599762,0.0816207055770641,0.074422286046179,-0.00719841953088506,0.911806453031841,8.36076007458956e-05,0.00033848814018099,0.000349278398662444,0.00466973577595841,0.0814569874961158,0.0817847234123466,0.0737615746993734,0.0750884358619565,-0.00788299261284127,-0.00651384644892884,0.903499205849737,0.920190081416383,81.6207055770641,74.422286046179,-7.19841953088506,81.4569874961158,81.7847234123467,73.7615746993734,75.0884358619565,-7.88299261284127,-6.51384644892884,-8.29989102118389,-6.09694804058622,broad,original,-0.00829989102118389,-0.00609694804058622,TRUE,FALSE
27,1705131,0.0813343104235999,0.0759487841098114,-0.00538552631378853,0.933785307999293,8.77491048116981e-05,0.000368209623113304,0.000379050006643141,0.0049732477010232,0.0811624909910258,0.0815064613288027,0.0752302460869508,0.0766736160132077,-0.00612845067514875,-0.0046426019524283,0.924727558215292,0.942931778867057,81.3343104235999,75.9487841098114,-5.38552631378853,81.1624909910258,81.5064613288027,75.2302460869508,76.6736160132077,-6.12845067514875,-4.6426019524283,-6.5808844502031,-4.19016817737395,broad,original,-0.0065808844502031,-0.00419016817737395,TRUE,FALSE
28,1801255,0.0808513280894208,0.0775763513513914,-0.00327497673802941,0.959493841159822,8.83334909181904e-05,0.000382466232750035,0.000392999563722196,0.00505556079525818,0.0806783666023176,0.0810246276975353,0.0768300406839672,0.0783292964146591,-0.00404524172886487,-0.00250471174719396,0.950033435791418,0.969048452970192,80.8513280894208,77.5763513513914,-3.27497673802941,80.6783666023176,81.0246276975353,76.8300406839672,78.3292964146591,-4.04524172886487,-2.50471174719396,-4.51432568373456,-2.03562779232427,broad,original,-0.00451432568373456,-0.00203562779232427,TRUE,FALSE
29,1867931,0.0804573025446827,0.0795219047557203,-0.000935397788962372,0.988373985214793,8.37704212902129e-05,0.000374973599539718,0.000384671069233373,0.00483457828520087,0.0802932683289747,0.080621642496261,0.0787900657904136,0.0802599491405715,-0.0016893392305543,-0.000181456347370448,0.979052781094318,0.997783933116945,80.4573025446827,79.5219047557203,-0.935397788962372,80.2932683289747,80.621642496261,78.7900657904136,80.2599491405715,-1.6893392305543,-0.181456347370448,-2.14848230127662,0.277686723351872,broad,original,-0.00214848230127662,0.000277686723351872,FALSE,FALSE
30,1891101,0.0801518852861456,0.0817181506859189,0.00156626539977335,1.01954121720508,7.69625600252897e-05,0.000359209466760084,0.00036782142150411,0.00450509473925954,0.0800011709555604,0.080302858764544,0.0810168702985934,0.0824249568906704,0.000845348660882969,0.00228718213866373,1.01057847621396,1.02858344804085,80.1518852861456,81.7181506859189,1.56626539977335,80.0011709555604,80.302858764544,81.0168702985934,82.4249568906704,0.845348660882969,2.28718213866373,0.406317315782285,2.72621348376442,broad,original,0.000406317315782285,0.00272621348376442,FALSE,TRUE
31,1886171,0.07969871495027,0.0838441672800052,0.00414545232973523,1.05201404228816,7.22814005452482e-05,0.000355354076521779,0.000363102496451928,0.00434012341377354,0.0795571609672961,0.0798404989495805,0.0831503089884341,0.0845432816615826,0.00343378451399287,0.0048571201454776,1.04310305433672,1.06100115474709,79.69871495027,83.8441672800052,4.14545232973523,79.5571609672961,79.8404989495805,83.1503089884342,84.5432816615826,3.43378451399287,4.8571201454776,3.00038567393939,5.29051898553108,broad,original,0.00300038567393939,0.00529051898553108,FALSE,TRUE
32,1798093,0.0794705241824549,0.0861981896199456,0.0067276654374907,1.08465611000683,7.37012657875513e-05,0.000380508587454516,0.000388092264071121,0.00451713071034576,0.0793261922528154,0.0796150960112687,0.0854553225308088,0.0869469005382009,0.0059670185772327,0.00748831229774871,1.07509558504226,1.09430165405146,79.4705241824549,86.1981896199456,6.7276654374907,79.3261922528154,79.6150960112687,85.4553225308088,86.9469005382009,5.9670185772327,7.48831229774871,5.50379197117596,7.95153890380545,broad,original,0.00550379197117596,0.00795153890380545,FALSE,TRUE
33,1665495,0.0796329133154901,0.0888852754408768,0.00925236212538669,1.11618766336892,8.10380127274949e-05,0.000431775282291473,0.000439864158322228,0.00496999500485154,0.0794742263529356,0.079791889664889,0.0880426390861287,0.0897351829269161,0.0083902442169851,0.0101144800337883,1.10536765131046,1.12711358829791,79.6329133154901,88.8852754408768,9.25236212538669,79.4742263529356,79.791889664889,88.0426390861287,89.7351829269161,8.3902442169851,10.1144800337883,7.86522272068372,10.6395015300897,broad,original,0.00786522272068372,0.0106395015300897,FALSE,TRUE
34,1508275,0.0802593790476681,0.0919127633164956,0.0116533842688276,1.14519654160178,9.0584592060934e-05,0.000490852863274692,0.000499694944488032,0.00546524470682691,0.0800820156500951,0.0804371009168003,0.0909552240593665,0.0928793531959946,0.0106740001743743,0.0126327683632808,1.13299502556499,1.15752945891592,80.2593790476681,91.9127633164957,11.6533842688276,80.0820156500951,80.4371009168003,90.9552240593665,92.8793531959946,10.6740001743743,12.6327683632808,10.0775647010908,13.2292038365643,broad,original,0.0100775647010908,0.0132292038365643,FALSE,TRUE
35,1321363,0.0818580494581832,0.0957794753043291,0.0139214258461459,1.17006789116393,9.88811045235228e-05,0.000540520256924776,0.000550062270963865,0.00577816105825804,0.0816644549025016,0.0820520619455875,0.0947253006899026,0.0968441265452543,0.0128433236058024,0.0149995280864894,1.15689163811697,1.18339421327409,81.8580494581832,95.7794753043291,13.9214258461459,81.6644549025016,82.0520619455875,94.7253006899026,96.8441265452543,12.8433236058024,14.9995280864894,12.1867697332115,15.6560819590802,broad,original,0.0121867697332115,0.0156560819590802,FALSE,TRUE
36,1103345,0.0840701924448141,0.100012737952497,0.015942545507683,1.18963374585051,0.000103712252785166,0.000570368664686647,0.000580351167143985,0.00584230604855493,0.0838671432262594,0.0842736880407125,0.0989003761265711,0.10113620664431,0.014805078121695,0.0170800128936709,1.17608929029117,1.20333418640002,84.0701924448141,100.012737952497,15.942545507683,83.8671432262594,84.2736880407125,98.9003761265712,101.13620664431,14.805078121695,17.0800128936709,14.1123714476245,17.7727195677414,broad,original,0.0141123714476245,0.0177727195677414,FALSE,TRUE
37,882785,0.0868803060611916,0.10459760531535,0.0177172992541581,1.20392768001622,0.000107966363813318,0.000600724354492888,0.000611022851082921,0.00588379900229722,0.0866689289297521,0.0870921495619666,0.103426046182384,0.105780869551589,0.0165197164723046,0.0189148820360116,1.19012369192287,1.21789177759112,86.8803060611916,104.59760531535,17.7172992541581,86.6689289297521,87.0921495619667,103.426046182384,105.780869551589,16.5197164723046,18.9148820360116,15.7904001016016,19.6441984067146,broad,original,0.0157904001016016,0.0196441984067146,FALSE,TRUE
38,688250,0.0902846738931343,0.10955426842587,0.019269594532736,1.21343151281185,0.000118058414897005,0.00067359376313911,0.00068447373998041,0.00629274006658826,0.0900535505836151,0.0905163313766494,0.10824100833633,0.110881480792131,0.0179280506540109,0.020611138411461,1.19855751508509,1.22849009559656,90.2846738931343,109.55426842587,19.269594532736,90.0535505836151,90.5163313766494,108.24100833633,110.881480792131,17.9280506540109,20.611138411461,17.1110633629476,21.4281257025243,broad,original,0.0171110633629476,0.0214281257025243,FALSE,TRUE
39,526483,0.093877633333542,0.1144294003686,0.0205517670350578,1.218920804725,0.000140808379417628,0.000828802366497891,0.000841114837872374,0.00740120684292187,0.0936020173752831,0.094153976554135,0.112814990437625,0.116063890554978,0.0189032122459657,0.0222003218241499,1.20136664802352,1.23673145965541,93.877633333542,114.4294003686,20.5517670350578,93.6020173752831,94.153976554135,112.814990437625,116.063890554978,18.9032122459657,22.2003218241499,17.899258269753,23.2042758003626,broad,original,0.017899258269753,0.0232042758003626,FALSE,TRUE
40,375841,0.0984282819743623,0.120133410083018,0.0217051281086557,1.22051718950362,0.000181251418765174,0.00108855432288497,0.00110381519142525,0.00924920142855744,0.0980736063643124,0.0987840997574498,0.118016188303058,0.122283348819683,0.0195416900878741,0.0238685661294374,1.1985908715079,1.24284461469302,98.4282819743623,120.133410083018,21.7051281086557,98.0736063643124,98.7840997574498,118.016188303058,122.283348819683,19.5416900878741,23.8685661294374,18.2241771864984,25.1860790308131,broad,original,0.0182241771864984,0.0251860790308131,FALSE,TRUE
41,255445,0.102964726343417,0.125549233121356,0.0225845067779384,1.21934217260591,0.000238235827622154,0.00144096218222063,0.00146066513373778,0.0117095354623499,0.102498729034282,0.103432598091624,0.122752097235651,0.12840077779326,0.0197216557223389,0.0254473578335378,1.19167662341844,1.24764999554182,102.964726343417,125.549233121356,22.5845067779384,102.498729034282,103.432598091624,122.752097235651,128.40077779326,19.7216557223389,25.4473578335378,17.9782070243696,27.1908065315071,broad,original,0.0179782070243696,0.0271908065315071,FALSE,TRUE
42,163280,0.108148937104357,0.131479523152695,0.0233305860483378,1.21572644792454,0.000311329491876738,0.0018806727954202,0.001906307454187,0.0145910873816182,0.107540253463776,0.108760646076058,0.127837116918436,0.135209621823766,0.0195942920946711,0.0270668800020046,1.18145152905897,1.25099571148759,108.148937104357,131.479523152695,23.3305860483378,107.540253463776,108.760646076058,127.837116918436,135.209621823766,19.5942920946711,27.0668800020046,17.318925090855,29.3422470058207,broad,original,0.017318925090855,0.0293422470058207,FALSE,TRUE
43,96885,0.112811043668682,0.136598258682377,0.0237872150136947,1.21085892161016,0.000396208252943334,0.00238181413503588,0.00241447807021138,0.0177862575454793,0.112036819559928,0.113589933597563,0.131996778010834,0.141334030470384,0.0190549249546186,0.0285195050727708,1.16937513810056,1.25381434945201,112.811043668682,136.598258682377,23.7872150136947,112.036819559928,113.589933597563,131.996778010834,141.334030470384,19.0549249546186,28.5195050727708,16.1730059229693,31.4014241044201,broad,original,0.0161730059229693,0.0314014241044201,FALSE,TRUE
44,53779,0.118293818979257,0.142501283780672,0.0242074648014147,1.20463845879944,0.000494445072639136,0.00295144412207595,0.00299238927777733,0.0211277029285314,0.117328156189144,0.119266355693791,0.136813875835837,0.148384476857695,0.0183424895892473,0.0300724400135821,1.15577365501181,1.25556921126037,118.293818979257,142.501283780672,24.2074648014147,117.328156189144,119.266355693791,136.813875835837,148.384476857695,18.3424895892473,30.0724400135821,14.7707762172659,33.6441533855635,broad,original,0.0147707762172659,0.0336441533855635,FALSE,TRUE
45,28641,0.123701663566803,0.148228098599984,0.0245264350331812,1.1982708584993,0.00060260160632123,0.00357100311970798,0.00362118649890017,0.0245764099226613,0.122525420347056,0.124887591576956,0.141364659107612,0.155364471462118,0.0174290399140342,0.0316238301523282,1.14191957956387,1.25740295203366,123.701663566803,148.228098599984,24.5264350331812,122.525420347056,124.887591576956,141.364659107612,155.364471462118,17.4290399140342,31.6238301523282,13.1067946979414,35.946075368421,broad,original,0.0131067946979414,0.035946075368421,FALSE,TRUE
15,40161,0.0805324142213769,0.0653297521669361,-0.0152026620544408,0.811223068357917,0.000508348638254708,0.00209036695027329,0.00215197616437077,0.0326224605993968,0.0795416760534236,0.0815343995137929,0.0613502626570793,0.069548245712541,-0.0194204578321962,-0.0109848662766855,0.760977827852767,0.864785861754908,80.5324142213769,65.3297521669361,-15.2026620544408,79.5416760534236,81.5343995137929,61.3502626570793,69.548245712541,-19.4204578321962,-10.9848662766855,-21.9890548057081,-8.41626930317355,broad,combined,-0.0219890548057081,-0.00841626930317355,TRUE,FALSE
16,98382,0.079936338354847,0.0655420605602152,-0.0143942777946319,0.819928231754451,0.00039650076293406,0.00164416352835809,0.00169206675806205,0.0255810303313104,0.0791626524134214,0.0807169230031373,0.0623922871689554,0.0688391705465376,-0.0177106676998709,-0.0110778878893928,0.779832315185451,0.862085722964821,79.9363383548471,65.5420605602152,-14.3942777946319,79.1626524134215,80.7169230031373,62.3922871689554,68.8391705465376,-17.7106676998709,-11.0778878893928,-19.7303171856305,-9.05823840363324,broad,combined,-0.0197303171856305,-0.00905823840363324,TRUE,FALSE
17,195994,0.0811917374785359,0.0670753457818818,-0.0141163916966541,0.826135119963581,0.000299086087947729,0.00124847452964264,0.00128423963554601,0.0189795045195652,0.0806074653414713,0.0817798679276582,0.0646694171367734,0.0695641262673499,-0.0166334551298431,-0.0115993282634651,0.795968170575672,0.857445387475272,81.1917374785359,67.0753457818818,-14.1163916966541,80.6074653414713,81.7798679276582,64.6694171367734,69.5641262673499,-16.6334551298431,-11.5993282634651,-18.1663224987956,-10.0664608945126,broad,combined,-0.0181663224987956,-0.0100664608945126,TRUE,FALSE
18,369890,0.0833934903137295,0.0693507381451548,-0.0140427521685747,0.831608533043223,0.000216463986691867,0.000903615495310597,0.000929439544237382,0.0132888040783896,0.0829702085381426,0.0838187341323968,0.0676004775034846,0.0711428575356956,-0.0158644202010873,-0.0122210841360621,0.810228445621643,0.853552792385234,83.3934903137295,69.3507381451548,-14.0427521685747,82.9702085381426,83.8187341323968,67.6004775034846,71.1428575356955,-15.8644202010873,-12.2210841360621,-16.9737984739124,-11.111705863237,broad,combined,-0.0169737984739124,-0.011111705863237,TRUE,FALSE
19,635199,0.0858689692331273,0.0719017599640269,-0.0139672092691004,0.837342763121093,0.000160677782078215,0.000641109014030061,0.000660176794586563,0.00910175093912381,0.085554569360208,0.0861844155860648,0.0706552940011879,0.0731684842023445,-0.0152611320099191,-0.0126732865282816,0.822537765024468,0.852414238913893,85.8689692331273,71.9017599640269,-13.9672092691004,85.554569360208,86.1844155860648,70.6552940011879,73.1684842023445,-15.2611320099191,-12.6732865282816,-16.0491184870155,-11.8853000511853,broad,combined,-0.0160491184870155,-0.0118853000511853,TRUE,FALSE
20,834055,0.0855390264393655,0.0722928449864189,-0.0132461814529466,0.845144584824844,0.000132408894132942,0.000494928312723051,0.000512176724984162,0.00701711745754904,0.0852798663721558,0.085798900204909,0.0713287840914229,0.0732689078516693,-0.0142500293876353,-0.012242333518258,0.833600625642514,0.856848408322895,85.5390264393655,72.2928449864189,-13.2461814529466,85.2798663721558,85.798900204909,71.3287840914229,73.2689078516693,-14.2500293876353,-12.242333518258,-14.8613631038162,-11.6309998020771,broad,combined,-0.0148613631038162,-0.0116309998020771,TRUE,FALSE
21,972880,0.0842552925478257,0.0719312729120652,-0.0123240196357605,0.853730023799216,0.000126304853500767,0.000464809175786018,0.000482239652358874,0.00664035006378636,0.0840080695666905,0.084503175950768,0.0710255685663093,0.0728476209552667,-0.013269191986301,-0.01137884728522,0.842690850584245,0.864913809175558,84.2552925478257,71.9312729120652,-12.3240196357605,84.0080695666905,84.503175950768,71.0255685663093,72.8476209552667,-13.269191986301,-11.37884728522,-13.844792837307,-10.803246434214,broad,combined,-0.013844792837307,-0.010803246434214,TRUE,FALSE
22,1121260,0.0832258975376137,0.0718195814474384,-0.0114063160901753,0.862947514804268,0.00012149056826511,0.00045675854678521,0.00047330468952965,0.00653324417794694,0.0829880899040638,0.0834643245997375,0.0709294828083165,0.0727199757035782,-0.0123339762353674,-0.0104786559449833,0.851967984119275,0.874068541527035,83.2258975376137,71.8195814474384,-11.4063160901753,82.9880899040638,83.4643245997375,70.9294828083165,72.7199757035782,-12.3339762353674,-10.4786559449833,-12.8989123221155,-9.91371985823518,broad,combined,-0.0128989123221155,-0.00991371985823518,TRUE,FALSE
23,1242664,0.082504059883345,0.0721037798886032,-0.0104002799947418,0.873942203457053,0.000109910883059721,0.000424492714565266,0.000439009407503434,0.00604242035507457,0.0822888942995328,0.082719737361564,0.0712762037155444,0.0729402102503983,-0.0112607226223228,-0.00953983736716079,0.863653216486083,0.884353766539439,82.504059883345,72.1037798886032,-10.4002799947418,82.2888942995328,82.719737361564,71.2762037155444,72.9402102503983,-11.2607226223228,-9.53983736716079,-11.7847238887524,-9.0158361007312,broad,combined,-0.0117847238887524,-0.0090158361007312,TRUE,FALSE
24,1360984,0.0820436236239523,0.0727784770241962,-0.00926514659975608,0.887070485303977,9.51253862193686e-05,0.000378016672697074,0.000390307763169064,0.00532811529748499,0.0818573740978568,0.0822302589686328,0.0720410443481229,0.073522860192695,-0.0100301357584538,-0.00850015744105833,0.877855085995308,0.896382624479822,82.0436236239523,72.7784770241962,-9.26514659975608,81.8573740978568,82.2302589686328,72.0410443481229,73.522860192695,-10.0301357584538,-8.50015744105833,-10.4960067824052,-8.034286417107,broad,combined,-0.0104960067824052,-0.008034286417107,TRUE,FALSE
25,1485728,0.0818328407220223,0.0739085903811004,-0.00792425034092197,0.903165400699704,8.4685482372737e-05,0.000348257376089127,0.000358974778885662,0.00483128959713152,0.0816670134780202,0.081998974617223,0.0732289121564608,0.0745940693199784,-0.00862782797889609,-0.00722067270294784,0.89465355238655,0.911758231826276,81.8328407220223,73.9085903811004,-7.92425034092197,81.6670134780202,81.9989746172231,73.2289121564608,74.5940693199784,-8.62782797889609,-7.22067270294784,-9.05629997866958,-6.79220070317435,broad,combined,-0.00905629997866958,-0.00679220070317435,TRUE,FALSE
26,1599762,0.0816156338604794,0.0752731457542451,-0.00634248810623434,0.922288318962556,8.36426465973302e-05,0.000355822300050434,0.000366177321058189,0.0048449724696789,0.0814518472268087,0.0817797205204564,0.074578707761682,0.0759735191371615,-0.00706018246746375,-0.00562479374500492,0.913571746987801,0.9310880575055,81.6156338604794,75.2731457542451,-6.34248810623434,81.4518472268087,81.7797205204564,74.578707761682,75.9735191371615,-7.06018246746375,-5.62479374500492,-7.49725141562925,-5.18772479683942,broad,combined,-0.00749725141562925,-0.00518772479683942,TRUE,FALSE
27,1705131,0.0813205527786965,0.0769112382235635,-0.00440931455513303,0.945778595884211,8.77636514043565e-05,0.000384789818849306,0.000395274809453968,0.00512555482423521,0.0811487049212149,0.0814927322807433,0.0761604454459628,0.0776688101028765,-0.00518403894565874,-0.00363459016460733,0.936324960642112,0.955327680060225,81.3205527786965,76.9112382235635,-4.40931455513303,81.1487049212149,81.4927322807433,76.1604454459628,77.6688101028765,-5.18403894565874,-3.63459016460733,-5.65583863195584,-3.16279047831023,broad,combined,-0.00565583863195584,-0.00316279047831023,TRUE,FALSE
28,1801255,0.0808326253866612,0.078704142568192,-0.00212848281846914,0.973668023173965,8.83313159933685e-05,0.00039937757652498,0.000409524117159288,0.00519687631430909,0.0806596681971811,0.0810059207669401,0.0779249283502151,0.0794904768610083,-0.00293113533890191,-0.00132583029803638,0.96380087927421,0.983636184338627,80.8326253866612,78.704142568192,-2.12848281846914,80.6596681971811,81.0059207669401,77.9249283502151,79.4904768610083,-2.93113533890191,-1.32583029803638,-3.41994298711443,-0.837022649823851,broad,combined,-0.00341994298711443,-0.000837022649823851,TRUE,FALSE
29,1867931,0.0804361853416253,0.0808467063955297,0.000410521053904378,1.00510368625962,8.37721051852318e-05,0.000392851845934493,0.000402100754597678,0.00497475020050529,0.0802721478759543,0.0806005286440974,0.0800800673726191,0.0816200335806576,-0.000377581943263449,0.00119862405107221,0.995351214580602,1.0149517128568,80.4361853416253,80.8467063955297,0.410521053904378,80.2721478759543,80.6005286440974,80.0800673726191,81.6200335806576,-0.377581943263449,1.19862405107221,-0.857529072049818,1.67857117985857,broad,combined,-0.000857529072049818,0.00167857117985857,FALSE,FALSE
30,1891101,0.0801312696100124,0.0832447761614353,0.00311350655142291,1.03885507575976,7.69784100542058e-05,0.000378103676952842,0.000386245314847537,0.00464734815313949,0.0799805243040526,0.0802822742441574,0.0825066993445428,0.083988851150611,0.0023564796451244,0.00387053345772142,1.02943548896817,1.04836085407698,80.1312696100124,83.2447761614353,3.11350655142291,79.9805243040526,80.2822742441574,82.5066993445428,83.988851150611,2.3564796451244,3.87053345772142,1.89545755613643,4.33155554670939,broad,combined,0.00189545755613643,0.00433155554670939,FALSE,TRUE
31,1886171,0.0796832914140297,0.085549379904874,0.0058660884908443,1.07361754750271,7.23016306521951e-05,0.000374881802101465,0.000382198913051852,0.0044801193764232,0.0795416978696631,0.079825115152641,0.0848174794393921,0.0862870005643829,0.00511699238633232,0.00661518459535629,1.06423151764534,1.08308635780307,79.6832914140297,85.549379904874,5.8660884908443,79.5416978696631,79.825115152641,84.817479439392,86.2870005643829,5.11699238633232,6.61518459535629,4.6608000791877,7.07137690250091,broad,combined,0.0046608000791877,0.00707137690250091,FALSE,TRUE
32,1798093,0.0794612886862367,0.0880465272346933,0.00858523854845657,1.10804303190144,7.37045338400032e-05,0.000400320706402287,0.000407543652171739,0.00464654315161747,0.079316950377321,0.0796058669463498,0.0872650650590086,0.0888343063346162,0.00778646766807204,0.00938400942884109,1.09799783113371,1.11818013272179,79.4612886862367,88.0465272346933,8.58523854845657,79.316950377321,79.6058669463498,87.2650650590086,88.8343063346162,7.78646766807204,9.38400942884109,7.30002390123394,9.87045319567919,broad,combined,0.00730002390123394,0.00987045319567919,FALSE,TRUE
33,1665495,0.0796294787348452,0.0907810565127398,0.0111515777778946,1.14004333514511,8.10253557447887e-05,0.000450972150483069,0.000458742870745907,0.00507769988482731,0.0794708165412324,0.0797884302386754,0.0899010321711906,0.0916688275711822,0.0102524582730681,0.0120506972827211,1.12875377039417,1.15144581581768,79.6294787348452,90.7810565127398,11.1515777778946,79.4708165412324,79.7884302386754,89.9010321711906,91.6688275711822,10.2524582730681,12.0506972827211,9.70490316120064,12.5982523945885,broad,combined,0.00970490316120064,0.0125982523945885,FALSE,TRUE
34,1508275,0.0802598563923117,0.0938357550207634,0.0135758986284517,1.16914930126578,9.05735069913983e-05,0.000509674441190267,0.000518197977273405,0.00555422218988676,0.0800825146760712,0.0804375564900295,0.0928415668115501,0.0948394764189381,0.0125602492561343,0.0145915480007691,1.1564908790333,1.18194627682049,80.2598563923117,93.8357550207634,13.5758986284517,80.0825146760712,80.4375564900295,92.8415668115501,94.8394764189381,12.5602492561343,14.5915480007691,11.941728578191,15.2100686787124,broad,combined,0.011941728578191,0.0152100686787124,FALSE,TRUE
35,1321363,0.0818674217094326,0.0976425040447197,0.0157750823352872,1.19269059664877,9.88904924162042e-05,0.000558528345696658,0.000567738254658975,0.00585263177963467,0.0816738087670233,0.0820614526099701,0.0965532677659969,0.0987426851996279,0.01466233580351,0.0168878288670644,1.17908747493587,1.2064506574559,81.8674217094326,97.6425040447197,15.7750823352872,81.6738087670233,82.0614526099701,96.5532677659969,98.7426851996279,14.66233580351,16.8878288670644,13.9846838913707,17.5654807792037,broad,combined,0.0139846838913707,0.0175654807792037,FALSE,TRUE
36,1103345,0.0840886179441478,0.101749236228274,0.0176606182841261,1.2100238857042,0.000103741520930579,0.000587219095290462,0.000596871097387553,0.00590822749954744,0.0838855114327028,0.0842921709762482,0.100604066179917,0.102905950210385,0.0164907724298336,0.0188304641384186,1.19609273070085,1.22411729993274,84.0886179441478,101.749236228274,17.6606182841261,83.8855114327028,84.2921709762482,100.604066179917,102.905950210385,16.4907724298336,18.8304641384186,15.7783475806603,19.5428889875919,broad,combined,0.0157783475806603,0.0195428889875919,FALSE,TRUE
37,882785,0.0869040735620196,0.106160739793193,0.0192566662311729,1.22158531173375,0.000108008130938441,0.000615767946790448,0.000625761789175613,0.00593876844114265,0.0866926146777394,0.0871159990341918,0.104959888183747,0.107373682206243,0.0180301956614874,0.0204831368008585,1.2074487695843,1.23588736138048,86.9040735620196,106.160739793193,19.2566662311729,86.6926146777394,87.1159990341918,104.959888183747,107.373682206243,18.0301956614874,20.4831368008585,17.2832869064427,21.2300455559031,broad,combined,0.0172832869064427,0.0212300455559031,FALSE,TRUE
38,688250,0.0903018672725948,0.110947811018017,0.0206459437454223,1.228632522992,0.000118084203976337,0.000686844651816834,0.000697468851148515,0.00633331969993631,0.0900706934770486,0.0905335753614616,0.109608751004296,0.112301166679899,0.0192789299168327,0.0220129575740119,1.21347567719625,1.24397868446898,90.3018672725948,110.947811018017,20.6459437454223,90.0706934770486,90.5335753614616,109.608751004296,112.301166679899,19.2789299168327,22.0129575740119,18.4464316718055,22.8454558190391,broad,combined,0.0184464316718055,0.0228454558190391,FALSE,TRUE
39,526483,0.0939019878308358,0.115650771475102,0.0217487836442666,1.23161153609918,0.000140839893192242,0.000839668894790248,0.000851831189554781,0.0074182595914237,0.0936263101631168,0.094178392873678,0.114015201278482,0.117306697737999,0.0200792251918314,0.0234183420967019,1.21383404481889,1.24964939179878,93.9019878308358,115.650771475102,21.7487836442666,93.6263101631168,94.178392873678,114.015201278482,117.306697737999,20.0792251918314,23.4183420967019,19.062480187096,24.4350871014372,broad,combined,0.019062480187096,0.0244350871014372,FALSE,TRUE
40,375841,0.098434196571981,0.121189997421709,0.0227558008497284,1.23117779838928,0.000181252148934395,0.00109809375735641,0.00111323107940013,0.00924894910717551,0.0980795194965163,0.0987900157517262,0.119054195526267,0.123358749709025,0.0205739080276335,0.0249376936718234,1.20906056287185,1.25369962249554,98.434196571981,121.189997421709,22.7558008497285,98.0795194965163,98.7900157517262,119.054195526267,123.358749709025,20.5739080276335,24.9376936718234,19.2451563301431,26.2664453693138,broad,combined,0.0192451563301431,0.0262664453693138,FALSE,TRUE
41,255445,0.10295573254305,0.126429022878975,0.0234732903359243,1.22799401020345,0.000238223555203416,0.00144951129002572,0.00146908956209559,0.0116974603227842,0.102489759284468,0.103423580234983,0.123615227093907,0.129297418299215,0.0205939277041533,0.0263526529676954,1.20016056389067,1.25647295409127,102.95573254305,126.429022878975,23.4732903359243,102.489759284468,103.423580234983,123.615227093907,129.297418299215,20.5939277041533,26.3526529676954,18.8404236154497,28.1061570563989,broad,combined,0.0188404236154497,0.0281061570563989,FALSE,TRUE
42,163280,0.108112344584314,0.132171128664035,0.0240587840797218,1.22253503216702,0.000311330358867352,0.00188842585620369,0.00191388330975788,0.0145747348937518,0.107503659842362,0.108724055856655,0.128513611333384,0.13591650514293,0.0203076417219841,0.0278099264374596,1.18810623774047,1.25796149990595,108.112344584314,132.171128664035,24.0587840797218,107.503659842362,108.724055856655,128.513611333384,135.91650514293,20.3076417219841,27.8099264374596,18.0232321832118,30.0943359762318,broad,combined,0.0180232321832118,0.0300943359762318,FALSE,TRUE
43,96885,0.112787510764878,0.137247412514951,0.0244599017500729,1.21686711218464,0.000396366858324029,0.0023903765231369,0.00242287882140302,0.0177663573429967,0.112012978224837,0.113566713995597,0.132629246363369,0.142000057842121,0.0197111465212181,0.0292086569789276,1.17522332641324,1.25998653654693,112.787510764878,137.247412514951,24.4599017500729,112.012978224837,113.566713995597,132.629246363369,142.000057842121,19.7111465212181,29.2086569789277,16.8192003598806,32.1006031402652,broad,combined,0.0168192003598806,0.0321006031402652,FALSE,TRUE
44,53779,0.118263869028568,0.143273338689751,0.0250094696611833,1.21147176958283,0.000494791531429039,0.00296441787595292,0.00300511015794446,0.0211067409397382,0.117297533019572,0.119237090648093,0.13756071386728,0.149182161510159,0.0191195619820367,0.0308993773403299,1.16237753523256,1.26263955041295,118.263869028568,143.273338689751,25.0094696611833,117.297533019572,119.237090648093,137.56071386728,149.182161510159,19.1195619820367,30.8993773403299,15.5326649779878,34.4862743443788,broad,combined,0.0155326649779878,0.0344862743443788,FALSE,TRUE
45,28641,0.12376211699689,0.149492734146589,0.0257306171496989,1.20790382205845,0.000603837992030456,0.0035956172054045,0.00364587774919838,0.0245412656942434,0.122583467539074,0.124950485386057,0.142581492454524,0.156677763279245,0.0185848280692342,0.0328764062301637,1.15117882427936,1.26742397668475,123.76211699689,149.492734146589,25.7306171496989,122.583467539074,124.950485386057,142.581492454524,156.677763279245,18.5848280692342,32.8764062301637,14.2331113971661,37.2281229022318,broad,combined,0.0142331113971661,0.0372281229022318,FALSE,TRUE
15,40557,0.0803059497189621,0.0689544473531173,-0.0113515023658448,0.858646807545762,0.000505918949054538,0.00180110664921957,0.00187033133309696,0.0268631814499971,0.0793199374928924,0.0813031365074249,0.0655069235686712,0.0725693189738496,-0.0150172844178717,-0.007685720313818,0.814607825951938,0.905066605819753,80.3059497189621,68.9544473531173,-11.3515023658448,79.3199374928924,81.3031365074249,65.5069235686712,72.5693189738497,-15.0172844178717,-7.685720313818,-17.24971035325,-5.45329437843964,prepregnancy,original,-0.01724971035325,-0.00545329437843964,TRUE,FALSE
16,99756,0.0796683148113168,0.0688053025055627,-0.0108630123057541,0.863647017870509,0.000394490374710918,0.00140793963509777,0.00146146142864857,0.0210443816632347,0.0788985469970693,0.0804449369018711,0.0660965160267236,0.0716165882534214,-0.0137274240706998,-0.00799860054080847,0.828749477522089,0.900014047317144,79.6683148113168,68.8053025055627,-10.8630123057541,78.8985469970693,80.4449369018711,66.0965160267236,71.6165882534214,-13.7274240706998,-7.99860054080847,-15.4718232256174,-6.25420138589089,prepregnancy,original,-0.0154718232256174,-0.00625420138589089,TRUE,FALSE
17,199402,0.08104331022766,0.0704407037040953,-0.0106026065235647,0.869173575292264,0.000298461295543883,0.00106600431660637,0.00110658289068126,0.0155698469641396,0.0804602585044309,0.0816302119388279,0.0683797965010287,0.0725588871253982,-0.0127714691352082,-0.00843374391192118,0.843050201673815,0.89610642697958,81.04331022766,70.4407037040953,-10.6026065235647,80.4602585044309,81.6302119388279,68.3797965010287,72.5588871253982,-12.7714691352082,-8.43374391192118,-14.0922855601313,-7.11292748699807,prepregnancy,original,-0.0140922855601313,-0.00711292748699807,TRUE,FALSE
18,378795,0.0833673370403195,0.0729531370398863,-0.0104142000004332,0.875080572678044,0.000216367619873057,0.000768673356799002,0.000798560530030438,0.0108516632957276,0.0829442436086224,0.0837923914506524,0.0714608231133714,0.0744741153820875,-0.0119793498787681,-0.00884905012209833,0.856665130429739,0.89389188549602,83.3673370403195,72.9531370398863,-10.4142000004332,82.9442436086224,83.7923914506524,71.4608231133714,74.4741153820875,-11.9793498787681,-8.84905012209833,-12.9325110682657,-7.89588893260067,prepregnancy,original,-0.0129325110682657,-0.00789588893260067,TRUE,FALSE
19,653855,0.0859267660813483,0.0757298868988595,-0.0101968791824888,0.881330583617738,0.000160533640067061,0.00054097720924433,0.000563673044013937,0.00737648623982473,0.0856126473940413,0.0862419285896239,0.0746763819954361,0.0767970207293259,-0.0113016580478122,-0.0090921003171654,0.868680283965824,0.894165105341036,85.9267660813483,75.7298868988595,-10.1968791824888,85.6126473940413,86.2419285896239,74.6763819954361,76.7970207293259,-11.3016580478122,-9.0921003171654,-11.974457727881,-8.41930063709655,prepregnancy,original,-0.011974457727881,-0.00841930063709655,TRUE,FALSE
20,858662,0.0856283280183659,0.0760034462855403,-0.00962488173282559,0.887596990907481,0.000132198698909769,0.000413743582070592,0.000434154377499096,0.00565612552848364,0.0853695783831899,0.0858877882620358,0.0751964835911446,0.0768183494857267,-0.0104758086764542,-0.00877395478919696,0.877811605756596,0.897491458419459,85.6283280183659,76.0034462855403,-9.62488173282559,85.3695783831899,85.8877882620358,75.1964835911446,76.8183494857266,-10.4758086764542,-8.77395478919696,-10.9940149830781,-8.25574848257311,prepregnancy,original,-0.0109940149830781,-0.00825574848257311,TRUE,FALSE
21,1000721,0.0843658139544737,0.075447657752547,-0.00891815620192674,0.894291825279618,0.000126279359742613,0.000387803881442921,0.000408248683735017,0.0053583639072378,0.0841186403275477,0.0846136467761023,0.0746910835789609,0.0762112643519097,-0.00971830891878325,-0.00811800348507022,0.884948939728093,0.903733348737253,84.3658139544737,75.447657752547,-8.91815620192674,84.1186403275477,84.6136467761023,74.6910835789609,76.2112643519097,-9.71830891878325,-8.11800348507022,-10.2055942107133,-7.63071819314014,prepregnancy,original,-0.0102055942107133,-0.00763071819314014,TRUE,FALSE
22,1152710,0.0833316004555613,0.075141081205735,-0.00819051924982632,0.901711725143283,0.00012159727926409,0.000379979201245115,0.000399599061248842,0.00527092040673717,0.0830935837803277,0.0835702367751589,0.0743997181934621,0.0758892259141892,-0.00897371901813007,-0.00740731948152258,0.892444261527707,0.911075425449002,83.3316004555613,75.1410812057349,-8.19051924982632,83.0935837803277,83.5702367751589,74.3997181934621,75.8892259141892,-8.97371901813007,-7.40731948152258,-9.45068012780021,-6.93035837185243,prepregnancy,original,-0.00945068012780021,-0.00693035837185243,TRUE,FALSE
23,1275619,0.0825806282049,0.0751722065712264,-0.00740842163367353,0.910288625859183,0.000109997739616735,0.000350645295501585,0.000368167004481853,0.00485923331239493,0.0823652925267618,0.0827964760602333,0.0744878341039274,0.0758623514535334,-0.00813001570275396,-0.0066868275645931,0.901660260888127,0.918999559271261,82.5806282049,75.1722065712264,-7.40842163367353,82.3652925267618,82.7964760602333,74.4878341039274,75.8623514535334,-8.13001570275396,-6.6868275645931,-8.56945953541162,-6.24738373193543,prepregnancy,original,-0.00856945953541162,-0.00624738373193543,TRUE,FALSE
24,1394616,0.0821137269910469,0.0755800244616597,-0.00653370252938716,0.920431056185045,9.51743857257782e-05,0.000310107689147208,0.000325109794801219,0.0042725040816796,0.0819273814440478,0.0823004583892234,0.0749744642017566,0.0761900729107607,-0.00717090601821876,-0.00589649904055557,0.912755590596942,0.92817106563637,82.1137269910469,75.5800244616597,-6.53370252938716,81.9273814440478,82.3004583892234,74.9744642017566,76.1900729107607,-7.17090601821876,-5.89649904055557,-7.55895680094184,-5.50844825783248,prepregnancy,original,-0.00755895680094184,-0.00550844825783248,TRUE,FALSE
25,1520035,0.0819193729818652,0.0764023074473113,-0.00551706553455392,0.932652493131567,8.47355857600963e-05,0.000285935671248057,0.00029897742168161,0.00389202434700526,0.0817534475391463,0.0820856050798791,0.0758437658065839,0.0769646198357423,-0.00610305051324052,-0.00493108055586732,0.925565074281416,0.939794183158702,81.9193729818653,76.4023074473113,-5.51706553455392,81.7534475391464,82.0856050798791,75.8437658065839,76.9646198357423,-6.10305051324052,-4.93108055586732,-6.45990971697818,-4.57422135212965,prepregnancy,original,-0.00645990971697818,-0.00457422135212965,TRUE,FALSE
26,1633763,0.0817293533451481,0.0774291693725542,-0.00430018397259394,0.947385072846056,8.37173550330595e-05,0.000295230927545724,0.000307620046179692,0.0039573084962435,0.0815654203224832,0.0818935864676888,0.076852504456654,0.0780097956585095,-0.00490310818402868,-0.00369725976115919,0.940065404709872,0.954761734401374,81.7293533451482,77.4291693725542,-4.30018397259394,81.5654203224832,81.8935864676888,76.852504456654,78.0097956585095,-4.90310818402868,-3.69725976115919,-5.27028321723347,-3.3300847279544,prepregnancy,original,-0.00527028321723347,-0.0033300847279544,TRUE,FALSE
27,1738576,0.0814591400434493,0.0786232308155191,-0.0028359092279302,0.965186113842872,8.78778528582452e-05,0.00032097565252485,0.000333456955941862,0.00423081664275202,0.0812870684743445,0.0816315434952681,0.0779964277208196,0.0792546380994003,-0.00348947285197061,-0.00218234560388979,0.957215643216466,0.97322295237964,81.4591400434493,78.6232308155191,-2.8359092279302,81.2870684743445,81.6315434952681,77.9964277208196,79.2546380994003,-3.48947285197061,-2.18234560388979,-3.88748679934126,-1.78433165651914,prepregnancy,original,-0.00388748679934126,-0.00178433165651914,TRUE,FALSE
28,1833198,0.0809852833430123,0.0798857394577792,-0.00109954388523309,0.986422917351835,8.84669810338951e-05,0.000331903238582404,0.000344096305466796,0.00430341188043896,0.0808120604215017,0.0811588447884086,0.0792376349830461,0.0805386812645049,-0.0017739602511613,-0.000425127519304877,0.978137890677413,0.994778119885562,80.9852833430123,79.8857394577792,-1.09954388523309,80.8120604215017,81.1588447884087,79.2376349830461,80.5386812645049,-1.7739602511613,-0.425127519304877,-2.184673317343,-0.0144144531231817,prepregnancy,original,-0.002184673317343,-1.44144531231817e-05,TRUE,FALSE
29,1898168,0.080627056715401,0.0814802852922328,0.00085322857683183,1.01058241006916,8.39293763088825e-05,0.000324038060699986,0.000335331046686108,0.00411830650238209,0.080462711177475,0.0807917084370304,0.0808474337707975,0.0821176480272526,0.000195991802428939,0.00151046535123472,1.00245809203554,1.01877257079888,80.627056715401,81.4802852922328,0.85322857683183,80.4627111774751,80.7917084370304,80.8474337707975,82.1176480272526,0.195991802428939,1.51046535123472,-0.204259058107134,1.91071621177079,prepregnancy,original,-0.000204259058107134,0.00191071621177079,FALSE,FALSE
30,1919128,0.0803256266277392,0.083285283999988,0.00295965737224878,1.03684574271627,7.71140463020074e-05,0.000309814734668538,0.000319880314545717,0.00384941527779818,0.0801746155894998,0.0804768972138205,0.082680067313621,0.083894525695492,0.00233270347637583,0.00358661126812173,1.02905247274066,1.04469803306112,80.3256266277392,83.285283999988,2.95965737224878,80.1746155894998,80.4768972138205,82.680067313621,83.894525695492,2.33270347637583,3.58661126812173,1.9508945969692,3.96842014752835,prepregnancy,original,0.0019508945969692,0.00396842014752835,FALSE,TRUE
31,1911762,0.0798877101803412,0.0850265029513652,0.00513879277102401,1.06432519794877,7.24375272783651e-05,0.000307054690176772,0.000316105174970432,0.00373113293295278,0.0797458503905239,0.0800298003783999,0.0844266155198731,0.0856302541889353,0.00451923801275523,0.00575834752929279,1.05657029883529,1.07213701562254,79.8877101803412,85.0265029513652,5.13879277102401,79.7458503905239,80.0298003783999,84.4266155198731,85.6302541889353,4.51923801275523,5.75834752929279,4.1419351368296,6.13565040521842,prepregnancy,original,0.0041419351368296,0.00613565040521842,FALSE,TRUE
32,1821134,0.0796729899540831,0.0870029978524734,0.00733000789839028,1.09200116504495,7.38690475966136e-05,0.000329560787742435,0.000338375469217992,0.00390770563036459,0.0795283293872327,0.0798178908383291,0.0863592361073539,0.0876510981084102,0.00666680416547117,0.00799321163130938,1.08366951591375,1.10039687095382,79.6729899540831,87.0029978524734,7.33000789839028,79.5283293872328,79.8178908383291,86.3592361073539,87.6510981084102,6.66680416547117,7.99321163130938,6.26291948471397,8.39709631206659,prepregnancy,original,0.00626291948471397,0.00839709631206659,FALSE,TRUE
33,1685860,0.079837527576074,0.0893189036227491,0.00948137604667512,1.11875838762217,8.12215128241549e-05,0.000373664040925694,0.000383040874732905,0.00431351461986217,0.0796784812050831,0.0799968638242332,0.0885892385269384,0.0900539847835563,0.00873062972759191,0.0102321223657583,1.1093399009413,1.12825683887592,79.837527576074,89.3189036227491,9.48137604667512,79.6784812050831,79.9968638242332,88.5892385269384,90.0539847835563,8.73062972759191,10.2321223657583,8.27343245567976,10.6893196376705,prepregnancy,original,0.00827343245567976,0.0106893196376705,FALSE,TRUE
34,1526013,0.0804753794328758,0.0920129415721773,0.0115375621393014,1.14336760162684,9.07934223383434e-05,0.000423520424771647,0.000433780218599106,0.00474695106242181,0.0802976070292851,0.0806535108956447,0.0911862148086006,0.0928463979892194,0.0106873685336413,0.0123877557449616,1.13277921019888,1.15405496559246,80.4753794328758,92.0129415721773,11.5375621393014,80.2976070292851,80.6535108956447,91.1862148086006,92.8463979892194,10.6873685336413,12.3877557449616,10.1696088227716,12.9055154558313,prepregnancy,original,0.0101696088227716,0.0129055154558313,FALSE,TRUE
35,1336272,0.0820697311047011,0.095565613497788,0.0134958823930869,1.16444409176715,9.90983466569413e-05,0.000464895380900452,0.000475983107515868,0.00502006592341535,0.081875711082393,0.0822641696989805,0.0946583120342328,0.0964806846898938,0.0125629726451063,0.0144287921410675,1.15304313337004,1.17595777955713,82.0697311047011,95.565613497788,13.4958823930869,81.875711082393,82.2641696989805,94.6583120342328,96.4806846898938,12.5629726451063,14.4287921410675,11.9948396008607,14.9969251853131,prepregnancy,original,0.0119948396008607,0.0149969251853131,FALSE,TRUE
36,1115942,0.0842917199252217,0.0995477261676856,0.0152560062424639,1.18099056770936,0.000103942578111763,0.00049002751463072,0.000501622775984566,0.0050827891800237,0.0840882196155696,0.0844956672886664,0.09859140232708,0.100512291873654,0.0142728436677091,0.0162391688172186,1.16928384925711,1.19281449231048,84.2917199252217,99.5477261676856,15.2560062424639,84.0882196155696,84.4956672886664,98.59140232708,100.512291873654,14.2728436677091,16.2391688172186,13.6741071363427,16.8379053485851,prepregnancy,original,0.0136741071363427,0.0168379053485851,FALSE,TRUE
37,892411,0.0871109154462418,0.103928578773812,0.01681766332757,1.19306034429116,0.000108201256725913,0.000517358002118605,0.000529269841316321,0.00513881170655991,0.0868990782575405,0.0873232196529319,0.102918939825992,0.104946963609543,0.0157803135004868,0.0178550131546532,1.18110428775925,1.20513742932944,87.1109154462418,103.928578773812,16.81766332757,86.8990782575405,87.3232196529319,102.918939825992,104.946963609543,15.7803135004868,17.8550131546532,15.1485774547607,18.4867492003792,prepregnancy,original,0.0151485774547607,0.0184867492003792,FALSE,TRUE
38,695545,0.0905087068851146,0.108708951927371,0.0182002450422568,1.20108833358275,0.000118288489927743,0.00058321576120322,0.000595729507814536,0.00552882018806941,0.0902771329348773,0.0907408156052124,0.107571135718528,0.109857321694704,0.0170326366624126,0.0193678534221011,1.18814325890582,1.21417444761426,90.5087068851146,108.708951927371,18.2002450422568,90.2771329348773,90.7408156052124,107.571135718528,109.857321694704,17.0326366624126,19.3678534221011,16.3215744136113,20.0789156709024,prepregnancy,original,0.0163215744136113,0.0200789156709024,FALSE,TRUE
39,531877,0.0941072438965404,0.113470094638247,0.0193628507417067,1.20575303175379,0.000141063446470349,0.000720898425430952,0.000735023710436773,0.00653241752928704,0.0938311283308878,0.0943840873536277,0.112064812255885,0.114890718991191,0.0179222307414676,0.0208034707419458,1.19041381608991,1.22128990266495,94.1072438965405,113.470094638247,19.3628507417067,93.8311283308878,94.3840873536277,112.064812255885,114.890718991191,17.9222307414676,20.8034707419458,17.0449070473925,21.6807944360209,prepregnancy,original,0.0170449070473925,0.0216807944360209,FALSE,TRUE
40,379580,0.0986665622094465,0.119101679577377,0.0204351173679308,1.20711289529427,0.000181562142536566,0.000948233717530373,0.000965747222930294,0.00817433279331731,0.0983112779803697,0.0990229893868671,0.117255679397426,0.120972759288519,0.0185422875928178,0.0223279471430437,1.18792735925994,1.22660828595907,98.6665622094465,119.101679577377,20.4351173679308,98.3112779803697,99.0229893868671,117.255679397426,120.972759288519,18.5422875928178,22.3279471430437,17.3895725046739,23.4806622311877,prepregnancy,original,0.0173895725046739,0.0234806622311877,FALSE,TRUE
41,257793,0.103203852764747,0.12448039237342,0.0212765396086734,1.20616032288226,0.000238613143145077,0.00125464163599559,0.00127727887375497,0.0103422430985812,0.102737116410108,0.103672464513725,0.122042102851248,0.126960352105712,0.0187731190178998,0.0237799601994471,1.18195707551138,1.23085918654533,103.203852764747,124.48039237342,21.2765396086734,102.737116410108,103.672464513725,122.042102851248,126.960352105712,18.7731190178998,23.7799601994471,17.2485600084755,25.3045192088713,prepregnancy,original,0.0172485600084755,0.0253045192088713,FALSE,TRUE
42,164709,0.108339419388764,0.130349942915955,0.0220105235271904,1.20316264985885,0.000311673965588574,0.00163549578331204,0.00166497100548331,0.0128729331527618,0.107730060866652,0.108951803784552,0.127177799261757,0.133589098173577,0.0187472403211397,0.0252738067332412,1.17318602482816,1.23390522166116,108.339419388764,130.349942915955,22.0105235271904,107.730060866652,108.951803784552,127.177799261757,133.589098173577,18.7472403211397,25.2738067332412,16.7599323032928,27.2611147510881,prepregnancy,original,0.0167599323032928,0.0272611147510881,FALSE,TRUE
43,97685,0.113034261201232,0.135539448238229,0.0225051870369971,1.19910058063662,0.000396690756189707,0.00207008535913567,0.00210768560497611,0.0156703803553567,0.112259091719707,0.113814097120404,0.131533117637524,0.139648184672814,0.0183741991605104,0.0266361749134838,1.16283196442414,1.23650041147186,113.034261201232,135.539448238229,22.5051870369971,112.259091719707,113.814097120404,131.533117637524,139.648184672814,18.3741991605104,26.6361749134838,15.8584673621337,29.1519067118605,prepregnancy,original,0.0158584673621337,0.0291519067118605,FALSE,TRUE
44,54186,0.118538959885546,0.141520976062542,0.0229820161769956,1.1938773226894,0.000495070147378958,0.00256428342531577,0.00261144883269186,0.0185929829974221,0.117572072303128,0.119512722026571,0.136569211385792,0.146621794558493,0.0178636705174504,0.0281003618365408,1.15115373563423,1.2381865406072,118.538959885546,141.520976062542,22.9820161769956,117.572072303128,119.512722026571,136.569211385792,146.621794558493,17.8636705174504,28.1003618365408,14.7466473462877,31.2173850077035,prepregnancy,original,0.0147466473462877,0.0312173850077035,FALSE,TRUE
45,28835,0.123817796645238,0.147174674350611,0.0233568777053731,1.1886390998565,0.00060289906181817,0.00309990968302857,0.00315768723086796,0.0216158366461399,0.122640969819282,0.125004307026659,0.14120213451174,0.153354728429989,0.0171679244584298,0.0295458309523163,1.13933274291394,1.24007926437202,123.817796645238,147.174674350611,23.3568777053731,122.640969819282,125.004307026659,141.20213451174,153.354728429989,17.1679244584298,29.5458309523163,13.3989115860794,33.3148438246667,prepregnancy,original,0.0133989115860794,0.0333148438246667,FALSE,TRUE
15,40557,0.0804562909872394,0.0674969550994709,-0.0129593358877686,0.838927003361068,0.000507850955619996,0.00177465806146229,0.00184682369813487,0.0270511839523669,0.0794665231270202,0.0814572956898277,0.0641007270015011,0.0710594621612519,-0.016579043821908,-0.00933962795362916,0.795606209745293,0.884606616121934,80.4562909872394,67.4969550994709,-12.9593358877686,79.4665231270202,81.4572956898277,64.1007270015011,71.0594621612519,-16.579043821908,-9.33962795362916,-18.7834110635992,-7.13526071193792,prepregnancy,combined,-0.0187834110635992,-0.00713526071193792,TRUE,FALSE
16,99756,0.0798916274010633,0.068033757742414,-0.0118578696586493,0.851575564994793,0.000396297458902899,0.00140060300794467,0.00145668533446847,0.0211899246980888,0.0791183385206261,0.0806718121713498,0.0653394363728336,0.0708307619046419,-0.0147129204510152,-0.00900281886628341,0.8169327272723,0.887687466405645,79.8916274010633,68.033757742414,-11.8578696586493,79.1183385206261,80.6718121713498,65.3394363728336,70.8307619046419,-14.7129204510152,-9.00281886628341,-16.4516188638617,-7.26412045343693,prepregnancy,combined,-0.0164516188638617,-0.00726412045343693,TRUE,FALSE
17,199402,0.0811596960389448,0.0699332352273651,-0.0112264608115797,0.861674434978261,0.000298972892333533,0.00106672149361262,0.00110851757598243,0.0157005410433232,0.0805756451429697,0.081747604009673,0.067871183106911,0.0720530935731968,-0.0133991153367349,-0.00905380628642446,0.83556238966932,0.88860250422347,81.1596960389448,69.9332352273651,-11.2264608115797,80.5756451429697,81.747604009673,67.871183106911,72.0530935731968,-13.3991153367349,-9.05380628642446,-14.7222410004365,-7.7306806227228,prepregnancy,combined,-0.0147222410004365,-0.0077306806227228,TRUE,FALSE
18,378795,0.0834339810412113,0.0726439609190744,-0.0107900201221369,0.870675952561736,0.000216567042453996,0.000774141792921298,0.0008045288221139,0.0109762632382575,0.0830104976855819,0.0838594272514049,0.0711411988858322,0.0741759318083135,-0.0123668676380045,-0.00921317260626919,0.852145073426838,0.889609807072799,83.4339810412113,72.6439609190744,-10.7900201221369,83.0104976855819,83.8594272514049,71.1411988858322,74.1759318083135,-12.3668676380045,-9.21317260626919,-13.3271525760067,-8.25288766826705,prepregnancy,combined,-0.0133271525760067,-0.00825288766826705,TRUE,FALSE
19,653855,0.0859352253913727,0.0755617113777453,-0.0103735140136274,0.87928682369327,0.00016075044590239,0.000550344943265061,0.000572910446941348,0.00751470327480408,0.0856206831240501,0.0862508141862705,0.0744900999311149,0.0766474622698923,-0.0114963978559992,-0.00925063017125558,0.866431111091268,0.892333283539213,85.9352253913727,75.5617113777453,-10.3735140136274,85.6206831240501,86.2508141862705,74.490099931115,76.6474622698923,-11.4963978559992,-9.25063017125558,-12.1802232925774,-8.56680473467729,prepregnancy,combined,-0.0121802232925774,-0.00856680473467729,TRUE,FALSE
20,858662,0.0856035925466355,0.0761173446498203,-0.00948624789681515,0.889183997836923,0.000132529670536094,0.000426048643452728,0.000446366747080446,0.00580956163159968,0.0853441961130542,0.0858637033809933,0.0752864963209738,0.076956599001219,-0.0103611106449891,-0.00861138514864118,0.879116700748589,0.899366581633584,85.6035925466355,76.1173446498203,-9.48624789681515,85.3441961130542,85.8637033809933,75.2864963209738,76.956599001219,-10.3611106449891,-8.61138514864118,-10.893893625865,-8.07860216776535,prepregnancy,combined,-0.010893893625865,-0.00807860216776535,TRUE,FALSE
21,1000721,0.0843338730326624,0.0758001986969028,-0.00853367433575961,0.898810833311847,0.000126462803036333,0.000401179519459883,0.000421536334952663,0.00551165034704623,0.084086340959637,0.0845820664951221,0.0750176354830155,0.0765902494422082,-0.00935987037044184,-0.00770747830107737,0.88915356279315,0.908572993331946,84.3338730326624,75.8001986969028,-8.53367433575961,84.086340959637,84.5820664951221,75.0176354830155,76.5902494422082,-9.35987037044184,-7.70747830107737,-9.86301579189743,-7.20433287962178,prepregnancy,combined,-0.00986301579189743,-0.00720433287962178,TRUE,FALSE
22,1152710,0.0833127805848892,0.0756399033021419,-0.00767287728274724,0.907902758389763,0.000121628482101293,0.000394079908685917,0.000413334468913638,0.0054216548944007,0.0830747029896223,0.0835514782978954,0.0748711325827193,0.0764159156770819,-0.00848299795538696,-0.00686275661010752,0.898306236035604,0.917601799503783,83.3127805848892,75.639903302142,-7.67287728274724,83.0747029896223,83.5514782978954,74.8711325827193,76.4159156770819,-8.48299795538696,-6.86275661010752,-8.97635363630834,-6.36940092918613,prepregnancy,combined,-0.00897635363630834,-0.00636940092918613,TRUE,FALSE
23,1275619,0.0825746657331375,0.0757759832775037,-0.00679868245563384,0.917666243087128,0.000109994525783555,0.000365514939112822,0.000382398302316095,0.00501260506048376,0.0823593363595008,0.082790507295009,0.0750626887221983,0.0764954954426628,-0.00754816935592264,-0.00604919555534503,0.908694750275881,0.926726310948728,82.5746657331375,75.7759832775037,-6.79868245563384,82.3593363595008,82.790507295009,75.0626887221983,76.4954954426628,-7.54816935592264,-6.04919555534503,-8.00459965392848,-5.59276525733919,prepregnancy,combined,-0.00800459965392848,-0.00559276525733919,TRUE,FALSE
24,1394616,0.0821127437897554,0.0762511037605112,-0.00586164002924419,0.928614734343155,9.51929668601171e-05,0.000325530406633947,0.000339797777049592,0.00443156264655455,0.0819263619022342,0.0822995116842467,0.0756155198471283,0.0768915856681506,-0.00652763143428816,-0.00519564862420022,0.920583989211564,0.936715535947728,82.1127437897554,76.2511037605112,-5.86164002924419,81.9263619022342,82.2995116842467,75.6155198471283,76.8915856681506,-6.52763143428816,-5.19564862420022,-6.93321378049917,-4.79006627798921,prepregnancy,combined,-0.00693321378049917,-0.00479006627798921,TRUE,FALSE
25,1520035,0.0819163656092949,0.0771376263630646,-0.0047787392462303,0.94166319256615,8.47761788376482e-05,0.00030149976849391,0.00031389318535236,0.0040518840072177,0.0817503607586684,0.0820826774215682,0.0765487680627006,0.0777306332135363,-0.00539395858451349,-0.00416351990794712,0.934214546358023,0.949171228055411,81.9163656092949,77.1376263630646,-4.7787392462303,81.7503607586684,82.0826774215682,76.5487680627006,77.7306332135363,-5.39395858451349,-4.16351990794712,-5.76862123145681,-3.7888572610038,prepregnancy,combined,-0.00576862123145681,-0.0037888572610038,TRUE,FALSE
26,1633763,0.0817191835487413,0.0782135832964968,-0.00350560025224446,0.957101868863465,8.3766372589741e-05,0.00030990633318809,0.000321839198738313,0.0041027120224078,0.0815551546497294,0.081883512940525,0.0776083323954805,0.0788231510531887,-0.00413639349058478,-0.00287480701390414,0.949436512643015,0.964829111987572,81.7191835487413,78.2135832964968,-3.50560025224446,81.5551546497294,81.883512940525,77.6083323954805,78.8231510531887,-4.13639349058478,-2.87480701390414,-4.52054049254679,-2.49066001194213,prepregnancy,combined,-0.00452054049254679,-0.00249066001194213,TRUE,FALSE
27,1738576,0.0814412188581461,0.0795136426282013,-0.00192757622994484,0.976331687357206,8.79065446311011e-05,0.000335156649808971,0.000347265988498881,0.00436059574716078,0.0812690912028568,0.0816136786937223,0.0788592217683293,0.0801730215862002,-0.00260820506045835,-0.00124694739943133,0.968022917081644,0.984711773778568,81.4412188581461,79.5136426282013,-1.92757622994484,81.2690912028568,81.6136786937223,78.8592217683293,80.1730215862002,-2.60820506045835,-1.24694739943133,-3.02270145769083,-0.832451002198856,prepregnancy,combined,-0.00302270145769083,-0.000832451002198856,TRUE,FALSE
28,1833198,0.0809633961670252,0.0809243821090764,-3.90140579488024e-05,0.999518127205678,8.84713644225487e-05,0.000346501157661666,0.000358271680908679,0.00442710628698969,0.0807901647215053,0.0811369662711259,0.0802478458624296,0.0816061158933136,-0.000741213649210439,0.000663185533312834,0.990882857684034,1.00822865070829,80.9633961670252,80.9243821090764,-0.0390140579488024,80.7901647215053,81.1369662711259,80.2478458624296,81.6061158933136,-0.741213649210439,0.663185533312834,-1.16884643181895,1.09081831592134,prepregnancy,combined,-0.00116884643181895,0.00109081831592134,FALSE,FALSE
29,1898168,0.0806036748724633,0.0826865879524362,0.00208291307997285,1.02584141583208,8.39313957143996e-05,0.000339501651027425,0.000350284323209745,0.00424282614187478,0.0804393254329367,0.0807683306085382,0.0820236083627784,0.0833544396818481,0.00139636842213277,0.00276945773781294,1.01734610923963,1.03440766213073,80.6036748724634,82.6865879524362,2.08291307997285,80.4393254329367,80.7683306085382,82.0236083627784,83.3544396818481,1.39636842213277,2.76945773781294,0.97826934308079,3.18755681686492,prepregnancy,combined,0.00097826934308079,0.00318755681686492,FALSE,TRUE
30,1919128,0.0803035188296504,0.0846641257220377,0.00436060689238736,1.05430156680478,7.7128028074783e-05,0.000326141183524502,0.000335659913881334,0.00397659855338481,0.0801524804740894,0.0804548169060987,0.0840270867849047,0.0853055444883101,0.00370272555012613,0.00501848823464859,1.04611629040981,1.06255088842138,80.3035188296504,84.6641257220377,4.36060689238736,80.1524804740894,80.4548169060987,84.0270867849047,85.3055444883101,3.70272555012613,5.01848823464859,3.30208215397729,5.41913163079743,prepregnancy,combined,0.00330208215397729,0.00541913163079743,FALSE,TRUE
31,1911762,0.079871428468459,0.0865520158441783,0.00668058737571931,1.08364176657185,7.24575422308045e-05,0.000323810019998524,0.000332357857134051,0.00385636854949608,0.0797295295395865,0.0800135579847674,0.0859194626644061,0.0871887817841038,0.00602917794575766,0.00733199680568095,1.07548210550991,1.09186333481784,79.871428468459,86.5520158441783,6.68058737571931,79.7295295395865,80.0135579847674,85.9194626644061,87.1887817841038,6.02917794575766,7.33199680568095,5.63247588181679,7.72869886962182,prepregnancy,combined,0.00563247588181679,0.00772869886962182,FALSE,TRUE
32,1821134,0.0796634626763712,0.08864005671289,0.00897659403651885,1.1126814443528,7.38737044045263e-05,0.000346408453040144,0.000354806068425007,0.00402414343480316,0.0795187930133215,0.0798083727188215,0.0879634518381227,0.0893213562596681,0.00828118692090958,0.00967200115212811,1.10394004752931,1.12149205871994,79.6634626763712,88.64005671289,8.97659403651885,79.5187930133216,79.8083727188215,87.9634518381228,89.3213562596681,8.28118692090958,9.67200115212811,7.857690690501,10.0954973825367,prepregnancy,combined,0.007857690690501,0.0100954973825367,FALSE,TRUE
33,1685860,0.0798343836250142,0.0909858639606814,0.0111514803356673,1.13968267592628,8.12117167524911e-05,0.00038983393013626,0.000398848786914423,0.00441169428420261,0.079675356425325,0.0799937006445434,0.0902246850392636,0.0917528169146949,0.0103697510780375,0.011933209593297,1.12987059368106,1.1495799687775,79.8343836250142,90.9858639606814,11.1514803356673,79.675356425325,79.9937006445434,90.2246850392636,91.7528169146949,10.3697510780375,11.933209593297,9.89368549519363,12.4092751761409,prepregnancy,combined,0.00989368549519363,0.0124092751761409,FALSE,TRUE
34,1526013,0.0804767450301433,0.0936906637392667,0.0132139187091235,1.1641954915569,9.07847568276149e-05,0.000439264705385927,0.000449166781966821,0.00482989459978679,0.0802989895730416,0.0806548594711605,0.0928332602691309,0.0945551607450934,0.0123335679934167,0.0140942694248302,1.15322672806496,1.175268582992,80.4767450301433,93.6906637392667,13.2139187091235,80.2989895730416,80.6548594711605,92.8332602691309,94.5551607450934,12.3335679934167,14.0942694248302,11.7974428932117,14.6303945250352,prepregnancy,combined,0.0117974428932117,0.0146303945250352,FALSE,TRUE
35,1336272,0.0820809798969277,0.0971830317194704,0.0151020518225427,1.18398966290981,9.91095712265617e-05,0.000479944015806752,0.000490660191475712,0.00509115226462362,0.0818869378905251,0.082275440506614,0.096246412712303,0.0981277757519046,0.0141403755186028,0.0160637281264826,1.17223400089791,1.19586321570907,82.0809798969277,97.1830317194704,15.1020518225427,81.8869378905251,82.2754405066141,96.246412712303,98.1277757519046,14.1403755186028,16.0637281264826,13.5547239190574,16.649379726028,prepregnancy,combined,0.0135547239190574,0.016649379726028,FALSE,TRUE
36,1115942,0.0843133700076324,0.101050926035877,0.0167375560282446,1.1985160363858,0.000103973930402168,0.000504167065034427,0.000515392334813261,0.00514661803412784,0.0841098083196647,0.0845173788915419,0.100067056196364,0.102043372508053,0.0157274056141026,0.0177477064423866,1.1864871530039,1.21066687139191,84.3133700076324,101.050926035877,16.7375560282446,84.1098083196647,84.5173788915419,100.067056196364,102.043372508053,15.7274056141026,17.7477064423866,15.1122337486839,18.3628783078053,prepregnancy,combined,0.0151122337486839,0.0183628783078053,FALSE,TRUE
37,892411,0.0871390681373257,0.10527357683223,0.0181345086949047,1.20810996815258,0.00010824607165538,0.00053008727535102,0.000541654580707124,0.00519343749451564,0.0869271432221662,0.0873514602889558,0.104239139226895,0.106317061486084,0.0170728852246576,0.0191961321651518,1.19587505159823,1.2204700593085,87.1390681373257,105.27357683223,18.1345086949047,86.9271432221662,87.3514602889558,104.239139226895,106.317061486084,17.0728852246576,19.1961321651518,16.4263667642173,19.8426506255921,prepregnancy,combined,0.0164263667642173,0.0198426506255921,FALSE,TRUE
38,695545,0.090531212342975,0.10990086820177,0.0193696558587954,1.21395555585199,0.000118319147034374,0.000594513898535903,0.000606740876635455,0.00557139811653034,0.0902995783699252,0.0907633812139445,0.108741045446109,0.111071519868618,0.0181804655926417,0.0205588461249492,1.2007715909703,1.22728427509938,90.531212342975,109.90086820177,19.3696558587954,90.2995783699252,90.7633812139445,108.741045446109,111.071519868618,18.1804655926417,20.5588461249492,17.4562601831048,21.2830515344861,prepregnancy,combined,0.0174562601831048,0.0212830515344861,FALSE,TRUE
39,531877,0.0941380631382236,0.114512810452782,0.0203747473145587,1.21643474101058,0.0001411085291849,0.00073024588292917,0.000744212857834778,0.00655560884573385,0.0938618593102403,0.0944149950540043,0.113089323862031,0.115951872344333,0.0189161169163709,0.0218333777127465,1.20090504860558,1.23216525807401,94.1380631382236,114.512810452782,20.3747473145587,93.8618593102403,94.4149950540043,113.089323862031,115.951872344333,18.9161169163709,21.8333777127465,18.0278250635464,22.721669565571,prepregnancy,combined,0.0180278250635464,0.022721669565571,FALSE,TRUE
40,379580,0.0986792956739065,0.119994860989522,0.0213155653156157,1.21600848658319,0.000181576833351522,0.000956552155012845,0.000973942169537843,0.00818432555426307,0.0983239826600845,0.0990357516534132,0.118132666005587,0.121882353732593,0.0194066737402967,0.0232244568909346,1.19665812903266,1.23567174581236,98.6792956739065,119.994860989522,21.3155653156157,98.3239826600845,99.0357516534132,118.132666005587,121.882353732593,19.4066737402967,23.2244568909346,18.2441771706463,24.3869534605851,prepregnancy,combined,0.0182441771706463,0.0243869534605851,FALSE,TRUE
41,257793,0.103200599434558,0.125224084287185,0.0220234848526263,1.21340462141978,0.000238615944457841,0.00126233456857134,0.00128485014358217,0.0103439203481316,0.102733857645201,0.103669216729985,0.122770824297963,0.127719229063604,0.0195052248456742,0.0245417448595785,1.1890520985105,1.23825589907058,103.200599434558,125.224084287185,22.0234848526263,102.733857645201,103.669216729985,122.770824297963,127.719229063604,19.5052248456742,24.5417448595785,17.9716287748336,26.0753409304191,prepregnancy,combined,0.0179716287748336,0.0260753409304191,FALSE,TRUE
42,164709,0.108308368441845,0.130926910003566,0.0226185415617209,1.20883466242838,0.000311685987974138,0.00164281018415957,0.00167209029219382,0.0128730738536663,0.107698986972417,0.108920777020512,0.127740551832063,0.13418052208217,0.019341304810122,0.0258957783133199,1.17871639496407,1.2397225043543,108.308368441845,130.926910003566,22.6185415617209,107.698986972417,108.920777020512,127.740551832063,134.18052208217,19.341304810122,25.8957783133199,17.3454992175338,27.8915839059081,prepregnancy,combined,0.0173454992175338,0.0278915839059081,FALSE,TRUE
43,97685,0.113014385719123,0.136083979288441,0.023069593569318,1.20412970811215,0.000396859457692283,0.00207831481402066,0.00211576721283417,0.0156699393918129,0.112238888046327,0.113794554756039,0.132061676871638,0.140209001381405,0.0189227660324924,0.0272164211061437,1.16770998752888,1.24168532379053,113.014385719123,136.083979288441,23.069593569318,112.238888046327,113.794554756039,132.061676871638,140.209001381405,18.9227660324924,27.2164211061437,16.397388033647,29.7417991049891,prepregnancy,combined,0.016397388033647,0.0297417991049891,FALSE,TRUE
44,54186,0.118505676192235,0.142170517967717,0.0236648417754826,1.19969374072086,0.000495399883892283,0.00257629312926566,0.00262321284980137,0.0185947556621793,0.117538148040387,0.119480090337347,0.137195493124399,0.147295150383055,0.0185234390660892,0.0288062444848759,1.15675799079955,1.244223150367,118.505676192235,142.170517967717,23.6648417754826,117.538148040387,119.480090337347,137.195493124399,147.295150383055,18.5234390660892,28.8062444848759,15.3923743738148,31.9373091771503,prepregnancy,combined,0.0153923743738148,0.0319373091771503,FALSE,TRUE
45,28835,0.123864943561875,0.148293665222297,0.024428721660422,1.19722062561001,0.000604077626234959,0.00312155168205051,0.00317959348087634,0.0216083974856597,0.122685823504997,0.125053780675124,0.142279179554353,0.154516595733422,0.0181968329524261,0.030660610368418,1.14757502745703,1.24901395733771,123.864943561875,148.293665222297,24.428721660422,122.685823504997,125.053780675124,142.279179554353,154.516595733422,18.1968329524261,30.660610368418,14.4016727981475,34.4557705226966,prepregnancy,combined,0.0144016727981475,0.0344557705226966,FALSE,TRUE
