age,target_n,risk0,risk1,rd,rr,se_risk0,se_risk1,se_rd,se_log_rr,risk0_lower,risk0_upper,risk1_lower,risk1_upper,rd_lower,rd_upper,rr_lower,rr_upper,risk0_per1000,risk1_per1000,rd_per1000,risk0_lower_per1000,risk0_upper_per1000,risk1_lower_per1000,risk1_upper_per1000,rd_lower_per1000,rd_upper_per1000,rd_bonferroni_lower_per1000,rd_bonferroni_upper_per1000,model_id
15,40526,0.0803490755751159,0.0664603795759759,-0.01388869599914,0.827145540882349,0.000506305352647124,0.00211875652164966,0.00217805501036223,0.0324923114012668,0.0793623112187219,0.0813470249380519,0.062426259734479,0.0707355248609518,-0.0181576053757969,-0.00961978662248297,0.776112051463997,0.881534753275624,80.3490755751159,66.4603795759759,-13.88869599914,79.3623112187219,81.3470249380519,62.426259734479,70.7355248609517,-18.1576053757969,-9.61978662248297,-20.7573300383583,-7.02006195992161,supp_3lvl_continued_vs_none
16,99677,0.0797240664743346,0.0660380046723877,-0.0136860618019469,0.828332115919441,0.000394873412757915,0.00165095654757538,0.00169700294030344,0.0254794450908317,0.0789535519201724,0.0805014433246979,0.0628749295902668,0.0693484303477453,-0.0170121264466002,-0.0103599971572936,0.78798210910801,0.870748315644218,79.7240664743346,66.0380046723877,-13.6860618019469,78.9535519201724,80.5014433246979,62.8749295902668,69.3484303477453,-17.0121264466002,-10.3599971572936,-19.0376677554087,-8.33445584848508,supp_3lvl_continued_vs_none
17,199221,0.0810888109335436,0.0673300961850717,-0.013758714748472,0.830325360674632,0.000298731221977402,0.00124669628684306,0.00128172852833304,0.018875890192792,0.0805052324474478,0.0816762439825095,0.0649273708020778,0.0698150989566083,-0.0162708565019622,-0.0112465729949817,0.800167883348468,0.861619441278189,81.0888109335436,67.3300961850717,-13.758714748472,80.5052324474478,81.6762439825095,64.9273708020778,69.8150989566083,-16.2708565019622,-11.2465729949817,-17.8007266154181,-9.71670288152585,supp_3lvl_continued_vs_none
18,378353,0.083384261839527,0.0694725377728333,-0.0139117240666937,0.833161273365149,0.000216475775437556,0.000897194103528455,0.000922919946391981,0.0131724826287334,0.0829609571851918,0.0838095289915411,0.0677345305634336,0.0712517322993879,-0.0157206139222356,-0.0121028342111518,0.811926352672238,0.85495156691343,83.384261839527,69.4725377728333,-13.9117240666937,82.9609571851918,83.8095289915411,67.7345305634336,71.2517322993879,-15.7206139222356,-12.1028342111518,-16.8222104084539,-11.0012377249336,supp_3lvl_continued_vs_none
19,653131,0.0859334502273963,0.0719247678423081,-0.0140086823850881,0.836982195547619,0.000160636665063462,0.000630233024268863,0.000649737803620891,0.00895199289328068,0.0856191302388822,0.0862488152865624,0.0706992765189259,0.073169829101716,-0.0152821450795792,-0.012735219690597,0.82242493567306,0.851797124913779,85.9334502273963,71.9247678423081,-14.0086823850881,85.6191302388822,86.2488152865624,70.6992765189259,73.169829101716,-15.2821450795792,-12.735219690597,-16.0576715856755,-11.9596931845008,supp_3lvl_continued_vs_none
20,857770,0.0856344885125114,0.0720631053796486,-0.0135713831328629,0.841519656757452,0.000132282444724752,0.000480197132952698,0.000497814037155738,0.00683708126950367,0.0853755751599418,0.0858941133172094,0.0711275864080256,0.0730099617921345,-0.0145470807166866,-0.0125956855490391,0.830318149087838,0.852872279724509,85.6344885125114,72.0631053796486,-13.5713831328629,85.3755751599419,85.8941133172094,71.1275864080256,73.0099617921345,-14.5470807166866,-12.5956855490391,-15.1412711405307,-12.001495125195,supp_3lvl_continued_vs_none
21,999703,0.0843786734223037,0.0715080125479848,-0.0128706608743188,0.847465474955941,0.000126353289036659,0.000448786194220767,0.000466565022186265,0.00645616359110533,0.0841313552264839,0.0846266514731642,0.0706333855746707,0.0723926260897481,-0.0137851115142501,-0.0119562102343876,0.836809338306788,0.858257309479255,84.3786734223037,71.5080125479848,-12.8706608743188,84.1313552264839,84.6266514731643,70.6333855746707,72.3926260897481,-13.7851115142501,-11.9562102343876,-14.3420031396202,-11.3993186090175,supp_3lvl_continued_vs_none
22,1151517,0.0833479274708509,0.0712881211710189,-0.012059806299832,0.855307664320151,0.000121667846109397,0.000440103980863905,0.000457213034115644,0.00635110987207063,0.0831097727791976,0.0835867023914965,0.0704303366045851,0.0721555419280607,-0.012955927379961,-0.0111636852197031,0.844726831624725,0.866021029825401,83.3479274708509,71.2881211710189,-12.059806299832,83.1097727791976,83.5867023914965,70.4303366045851,72.1555419280607,-12.955927379961,-11.1636852197031,-13.5016564800893,-10.6179561195748,supp_3lvl_continued_vs_none
23,1274332,0.0825988423324715,0.0714804367491073,-0.0111184055833642,0.865392718960744,0.00011006307136174,0.000407024253394792,0.000422306773206917,0.0058561457342512,0.0823833788479306,0.0828148184775219,0.0706867812563853,0.0722823101297976,-0.0119461116492771,-0.0102906995174513,0.855516670606526,0.875382776000528,82.5988423324715,71.4804367491073,-11.1184055833642,82.3833788479306,82.8148184775219,70.6867812563853,72.2823101297976,-11.9461116492771,-10.2906995174513,-12.450176665197,-9.78663450153136,supp_3lvl_continued_vs_none
24,1393370,0.0821335457123172,0.0721087530252627,-0.0100247926870545,0.877945209839503,9.52314718352071e-05,0.000359971763368412,0.000373082843977635,0.00513387218713826,0.0819470884583841,0.0823203891772426,0.0714063968417396,0.072817475876457,-0.0107560216245004,-0.00929356374960852,0.869155441904692,0.886823868686828,82.1335457123172,72.1087530252627,-10.0247926870545,81.9470884583841,82.3203891772426,71.4063968417396,72.817475876457,-10.7560216245004,-9.29356374960852,-11.2013329991226,-8.84825237498631,supp_3lvl_continued_vs_none
25,1518689,0.0819372811116737,0.0731978283733418,-0.00873945273833188,0.893339727413938,8.47809399068297e-05,0.000330107962550395,0.000341559406037767,0.00463604917510802,0.0817712669034354,0.0821036022293111,0.0725534564420567,0.0738474675090155,-0.00940889687274679,-0.00807000860391696,0.88525917297112,0.901494040324442,81.9372811116737,73.1978283733418,-8.73945273833188,81.7712669034354,82.1036022293111,72.5534564420567,73.8474675090155,-9.40889687274679,-8.07000860391696,-9.816581897864,-7.66232357879975,supp_3lvl_continued_vs_none
26,1632495,0.0817403646821816,0.0745324455184478,-0.00720791916373384,0.911819341744323,8.37528838630191e-05,0.000338839150446384,0.000349752507341001,0.00466903325658638,0.0815763621292265,0.0819046675450195,0.0738710474422635,0.0751992845329454,-0.00789342148162478,-0.0065224168458429,0.903513221194233,0.920201821596053,81.7403646821816,74.5324455184478,-7.20791916373384,81.5763621292265,81.9046675450195,73.8710474422635,75.1992845329454,-7.89342148162478,-6.5224168458429,-8.3108857856948,-6.10495254177288,supp_3lvl_continued_vs_none
27,1737293,0.0814686275836121,0.0760751650964158,-0.00539346248719635,0.933797062167753,8.7912598637795e-05,0.000368659199752277,0.000379618998763124,0.00497234830197477,0.0812964880238153,0.0816410992458408,0.0753557478639615,0.0768008800908636,-0.00613750205261923,-0.00464942292177348,0.924740828490121,0.942941985958222,81.4686275836121,76.0751650964158,-5.39346248719635,81.2964880238154,81.6410992458408,75.3557478639615,76.8008800908636,-6.13750205261923,-4.64942292177348,-6.59061497619834,-4.19630999819437,supp_3lvl_continued_vs_none
28,1831931,0.0809908860650013,0.0777109163704082,-0.00327996969459304,0.95950199023677,8.84982896660768e-05,0.000382956190417616,0.000393605240263418,0.00505453275969494,0.0808176018864984,0.0811645089811419,0.0769636475799574,0.0784648239011287,-0.00405142178963558,-0.00250851759955051,0.950043418772801,0.969054730632781,80.9908860650013,77.7109163704082,-3.27996969459304,80.8176018864984,81.1645089811419,76.9636475799574,78.4648239011287,-4.05142178963558,-2.50851759955051,-4.52122867952493,-2.03871070966116,supp_3lvl_continued_vs_none
29,1897021,0.0806296530747424,0.0796924960863651,-0.000937156988377291,0.988377018222954,8.39574236596542e-05,0.000375578031462948,0.000385396608521444,0.00483331358095663,0.0804652526618383,0.0807943598651264,0.0789594751234838,0.0804317277946732,-0.0016925204608432,-0.000181793515911379,0.979058212360429,0.997784521715106,80.6296530747424,79.6924960863651,-0.937156988377291,80.4652526618383,80.7943598651264,78.9594751234838,80.4317277946732,-1.6925204608432,-0.181793515911379,-2.15252953466089,0.278215557906308,supp_3lvl_continued_vs_none
30,1917984,0.0803253384548316,0.081894559878966,0.00156922142413432,1.01953582087944,7.71374823202281e-05,0.000359775068473269,0.000368512053303412,0.00450385674618044,0.0801742815621929,0.0804766550541251,0.0811921730393609,0.0826024767401018,0.000846951071790729,0.00229149177647791,1.01057557940687,1.02857550809451,80.3253384548316,81.894559878966,1.56922142413432,80.1742815621929,80.4766550541251,81.1921730393609,82.6024767401018,0.846951071790729,2.29149177647791,0.40709538914446,2.73134745912418,supp_3lvl_continued_vs_none
31,1910781,0.0798846416519157,0.0840384991206932,0.00415385746877754,1.05199819868852,7.24559735374813e-05,0.000355952291021652,0.00036382887622617,0.00433881850591394,0.0797427457716184,0.0800267680675864,0.0833434704426571,0.0847387880636695,0.00344076597483857,0.00486694896271652,1.04309001271365,1.0609824622563,79.8846416519157,84.0384991206932,4.15385746877754,79.7427457716184,80.0267680675864,83.3434704426571,84.7387880636695,3.44076597483857,4.86694896271652,3.00650012848611,5.30121480906897,supp_3lvl_continued_vs_none
32,1820180,0.0796689950518719,0.0864111254324322,0.00674213038056031,1.08462677828647,7.38858182949979e-05,0.000381205532279532,0.000388910013642954,0.0045155949861477,0.0795243016762289,0.0798139288673402,0.085666895025211,0.0871612049945447,0.00597988076059313,0.00750438000052748,1.07506974777806,1.0942687677776,79.6689950518719,86.4111254324322,6.74213038056031,79.5243016762289,79.8139288673402,85.666895025211,87.1612049945447,5.97988076059313,7.50438000052748,5.51567808932244,7.96858267179817,supp_3lvl_continued_vs_none
33,1685024,0.0798331888203818,0.0891055340654716,0.00927234524508981,1.11614649724129,8.12384992675611e-05,0.00043259136040689,0.000440790774229143,0.00496827275383689,0.0796741092258447,0.0799925584307361,0.0882613018987446,0.0899570446924489,0.00840841120288316,0.0101362792872965,1.10533061532822,1.12706821472965,79.8331888203818,89.1055340654716,9.27234524508981,79.6741092258447,79.9925584307361,88.2613018987446,89.9570446924489,8.40841120288316,10.1362792872965,7.88228369860014,10.6624067915795,supp_3lvl_continued_vs_none
34,1525309,0.0804710547110575,0.0921504978811893,0.0116794431701318,1.14513843781554,9.08115908065739e-05,0.000491832884173794,0.000500780199524523,0.00546311424587678,0.0802932467803698,0.0806492218659569,0.0911910427417907,0.0931190134686389,0.0106979320148929,0.0126609543253706,1.1329422715807,1.15746589623937,80.4710547110575,92.1504978811893,11.6794431701318,80.2932467803698,80.6492218659569,91.1910427417907,93.1190134686389,10.6979320148929,12.6609543253706,10.1002011820937,13.2586851581698,supp_3lvl_continued_vs_none
35,1335627,0.0820670669990362,0.0960186411423976,0.0139515741433614,1.17000210502863,9.91197354305714e-05,0.000541577030686463,0.000551215912877057,0.00577598684519794,0.0818730051532915,0.0822615476125034,0.0949624009896194,0.0970853692962079,0.012871210806417,0.0150319374803058,1.15683152249339,1.18332263527962,82.0670669990362,96.0186411423976,13.9515741433614,81.8730051532915,82.2615476125034,94.9624009896194,97.0853692962079,12.871210806417,15.0319374803058,12.2132799477907,15.689868338932,supp_3lvl_continued_vs_none
36,1115405,0.0842886355711246,0.100265932545233,0.0159772969741087,1.1895545807077,0.000103964490986235,0.000571489958890571,0.000581571346001601,0.00583994478129638,0.0840850924162807,0.084492625986452,0.0991513788607503,0.10139160473805,0.014837438081505,0.0171171558667123,1.17601646906534,1.20324854090461,84.2886355711246,100.265932545233,15.9772969741087,84.0850924162807,84.492625986452,99.1513788607503,101.39160473805,14.837438081505,17.1171558667123,14.1432750029573,17.81131894526,supp_3lvl_continued_vs_none
37,892004,0.0871086138724554,0.104864294351247,0.017755680478792,1.20383380804096,0.000108225221668376,0.000601897872401425,0.000612293977023323,0.00588118205603885,0.0868967298235681,0.0873209651600007,0.103690440924166,0.10604986435739,0.0165556063358755,0.0189557546217086,1.19003700009186,1.21779057060456,87.1086138724554,104.864294351247,17.755680478792,86.8967298235681,87.3209651600008,103.690440924166,106.04986435739,16.5556063358755,18.9557546217086,15.8247727502993,19.6865882072848,supp_3lvl_continued_vs_none
38,695220,0.0905059109150351,0.109813529294857,0.019307618379822,1.21332991607529,0.000118315086163982,0.00067479441865165,0.000685766058831795,0.00628986167783514,0.0902742849665356,0.090738071892436,0.108497921750226,0.11114310063121,0.0179635416026918,0.0206516951569523,1.1984639248618,1.22838030807897,90.5059109150351,109.813529294857,19.3076183798221,90.2742849665356,90.738071892436,108.497921750226,111.14310063121,17.9635416026918,20.6516951569523,17.1450118009141,21.47022495873,supp_3lvl_continued_vs_none
39,531638,0.0940970211946811,0.114687439280554,0.0205904180858727,1.21882114677437,0.000141090473780156,0.000830237725601746,0.000842629679115798,0.00739794695924206,0.0938208528403592,0.0943739178086194,0.113070224484155,0.11632475100878,0.0189388942625012,0.0222419419092442,1.20127610052047,1.23662244439957,94.0970211946811,114.687439280554,20.5904180858727,93.8208528403592,94.3739178086194,113.070224484155,116.32475100878,18.9388942625012,22.2419419092442,17.9331321730307,23.2477039987146,supp_3lvl_continued_vs_none
40,379398,0.0986576828724017,0.120402784347017,0.0217451014746151,1.22040961070147,0.000181601288095901,0.00109042520962125,0.00110576140566343,0.00924484517697813,0.0983023222239643,0.0990141870790311,0.118281908757387,0.122556402795361,0.0195778489440204,0.0239123540052098,1.19849545816068,1.24272445736113,98.6576828724017,120.402784347017,21.7451014746151,98.3023222239643,99.0141870790311,118.281908757387,122.556402795361,19.5778489440204,23.9123540052098,18.2580130429365,25.2321899062937,supp_3lvl_continued_vs_none
41,257682,0.103190970145629,0.12581395170684,0.0226229815612107,1.21923412028479,0.000238658616616959,0.00144326749947031,0.00146304308896067,0.011703961685218,0.102724145155326,0.103659671513326,0.123012316403972,0.128670033150345,0.0197554697990176,0.0254904933234039,1.19158403995958,1.24752580616727,103.190970145629,125.81395170684,22.6229815612107,102.724145155326,103.659671513326,123.012316403972,128.670033150345,19.7554697990176,25.4904933234039,18.009182775657,27.2367803467644,supp_3lvl_continued_vs_none
42,164620,0.108320015989848,0.131679512430471,0.0233594964406231,1.21565263102262,0.000311728919564172,0.0018828753081851,0.00190857141658433,0.0145862542303712,0.107710550604832,0.10893250894199,0.128032812021533,0.13541394986108,0.0196187652021953,0.027100227679051,1.18139098430383,1.25090790343476,108.320015989848,131.679512430471,23.3594964406231,107.710550604832,108.93250894199,128.032812021533,135.41394986108,19.6187652021953,27.100227679051,17.3406959347304,29.3782969465159,supp_3lvl_continued_vs_none
43,97642,0.113015521734019,0.136834746085945,0.0238192243519259,1.21076064585167,0.000396762432986149,0.0023848367819248,0.00241757269544466,0.0177782786093137,0.11224021305928,0.113795499434379,0.132227370916617,0.141576470055301,0.019080868938847,0.0285575797650049,1.16929851509693,1.25369298140403,113.015521734019,136.834746085945,23.8192243519259,112.24021305928,113.795499434379,132.227370916617,141.576470055301,19.080868938847,28.5575797650049,16.1952561650735,31.4431925387783,supp_3lvl_continued_vs_none
44,54163,0.118501705271244,0.142739714196929,0.0242380089256849,1.2045372163228,0.000495094975644829,0.00295496509201894,0.00299598646292102,0.021117751266187,0.117534770636315,0.119475517696762,0.137045438688285,0.148629838146872,0.0183659833601902,0.0301100344911796,1.15569906089685,1.25543920091164,118.501705271244,142.739714196929,24.2380089256849,117.534770636315,119.475517696762,137.045438688285,148.629838146872,18.3659833601902,30.1100344911796,14.7899763909904,33.6860414603794,supp_3lvl_continued_vs_none
45,28818,0.123764642196752,0.148302800804318,0.0245381586075663,1.19826469153086,0.000602891770323817,0.00357264825743495,0.00362287029921048,0.024575470135842,0.122587832003373,0.12495114065128,0.141436177474909,0.155442437343857,0.017437463300454,0.0316388539146787,1.14191580595842,1.25739416468137,123.764642196752,148.302800804318,24.5381586075663,122.587832003373,124.95114065128,141.436177474909,155.442437343857,17.437463300454,31.6388539146787,13.1132083017007,35.963108913432,supp_3lvl_continued_vs_none
15,40526,0.0803587280680871,0.0741138793570324,-0.0062448487110547,0.922287860184105,0.000506576176749034,0.00340425862136414,0.00344133608726431,0.0463583000997892,0.0793714381266573,0.0813572135000788,0.0677118089843834,0.0810686222695277,-0.0129897435007907,0.00050004607868133,0.842182544155372,1.01001250019503,80.3587280680871,74.1138793570324,-6.2448487110547,79.3714381266573,81.3572135000788,67.7118089843834,81.0686222695277,-12.9897435007907,0.50004607868133,-17.0973194140068,4.60762199189739,supp_3lvl_stopped_vs_none
16,99677,0.0796963944012162,0.0746065887285955,-0.00508980567262063,0.936135057164607,0.000395038287035062,0.00267710783765976,0.00270548493397531,0.0362160449170229,0.0789255608633439,0.0804740985975179,0.0695262446453186,0.0800262304807335,-0.010392458703928,0.000212847358686709,0.871989702004348,1.00499907652374,79.6963944012162,74.6065887285955,-5.08980567262063,78.9255608633439,80.4740985975179,69.5262446453186,80.0262304807335,-10.392458703928,0.212847358686709,-13.6217232879635,3.44211194272221,supp_3lvl_stopped_vs_none
17,199221,0.0810626546205525,0.0770119845148669,-0.00405067010568562,0.950030379283204,0.000298895041105611,0.00203579769848334,0.00205714206378298,0.0266847964807956,0.0804787578491081,0.081650411559835,0.0731154376246183,0.0810980212110582,-0.00808259446178266,-1.87457495885836e-05,0.901619618590757,1.0010404642389,81.0626546205525,77.0119845148669,-4.05067010568562,80.4787578491081,81.650411559835,73.1154376246183,81.0980212110582,-8.08259446178266,-0.0187457495885836,-10.5379975311108,2.43665731973957,supp_3lvl_stopped_vs_none
18,378353,0.0834138766710808,0.0803683301894688,-0.00304554648161205,0.963488731094212,0.000216580518522816,0.00147079234159493,0.00148670805338785,0.0184845780908575,0.0829903672864504,0.0838393496794052,0.0775324052334247,0.0832986187480466,-0.00595944072177789,-0.000131652241446215,0.929207139776934,0.999035086157847,83.4138766710808,80.3683301894688,-3.04554648161205,82.9903672864504,83.8393496794052,77.5324052334247,83.2986187480466,-5.95944072177789,-0.131652241446215,-7.73397422714523,1.64288126392113,supp_3lvl_stopped_vs_none
19,653131,0.0859796003816109,0.0839267151396855,-0.00205288524192536,0.976123577769449,0.000160795699150446,0.00103464130493361,0.00104685946389284,0.0124666081588624,0.0856649694135385,0.0862952778647779,0.0819209832511072,0.0859769559566803,-0.00410469208803024,-1.07839582048127e-06,0.95256190018886,1.00026805490385,85.9796003816109,83.9267151396855,-2.05288524192536,85.6649694135385,86.2952778647779,81.9209832511072,85.9769559566803,-4.10469208803024,-0.00107839582048127,-5.35422268003552,1.2484521961848,supp_3lvl_stopped_vs_none
20,857770,0.0856661855122828,0.0846017294857231,-0.00106445602655969,0.987574373480105,0.000132357748633341,0.000795300321515735,0.000806271605681,0.00952702568030721,0.085407124825037,0.0859259581685735,0.0830559458725853,0.0861735785283165,-0.00264471933545173,0.000515807282332349,0.969304866037852,1.00618822552835,85.6661855122828,84.6017294857231,-1.06445602655969,85.407124825037,85.9259581685735,83.0559458725853,86.1735785283164,-2.64471933545173,0.515807282332349,-3.60708445848104,1.47817240536166,supp_3lvl_stopped_vs_none
21,999703,0.0843926642553416,0.0841960035221169,-0.000196660733224649,0.997669693983951,0.000126373113399379,0.000751830110436928,0.000762615825723193,0.00905703944359877,0.0841453072472335,0.0846406812040057,0.0827341046947509,0.0856813209663888,-0.00169136028568238,0.00129803881923308,0.980115853428391,1.01553792320813,84.3926642553416,84.1960035221169,-0.196660733224649,84.1453072472335,84.6406812040057,82.7341046947509,85.6813209663888,-1.69136028568238,1.29803881923308,-2.60161790578834,2.20829643933904,supp_3lvl_stopped_vs_none
22,1151517,0.0833574033435215,0.0838802054330029,0.000522802089481467,1.00627181352239,0.000121690493285065,0.000737583647189706,0.000747804806237981,0.00891665617446138,0.0831192043405095,0.0835962227282165,0.0824458389650527,0.0853372056427295,-0.000942868398210929,0.00198847257717386,0.988838657757758,1.02401231459309,83.3574033435215,83.8802054330029,0.522802089481467,83.1192043405095,83.5962227282165,82.4458389650527,85.3372056427295,-0.942868398210929,1.98847257717386,-1.83544759768463,2.88105177664756,supp_3lvl_stopped_vs_none
23,1274332,0.0826067690676733,0.0837453804240236,0.00113861135635032,1.01378351155966,0.000110095099800829,0.00067857970949894,0.000687656021512396,0.00821422510594878,0.0823912429303868,0.082822808109351,0.0824249484898968,0.085085003941526,-0.000209169679566075,0.00248639239226672,0.99759269976391,1.03023709832025,82.6067690676733,83.7453804240236,1.13861135635032,82.3912429303868,82.822808109351,82.4249484898968,85.085003941526,-0.209169679566075,2.48639239226672,-1.02995533923924,3.30717805193988,supp_3lvl_stopped_vs_none
24,1393370,0.0821431435224674,0.0838491716129222,0.00170602809045479,1.02076896521483,9.5264782671717e-05,0.000600858153910801,0.000608563027000689,0.00726161057997557,0.0819566210905356,0.0823300523856302,0.0826789996181829,0.0850343700361644,0.000513266475210768,0.00289878970569882,1.0063437725543,1.03540093232855,82.1431435224674,83.8491716129222,1.70602809045479,81.9566210905356,82.3300523856302,82.6789996181829,85.0343700361644,0.513266475210768,2.89878970569882,-0.213113851498046,3.62517003240764,supp_3lvl_stopped_vs_none
25,1518689,0.0819501133165892,0.0842273841323028,0.00227727081571362,1.02778850112038,8.4803280524549e-05,0.000561546667789915,0.000568152614935046,0.00674977343302521,0.0817840553757925,0.0821164782753381,0.0831332823761301,0.0853345449915893,0.00116371215271868,0.00339082947870856,1.01428110926835,1.04147577371058,81.9501133165892,84.2273841323028,2.27727081571362,81.7840553757926,82.1164782753381,83.1332823761301,85.3345449915893,1.16371215271868,3.39082947870856,0.485565660495909,4.06897597093133,supp_3lvl_stopped_vs_none
26,1632495,0.0817554618722241,0.0846539226926035,0.00289846082037945,1.03545280956163,8.37649379186009e-05,0.000588476946536041,0.000594692200816323,0.00703012668089405,0.0815914357062945,0.0819197883731111,0.0835076370021824,0.085814469822053,0.0017328855248926,0.0040640361158663,1.02128336060645,1.04981884772157,81.7554618722241,84.6539226926035,2.89846082037945,81.5914357062945,81.9197883731111,83.5076370021824,85.814469822053,1.7328855248926,4.0640361158663,1.02306140486821,4.7738602358907,supp_3lvl_stopped_vs_none
27,1737293,0.0814843897609949,0.0850995534482506,0.00361516368725566,1.04436633443362,8.79221851217432e-05,0.000639542848528961,0.000645840839812546,0.0075957620241626,0.0813122314127334,0.081656880213057,0.0838544166020953,0.0863614362089018,0.00234933890147797,0.00488098847303335,1.02893357618924,1.06003056537219,81.4843897609949,85.0995534482506,3.61516368725566,81.3122314127334,81.656880213057,83.8544166020953,86.3614362089018,2.34933890147797,4.88098847303335,1.57846380816672,5.6518635663446,supp_3lvl_stopped_vs_none
28,1831931,0.0810047122742992,0.0854591355891975,0.0044544233148983,1.05498968133872,8.85077063085424e-05,0.000653954424113064,0.000660181497945209,0.00773312458925058,0.0808314096436162,0.0811783536507994,0.0841860915570096,0.0867496068161121,0.00316049135566599,0.00574835527413061,1.03912014481055,1.07110157885939,81.0047122742992,85.4591355891975,4.4544233148983,80.8314096436162,81.1783536507994,84.1860915570096,86.7496068161121,3.16049135566599,5.74835527413061,2.37249926464464,6.53634736515196,supp_3lvl_stopped_vs_none
29,1897021,0.0806411207284988,0.0860469918789379,0.00540587115043902,1.06703616097598,8.39658149730424e-05,0.00063026018241772,0.000636095940740271,0.00740155188174355,0.0804767038754836,0.0808058439721062,0.0848197098709858,0.0872903380426223,0.00415914601587596,0.00665259628500207,1.05166864340918,1.08262823653226,80.6411207284989,86.0469918789379,5.40587115043902,80.4767038754836,80.8058439721062,84.8197098709858,87.2903380426223,4.15914601587596,6.65259628500207,3.39990242605376,7.41183987482427,supp_3lvl_stopped_vs_none
30,1917984,0.0803336097396882,0.0867651536315823,0.00643154389189413,1.08006043687984,7.71439429160974e-05,0.000598271629547245,0.000603496494799884,0.00696522422517392,0.0801825401915037,0.080484939008505,0.085599711049432,0.0879449376453605,0.00524871249729019,0.00761437528649806,1.06541608288627,1.09490608040465,80.3336097396882,86.7651536315823,6.43154389189413,80.1825401915037,80.484939008505,85.599711049432,87.9449376453605,5.24871249729019,7.61437528649806,4.52837957923425,8.33470820455401,supp_3lvl_stopped_vs_none
31,1910781,0.0798906134160397,0.0873678913404173,0.00747727792437758,1.09359394808297,7.24605766256908e-05,0.000594904321232954,0.000599562198380918,0.006872593202076,0.0797487085189938,0.0800327488587361,0.0862089143030166,0.0885409397412464,0.00630215760905932,0.00865239823969584,1.07896196704205,1.10842435583004,79.8906134160397,87.3678913404173,7.47727792437758,79.7487085189938,80.0327488587361,86.2089143030166,88.5409397412464,6.30215760905932,8.65239823969584,5.58652066396162,9.36803518479354,supp_3lvl_stopped_vs_none
32,1820180,0.0796736135641449,0.0882061863388589,0.00853257277471399,1.10709408539434,7.3890115663623e-05,0.000642955565362872,0.000647424832421343,0.00735096966246025,0.0795289117721103,0.0798185558085999,0.0869541208795408,0.0894745137450767,0.00726364342047128,0.0098015021289567,1.09125783244901,1.12316015287102,79.6736135641449,88.2061863388589,8.53257277471399,79.5289117721103,79.8185558085999,86.9541208795408,89.4745137450767,7.26364342047128,9.8015021289567,6.49087767488963,10.5742678745384,supp_3lvl_stopped_vs_none
33,1685024,0.079838545663585,0.0894207164536864,0.00958217079010147,1.12001935544365,8.1244253676883e-05,0.000729108005372611,0.000733839366049595,0.00821967253008934,0.0796794548004181,0.0799979265621854,0.0880019507539835,0.0908600766550762,0.00814387206220656,0.0110204695179964,1.10212011787816,1.13820928973105,79.838545663585,89.4207164536864,9.58217079010147,79.6794548004181,79.9979265621854,88.0019507539835,90.8600766550762,8.14387206220656,11.0204695179964,7.26796200061439,11.8963795795886,supp_3lvl_stopped_vs_none
34,1525309,0.0804766494045659,0.091082496348716,0.0106058469441501,1.13178787912545,9.08182697771058e-05,0.000821162496356371,0.000826365093802768,0.00908837306728467,0.0802988283959624,0.0806548296626412,0.089485791128136,0.0927047910096936,0.00898620112221565,0.0122254927660846,1.11180596911824,1.15212891360098,80.4766494045659,91.082496348716,10.6058469441501,80.2988283959625,80.6548296626412,89.485791128136,92.7047910096936,8.98620112221565,12.2254927660846,7.99985242834973,13.2118414599505,supp_3lvl_stopped_vs_none
35,1335627,0.0820750503661451,0.0937079550058767,0.0116329046397316,1.14173496803031,9.91282460595919e-05,0.000894964067950092,0.000900627325851826,0.00962894466875669,0.081880971853282,0.0822695476735484,0.0919685162632191,0.0954768332716839,0.00986770751756944,0.0133981017618938,1.12038975746745,1.1634868388745,82.0750503661451,93.7079550058767,11.6329046397316,81.880971853282,82.2695476735484,91.9685162632191,95.4768332716839,9.86770751756944,13.3981017618938,8.7927194848272,14.4730897946361,supp_3lvl_stopped_vs_none
36,1115405,0.0842992516295024,0.0968982949818786,0.0125990433523762,1.14945617082995,0.000103974134929498,0.000941561607982528,0.000947473327404091,0.00979720403392779,0.0840956895830878,0.0845032609568095,0.0950684907129984,0.098759474319954,0.0107420297543518,0.0144560569504005,1.12759468707829,1.17174149878495,84.2992516295024,96.8982949818786,12.5990433523762,84.0956895830878,84.5032609568095,95.0684907129984,98.759474319954,10.7420297543518,14.4560569504005,9.61112637282437,15.586960331928,supp_3lvl_stopped_vs_none
37,892004,0.0871208944539267,0.100626042490725,0.0135051480367982,1.15501617747899,0.000108236314688708,0.00100300217842322,0.00100899259657149,0.0100466632824118,0.0869089886742777,0.0873332674945342,0.0986771777464832,0.10260901533299,0.0115275588868505,0.0154827371867458,1.13249510056373,1.17798511408491,87.1208944539267,100.626042490725,13.5051480367982,86.9089886742777,87.3332674945342,98.6771777464832,102.60901533299,11.5275588868505,15.4827371867458,10.323226156424,16.6870699171723,supp_3lvl_stopped_vs_none
38,695220,0.0905198166062922,0.104881197608451,0.0143613810021593,1.15865455256745,0.000118329674137422,0.00115174855355617,0.00115793254047354,0.0110603292890326,0.0902881620857679,0.0907520061954605,0.102645163523598,0.107160124874672,0.0120918749263042,0.0166308870780144,1.13380770249896,1.18404590939575,90.5198166062922,104.881197608451,14.3613810021593,90.2881620857679,90.7520061954605,102.645163523598,107.160124874672,12.0918749263042,16.6308870780144,10.7097676017739,18.0129944025446,supp_3lvl_stopped_vs_none
39,531638,0.0941082018076385,0.10923838844885,0.0151301866412119,1.16077436770218,0.000141109145947075,0.00144613747012748,0.00145307604038517,0.0133237558843415,0.0938319969041013,0.0943851350659453,0.106436105851755,0.112105194157284,0.0122822099352589,0.0179781633471649,1.13085418047571,1.19148618449426,94.1082018076385,109.23838844885,15.1301866412119,93.8319969041013,94.3851350659453,106.436105851755,112.105194157284,12.2822099352589,17.9781633471649,10.547819572851,19.7125537095727,supp_3lvl_stopped_vs_none
40,379398,0.0986676956533458,0.11457855235635,0.0159108567030037,1.1612570010645,0.000181625503026141,0.00191444334426462,0.00192306882152096,0.0168099558429186,0.0983122876310054,0.0990242474069572,0.110879465229246,0.118384614646663,0.0121417110730307,0.0196800023329766,1.12362057976486,1.20015407941667,98.6676956533458,114.57855235635,15.9108567030037,98.3122876310054,99.0242474069572,110.879465229246,118.384614646663,12.1417110730307,19.6800023329766,9.84633771499998,21.9753756910074,supp_3lvl_stopped_vs_none
41,257682,0.103197546625798,0.11978217469495,0.016584628069152,1.16070758086226,0.000238682656816571,0.00253407559916837,0.00254528058605245,0.0212816467727205,0.102730674638012,0.103666295232073,0.114903756810781,0.124838500024956,0.0115959697899402,0.0215732863483638,1.1132888266401,1.21014606096163,103.197546625798,119.78217469495,16.584628069152,102.730674638012,103.666295232073,114.903756810781,124.838500024956,11.5959697899402,21.5732863483638,8.55792498334977,24.6113311549542,supp_3lvl_stopped_vs_none
42,164620,0.108323700651564,0.125566257357547,0.0172425567059823,1.15917621538286,0.000311752367456477,0.00329895396861056,0.0033136167226444,0.0264294539854958,0.107714189477563,0.108936239729198,0.119241707352292,0.132175918335594,0.0107479872710296,0.023737126140935,1.10065869666985,1.22080487109656,108.323700651564,125.566257357547,17.2425567059823,107.714189477563,108.936239729198,119.241707352292,132.175918335594,10.7479872710296,23.737126140935,6.79285708600198,27.6922563259627,supp_3lvl_stopped_vs_none
43,97642,0.1130147070284,0.130784168984382,0.017769461955982,1.1572314119393,0.000396779508780867,0.00416977916223857,0.00418854922315313,0.0320750483229647,0.112239365105798,0.113794718417722,0.12282621147681,0.139175918591238,0.00956005633112866,0.0259788675808354,1.0867205583082,1.23231729678867,113.0147070284,130.784168984382,17.769461955982,112.239365105798,113.794718417722,122.82621147681,139.175918591238,9.56005633112866,25.9788675808354,4.56060743567929,30.9783164762847,supp_3lvl_stopped_vs_none
44,54163,0.118496101098421,0.136821869077327,0.0183257679789069,1.15465291945501,0.000495088387048933,0.00516055634427058,0.00518415897123046,0.037947270103604,0.117529179476089,0.119469900710868,0.127018281160072,0.147254488117873,0.00816500310516493,0.0284865328526488,1.07189114479994,1.24380481252582,118.496101098421,136.821869077327,18.3257679789069,117.529179476089,119.469900710868,127.018281160072,147.254488117873,8.16500310516493,28.4865328526488,1.97719523620521,34.6743407216085,supp_3lvl_stopped_vs_none
45,28818,0.123731761823872,0.142562332206363,0.0188305703824908,1.1521886547554,0.00060279261654755,0.0062355075360709,0.00626446254311415,0.0440083797261677,0.122555145900329,0.124918065878912,0.130772123222078,0.155225700966011,0.00655244941548689,0.0311086913494948,1.05697227050272,1.25598252025633,123.731761823872,142.562332206363,18.8305703824908,122.555145900329,124.918065878912,130.772123222078,155.225700966011,6.55244941548689,31.1086913494948,-0.924807905170612,38.5859486701523,supp_3lvl_stopped_vs_none
15,40148,0.0804002849338578,0.0664865443739776,-0.0139137405598802,0.826944138676542,0.000506686147538248,0.00211945242454142,0.00217881084874221,0.0324902952676962,0.0794127786993962,0.0813989851281705,0.0624510883264891,0.0707630814862272,-0.0181841313525401,-0.00964334976722032,0.775926141539982,0.881316625232238,80.4002849338578,66.4865443739776,-13.9137405598802,79.4127786993962,81.3989851281705,62.4510883264891,70.7630814862272,-18.1841313525401,-9.64334976722032,-20.7847581831679,-7.0427229365925,supp_clean_broad
16,98344,0.0797423329239,0.0660375848547876,-0.0137047480691124,0.828137106520433,0.000395025412272213,0.00165090843751907,0.00169697325188775,0.0254788067296644,0.0789715222259522,0.0805200094668114,0.0628746003466163,0.0693479123812569,-0.0170307545255402,-0.0103787416126846,0.787797584739841,0.870542231254128,79.7423329239,66.0375848547876,-13.7047480691124,78.9715222259522,80.5200094668114,62.8746003466163,69.3479123812569,-17.0307545255402,-10.3787416126846,-19.0562603982803,-8.35323573994458,supp_clean_broad
17,195898,0.0811051290985992,0.0673289334600477,-0.0137761956385515,0.830143965102332,0.000298825385634426,0.00124665569399951,0.00128168445544024,0.018875364956883,0.0805213668400107,0.0816927474926922,0.0649262857498027,0.0698138547403158,-0.0162882510107592,-0.0112641402663438,0.79999389962458,0.861430322305234,81.1051290985992,67.3289334600477,-13.7761956385515,80.5213668400107,81.6927474926922,64.9262857498027,69.8138547403159,-16.2882510107592,-11.2641402663438,-17.8180685188466,-9.73432275825643,supp_clean_broad
18,369630,0.0833601674347436,0.0694378290507427,-0.0139223383840009,0.832985719529659,0.000216454269409638,0.000896815033298085,0.000922478842032709,0.0131727387679461,0.0829369050504829,0.0837853925558135,0.0677005585910925,0.0712162743857788,-0.0157303636908852,-0.0121143130771166,0.81175486568648,0.854771850801977,83.3601674347436,69.4378290507427,-13.9223383840009,82.9369050504829,83.7853925558135,67.7005585910925,71.2162743857788,-15.7303636908852,-12.1143130771166,-16.8314336753043,-11.0132430926975,supp_clean_broad
19,634766,0.0858942815514843,0.0718780702686865,-0.0140162112827978,0.836820204679207,0.000160590351060306,0.000629932336962015,0.000649322108028915,0.0089522047024808,0.0855800523005133,0.0862095558009307,0.0706531658658854,0.0731225397901867,-0.0152888592289001,-0.0127435633366955,0.822265420885907,0.851632620285654,85.8942815514843,71.8780702686865,-14.0162112827978,85.5800523005133,86.2095558009307,70.6531658658854,73.1225397901867,-15.2888592289001,-12.7435633366955,-16.0638895610809,-11.9685330045147,supp_clean_broad
20,833505,0.0855822057720057,0.0720058280591868,-0.0135763777128188,0.841364480030033,0.000132206135787854,0.000479952391241528,0.000497440048864579,0.00683755321209317,0.0853234418135392,0.0858416808452034,0.0710707879010392,0.0729522039312208,-0.0145513422930613,-0.0126014131325764,0.830164270030725,0.852715798320262,85.5822057720057,72.0058280591868,-13.5763777128188,85.3234418135392,85.8416808452034,71.0707879010392,72.9522039312208,-14.5513422930613,-12.6014131325764,-15.1450863247898,-12.0076691008479,supp_clean_broad
21,972213,0.0842995149814994,0.0714283228498486,-0.0128711921316508,0.847315940851195,0.000126239764234829,0.000448427106257224,0.000466086176151475,0.00645687394061808,0.0840524190411984,0.0845472702787162,0.0705543977451593,0.0723122306717513,-0.0137847042505997,-0.011957680012702,0.836660519613201,0.858107065877162,84.2995149814994,71.4283228498486,-12.8711921316508,84.0524190411984,84.5472702787162,70.5543977451593,72.3122306717513,-13.7847042505997,-11.957680012702,-14.341024325738,-11.4013599375637,supp_clean_broad
22,1120546,0.0832516763367251,0.0711938344555691,-0.012057841881156,0.855163974928432,0.000121536471774484,0.000439667848492814,0.000456666916149898,0.00635203793034623,0.0830137788615388,0.0834901934958021,0.0703369020827566,0.0720603978068162,-0.0129528925897408,-0.0111627911725712,0.844583383519036,0.865877115612129,83.2516763367251,71.1938344555691,-12.057841881156,83.0137788615388,83.4901934958022,70.3369020827566,72.0603978068162,-12.9528925897408,-11.1627911725712,-13.497969843916,-10.6177139183961,supp_clean_broad
23,1241876,0.0825136898212725,0.0713960210293216,-0.0111176687919509,0.865262736207384,0.00010995656998149,0.000406679029677547,0.000421854845108667,0.00585690969030766,0.0822984348722981,0.0827294570240722,0.070603040477022,0.0721972161065863,-0.0119444890950676,-0.0102908484888342,0.855386890450087,0.875252603269557,82.5136898212725,71.3960210293216,-11.1176687919509,82.2984348722981,82.7294570240722,70.603040477022,72.1972161065863,-11.9444890950676,-10.2908484888342,-12.4480146899825,-9.78732289391929,supp_clean_broad
24,1360104,0.0820491886469927,0.0720248549193071,-0.0100243337276856,0.877825315606543,9.51382561734721e-05,0.000359696190811416,0.000372695291225905,0.00513463626733944,0.0818629139339421,0.0822358492540596,0.0713230380101836,0.0727330368292445,-0.010754803075696,-0.00929386437967516,0.86903544658071,0.886704089863796,82.0491886469927,72.0248549193071,-10.0243337276856,81.8629139339421,82.2358492540596,71.3230380101836,72.7330368292445,-10.754803075696,-9.29386437967516,-11.1996518676737,-8.84901558769753,supp_clean_broad
25,1484822,0.0818403868665132,0.0731023781315512,-0.00873800873496199,0.893231092013113,8.46796205915848e-05,0.000329829477650467,0.000341162001014235,0.00463682313486957,0.0816745710745569,0.082006509235934,0.0724585513254866,0.073751470759796,-0.0094066739698435,-0.00806934350008047,0.885150177498804,0.901385780651912,81.8403868665132,73.1023781315512,-8.73800873496199,81.6745710745569,82.006509235934,72.4585513254866,73.751470759796,-9.4066739698435,-8.06934350008047,-9.81388465265265,-7.66213281727132,supp_clean_broad
26,1598842,0.0816286398151222,0.0744226585657618,-0.00720598124936039,0.911722389768089,8.3635801664681e-05,0.000338498191905513,0.000349297117707707,0.00466992573427713,0.0814648665463324,0.081792713008243,0.0737619276640823,0.0750888282296238,-0.00789059101997115,-0.00652137147874964,0.903415572113932,0.920105587796538,81.6286398151222,74.4226585657618,-7.20598124936039,81.4648665463324,81.792713008243,73.7619276640823,75.0888282296238,-7.89059101997115,-6.52137147874964,-8.30751177135075,-6.10445072737004,supp_clean_broad
27,1704213,0.0813412174859154,0.0759494135272137,-0.0053918039587017,0.933713753920203,8.77771069030794e-05,0.000368222922062529,0.000379070896800497,0.00497345179787355,0.0811693432604122,0.0815134233644942,0.0752308496369631,0.0766742716954332,-0.00613476926401798,-0.00464883865338543,0.924656328329855,0.942859901077484,81.3412174859154,75.9494135272137,-5.3918039587017,81.1693432604122,81.5134233644942,75.2308496369631,76.6742716954332,-6.13476926401798,-4.64883865338543,-6.5872279735469,-4.1963799438565,supp_clean_broad
28,1800360,0.0808566262433796,0.0775768070525463,-0.00327981919083328,0.959436605962745,8.83598019487678e-05,0.00038247842867805,0.000393018956897461,0.0050557602573218,0.0806836132760214,0.0810299775087097,0.0768304726710413,0.0783297762101577,-0.00405012219159381,-0.00250951619007276,0.949976393538839,0.968991026642471,80.8566262433796,77.5768070525463,-3.27981919083328,80.6836132760214,81.0299775087098,76.8304726710413,78.3297762101577,-4.05012219159381,-2.50951619007276,-4.51922929414148,-2.04040908752509,supp_clean_broad
29,1867077,0.0804606828825992,0.0795219068644799,-0.000938776018119369,0.988332487564279,8.37932293601338e-05,0.000374983729483038,0.000384687536415933,0.0048347740114293,0.0802966040400002,0.0806250676133841,0.0787900482118399,0.0802599712717676,-0.00169274973479604,-0.0001848023014427,0.979011299236987,0.997742423132691,80.4606828825992,79.5219068644799,-0.938776018119369,80.2966040400002,80.6250676133842,78.7900482118399,80.2599712717676,-1.69274973479604,-0.1848023014427,-2.15191246073387,0.274360424495132,supp_clean_broad
30,1890233,0.0801532445601313,0.0817175635987556,0.00156431903862431,1.01951660281763,7.69815126632067e-05,0.000359218892487413,0.000367835485126035,0.00450529609827298,0.0800024931444161,0.0803042552464568,0.0810162649037554,0.0824243884451081,0.00084337473554146,0.00228526334170715,1.01055367938891,1.02855902127766,80.1532445601313,81.7175635987556,1.56431903862431,80.0024931444161,80.3042552464568,81.0162649037554,82.4243884451081,0.84337473554146,2.28526334170715,0.404326604113255,2.72431147313536,supp_clean_broad
31,1885401,0.0796970180839084,0.0838418432025532,0.00414482511864486,1.05200727979911,7.2296486566669e-05,0.000355357693240289,0.000363110270746163,0.00434033956559257,0.0795554345835566,0.0798388317020254,0.083147977956174,0.0845409648076524,0.0034331420655658,0.00485650817172393,1.04309590722127,1.06099478397778,79.6970180839084,83.8418432025532,4.14482511864486,79.5554345835566,79.8388317020254,83.147977956174,84.5409648076524,3.4331420655658,4.85650817172393,2.99973394612113,5.2899162911686,supp_clean_broad
32,1797386,0.0794666263063205,0.0861948711158576,0.00672824480953706,1.08466755318895,7.37143176491077e-05,0.000380508473594525,0.000388095319401183,0.00451734776010648,0.0793222688444455,0.0796112237653252,0.0854520043728618,0.0869435819351073,0.00596759196094217,0.00748889765813195,1.07510646999947,1.09431366452616,79.4666263063205,86.1948711158576,6.72824480953706,79.3222688444455,79.6112237653252,85.4520043728618,86.9435819351073,5.96759196094217,7.48889765813195,5.50436170804599,7.95212791102812,supp_clean_broad
33,1664944,0.0796282710837667,0.0888824077924109,0.00925413670864422,1.1162167228133,8.10516127133325e-05,0.000431774300864703,0.000439866728601967,0.00497019799339501,0.0794695575235607,0.0797872741465698,0.0880397734752847,0.0897323134701998,0.00839201376258691,0.0101162596547015,1.10539598927855,1.127143380628,79.6282710837667,88.8824077924109,9.25413670864422,79.4695575235607,79.7872741465698,88.0397734752847,89.7323134701998,8.39201376258691,10.1162596547015,7.86698919840176,10.6412842188867,supp_clean_broad
34,1507773,0.0802541068749997,0.0919103996723958,0.0116562927973961,1.14524232156183,9.05992059206739e-05,0.000490853396480225,0.000499698771912206,0.00546544623550379,0.0800767149055648,0.0804318574576719,0.0909528595100719,0.092876990738373,0.0106769012013293,0.0126356843934629,1.13303987022337,1.15757618912189,80.2541068749997,91.9103996723958,11.6562927973961,80.0767149055648,80.4318574576719,90.9528595100719,92.876990738373,10.6769012013293,12.6356843934629,10.0804611596355,13.2321244351567,supp_clean_broad
35,1320884,0.0818506992217355,0.0957758054492395,0.013925106227504,1.1701281279196,9.88944840371634e-05,0.000540513292186643,0.000550057835317881,0.00577835900962789,0.0816570785199391,0.082044738009905,0.0947216445766187,0.0968404431323971,0.0128470126808669,0.0150031997741411,1.15695074766942,1.18345559524186,81.8506992217355,95.7758054492395,13.925106227504,81.6570785199391,82.044738009905,94.7216445766187,96.8404431323971,12.8470126808669,15.0031997741411,12.1904641026594,15.6597483523486,supp_clean_broad
36,1102970,0.0840636413791526,0.100010934432774,0.0159472930536211,1.18970499959303,0.000103727432180317,0.000570370411279871,0.000580355888093437,0.00584248607827644,0.0838605624941033,0.0842671668108551,0.0988985693308652,0.101134406696711,0.0148098164147422,0.0170847696925,1.1761593177714,1.20340668536179,84.0636413791526,100.010934432774,15.9472930536211,83.8605624941033,84.2671668108551,98.8985693308653,101.134406696711,14.8098164147422,17.0847696925,14.1171041057504,17.7774820014918,supp_clean_broad
37,882486,0.0868722450093692,0.104594805414853,0.0177225604054842,1.2040071648151,0.000107980109488426,0.000600720910726104,0.000611021862313237,0.00588397526237024,0.0866608410203341,0.0870841155347697,0.103423253143434,0.105778063014962,0.0165249795615837,0.0189201412493848,1.19020185419408,1.21797260508192,86.8722450093692,104.594805414853,17.7225604054842,86.6608410203341,87.0841155347697,103.423253143434,105.778063014962,16.5249795615837,18.9201412493848,15.7956643710754,19.6494564398931,supp_clean_broad
38,688028,0.0902728540543611,0.109547690046428,0.0192748359920666,1.21351752078714,0.000118069869775501,0.000673570007404611,0.000684452484715885,0.00629295379340929,0.0900417083846389,0.0905045340801711,0.108234476508882,0.110874855846384,0.0179333337728945,0.0206163382112386,1.19864196668456,1.22857768557081,90.2728540543611,109.547690046428,19.2748359920666,90.0417083846389,90.5045340801711,108.234476508882,110.874855846384,17.9333337728945,20.6163382112386,17.1163718520974,21.4333001320358,supp_clean_broad
39,526307,0.0938651896561911,0.11442263926371,0.0205574496075193,1.21901036670588,0.000140822754870211,0.00082877485644169,0.000841089773010712,0.00740145875336118,0.0935895456510225,0.0941415611809298,0.112808283275319,0.116057075559766,0.0189089439446534,0.0222059552703853,1.2014543269865,1.23682294096319,93.8651896561911,114.42263926371,20.5574496075193,93.5895456510225,94.1415611809298,112.808283275319,116.057075559766,18.9089439446534,22.2059552703853,17.9050198858389,23.2098793291998,supp_clean_broad
40,375709,0.0984185002723837,0.120130126729611,0.0217116264572272,1.22060513416825,0.000181275476812498,0.00108853965488421,0.00110380433420422,0.00924940643872569,0.0980637777252338,0.0987743654247839,0.118012933782481,0.122280036806655,0.0195482097162077,0.0238750431982467,1.19867675462287,1.24293466759238,98.4185002723837,120.130126729611,21.7116264572272,98.0637777252338,98.7743654247839,118.012933782481,122.280036806655,19.5482097162077,23.8750431982467,18.2307097740021,25.1925431404523,supp_clean_broad
41,255334,0.102952993683617,0.125543979312466,0.0225909856288494,1.21943009931575,0.000238266042642424,0.00144092682703076,0.00146063441323092,0.0117098330893096,0.102486937513526,0.103420925012826,0.122746912736274,0.128395454718382,0.019728194784337,0.0254537764733618,1.19176185996642,1.247740691382,102.952993683617,125.543979312466,22.5909856288494,102.486937513526,103.420925012826,122.746912736274,128.395454718382,19.728194784337,25.4537764733618,17.9847827543393,27.1971885033595,supp_clean_broad
42,163232,0.108140168738667,0.131478086407229,0.0233379176685616,1.21581173712573,0.000311380580232356,0.001880680899826,0.00190632365538309,0.014591439075033,0.107531385603659,0.108751978481128,0.127835665233675,0.135208201928509,0.019601591961134,0.0270742433759892,1.18153359926671,1.2510843373816,108.140168738667,131.478086407229,23.3379176685616,107.531385603659,108.751978481128,127.835665233675,135.208201928509,19.601591961134,27.0742433759892,17.3262056195837,29.3496297175396,supp_clean_broad
43,96854,0.112797870291078,0.136591380134263,0.0237935098431853,1.21093935356923,0.000396257178039398,0.00238171740043677,0.00241439051994206,0.0177865892968356,0.112023551182089,0.113576857007108,0.131990087699301,0.141326961012908,0.0190613913794839,0.0285256283068867,1.16945205407467,1.25389845005909,112.797870291078,136.591380134263,23.7935098431853,112.023551182089,113.576857007108,131.990087699301,141.326961012908,19.0613913794839,28.5256283068867,16.1795768477638,31.4074428386068,supp_clean_broad
44,53762,0.118280889115112,0.14249502017771,0.024214131062598,1.20471718841268,0.00049451569617638,0.0029513774105045,0.00299233483629765,0.0211283421392281,0.117315089325124,0.119253565677051,0.136807743802297,0.148378083442041,0.0183492625537701,0.030078999571426,1.1558477429653,1.25565284259117,118.280889115112,142.49502017771,24.214131062598,117.315089325124,119.253565677051,136.807743802297,148.378083442041,18.3492625537701,30.078999571426,14.7776141630939,33.6506479621022,supp_clean_broad
45,28633,0.123695113999817,0.148228801548728,0.0245336875489113,1.19833998899057,0.00060270860855398,0.00357100581449326,0.00362120621969289,0.0245765322685541,0.122518663078212,0.124881253760732,0.141365356188768,0.155365179075693,0.0174362537777208,0.0316311213201017,1.14198518520356,1.25747579550076,123.695113999817,148.228801548728,24.5336875489113,122.518663078212,124.881253760732,141.365356188768,155.365179075693,17.4362537777208,31.6311213201017,13.1139850229061,35.9533900749164,supp_clean_broad
15,40518,0.0803293791361594,0.0689317472066009,-0.0113976319295586,0.858113780386135,0.000506337918554966,0.00180059276722013,0.00186994904277513,0.0268650782042335,0.0793425531718293,0.0813273945743675,0.0654852128429821,0.072545593746901,-0.015062664706323,-0.00773259915279417,0.814099110650331,0.904508124938687,80.3293791361594,68.9317472066009,-11.3976319295586,79.3425531718293,81.3273945743675,65.4852128429821,72.545593746901,-15.062664706323,-7.73259915279417,-17.2946343402887,-5.50062951882839,supp_clean_prepregnancy
16,99654,0.0797069239693121,0.0688011362886084,-0.0109057876807037,0.863176407548953,0.000394885251944754,0.00140786742061302,0.00146149729030003,0.0210451557939445,0.078936387225442,0.0804843250489701,0.0660924894632325,0.0716122786073253,-0.0137702697331947,-0.00804130562821282,0.828296626487243,0.899524985039393,79.7069239693121,68.8011362886084,-10.9057876807037,78.936387225442,80.4843250489701,66.0924894632325,71.6122786073253,-13.7702697331947,-8.04130562821282,-15.5147116925498,-6.29686366885767,supp_clean_prepregnancy
17,199163,0.0810658450562832,0.0704265841952332,-0.01063926086105,0.868757787528604,0.000298711040367753,0.00106582590745902,0.00110647923132955,0.0155708308274937,0.0804823064667015,0.0816532388947902,0.0683660233313268,0.0725444145996592,-0.0128079203040975,-0.00847060141800253,0.842645285679043,0.895679482480448,81.0658450562832,70.4265841952332,-10.63926086105,80.4823064667015,81.6532388947902,68.3660233313268,72.5444145996592,-12.8079203040975,-8.47060141800253,-14.128613001304,-7.14990872079606,supp_clean_prepregnancy
18,378164,0.0833939790336099,0.0729466530182754,-0.0104473260153345,0.87472325776512,0.000216555091736347,0.000768619555463171,0.000798559201928026,0.0108521915786517,0.0829705195135188,0.0838194022359283,0.0714544439246736,0.0744675252974671,-0.0120124732906365,-0.00888217874003253,0.856314448310851,0.893527814676638,83.3939790336099,72.9466530182754,-10.4473260153345,82.9705195135188,83.8194022359283,71.4544439246737,74.4675252974671,-12.0124732906365,-8.88217874003253,-12.9656328949122,-7.92901913575681,supp_clean_prepregnancy
19,652839,0.0859558473320988,0.0757292558370216,-0.0102265914950772,0.881025063302956,0.00016068368304536,0.000540988510918928,0.000563725371717945,0.00737695801517634,0.0856414353441805,0.0862713046991372,0.0746757291277602,0.076796412167329,-0.0113314729208159,-0.00912171006933861,0.868378346021432,0.893855962351255,85.9558473320988,75.7292558370216,-10.2265914950772,85.6414353441805,86.2713046991372,74.6757291277602,76.796412167329,-11.3314729208159,-9.12171006933861,-12.004335059189,-8.44884793096545,supp_clean_prepregnancy
20,857364,0.0856489788693011,0.0759994222805835,-0.00964955658871762,0.887335999610192,0.000132315756783098,0.00041374115130168,0.000434188005261556,0.00565664748064139,0.0853900003383846,0.0859086690766784,0.0751924645331647,0.0768143209017049,-0.0105005494415496,-0.00879856373588568,0.877552594035787,0.897228475598476,85.6489788693011,75.9994222805835,-9.64955658871762,85.3900003383846,85.9086690766784,75.1924645331647,76.8143209017049,-10.5005494415496,-8.79856373588568,-11.0187958862429,-8.28031729119232,supp_clean_prepregnancy
21,999249,0.0843864593649946,0.075447360813777,-0.00893909855121756,0.894069515198481,0.000126392071714378,0.000387816898977725,0.000408299006107402,0.00535885539845348,0.0841390653250978,0.0846345135973911,0.0746907613765587,0.0762109931792398,-0.00973934989811157,-0.00813884720432356,0.884728099911293,0.903509561963041,84.3864593649946,75.447360813777,-8.93909855121756,84.1390653250978,84.6345135973911,74.6907613765587,76.2109931792398,-9.73934989811157,-8.13884720432356,-10.2266952547838,-7.65150184765133,supp_clean_prepregnancy
22,1151028,0.0833474381966953,0.0751393077055895,-0.00820813049110582,0.901519102821912,0.000121699474502437,0.000379984812800269,0.0003996398525763,0.00527142064323627,0.0831092216776379,0.0835862752712927,0.0743979338818558,0.0758874636011901,-0.00899141020894226,-0.00742485077326937,0.892252744102532,0.910881695937301,83.3474381966953,75.1393077055895,-8.20813049110582,83.1092216776379,83.5862752712927,74.3979338818558,75.8874636011901,-8.99141020894226,-7.42485077326937,-9.46842000710719,-6.94784097510445,supp_clean_prepregnancy
23,1273820,0.0825956860627882,0.0751719727655787,-0.00742371329720948,0.910119842196527,0.000110089163673371,0.000350658440191005,0.00036821129676382,0.004859704829275,0.0823801715705337,0.0828117134803645,0.0744875747606096,0.0758621436380201,-0.00814539417756735,-0.0067020324168516,0.901492243957488,0.91883000958896,82.5956860627882,75.1719727655787,-7.42371329720948,82.3801715705337,82.8117134803645,74.4875747606096,75.8621436380201,-8.14539417756735,-6.7020324168516,-8.58489087745622,-6.26253571696274,supp_clean_prepregnancy
24,1392762,0.0821310471689017,0.0755837089099406,-0.00654733825896109,0.920281811998616,9.52546592987562e-05,0.000310135809659954,0.000325165106890389,0.00427292695056517,0.0819445445688455,0.0823179361810599,0.0749780938212325,0.0761938127619587,-0.00718465015749537,-0.00591002636042681,0.912606834580362,0.92802133558959,82.1310471689017,75.5837089099406,-6.54733825896109,81.9445445688455,82.3179361810599,74.9780938212325,76.1938127619587,-7.18465015749537,-5.91002636042681,-7.57276696068243,-5.52190955723975,supp_clean_prepregnancy
25,1518073,0.0819356612585303,0.0764065766252679,-0.00552908463326239,0.932519191908191,8.48028472244746e-05,0.000285967407586153,0.000299031649851269,0.00389244289046701,0.0817696041953518,0.0821020253964572,0.0758479730846923,0.0769689515193201,-0.00611517589720847,-0.00494299336931631,0.925432026881489,0.939660632026586,81.9356612585303,76.4065766252679,-5.52908463326239,81.7696041953518,82.1020253964572,75.8479730846923,76.9689515193201,-6.11517589720847,-4.94299336931631,-6.47209982764468,-4.58606943888011,supp_clean_prepregnancy
26,1631824,0.0817387527621476,0.0774283866701478,-0.00431036609199979,0.9472665541577,8.37729358215704e-05,0.000295245991467331,0.000307654080690846,0.00395773229665506,0.0815747109832065,0.0819030950013434,0.0768516924530021,0.0780090427056364,-0.00491335700985063,-0.00370737517414895,0.939947020966454,0.954643085844546,81.7387527621476,77.4283866701478,-4.31036609199979,81.5747109832065,81.9030950013434,76.8516924530021,78.0090427056364,-4.91335700985063,-3.70737517414895,-5.28057266661984,-3.34015951737974,supp_clean_prepregnancy
27,1736656,0.0814689291472803,0.0786243550857782,-0.00284457406150214,0.965083939469,8.79338241913947e-05,0.000320998363846371,0.000333497145784563,0.00423122407992539,0.081296748065615,0.0816414424904017,0.0779975077664537,0.0792558071733531,-0.00349821645618679,-0.00219093166681749,0.957113548279739,0.973120704325027,81.4689291472803,78.6243550857782,-2.84457406150214,81.296748065615,81.6414424904017,77.9975077664537,79.2558071733531,-3.49821645618679,-2.19093166681749,-3.89627837412051,-1.79286974888377,supp_clean_prepregnancy
28,1831349,0.0809908570372226,0.0798845154331126,-0.00110634160410994,0.986339919781298,8.85180535702933e-05,0.000331917436489861,0.000344126242442791,0.00430382396128662,0.0808175341978452,0.0811645187656862,0.0792363833780231,0.0805374853158453,-0.00178081664543291,-0.000431866562786971,0.978054800268968,0.994695222687558,80.9908570372226,79.8845154331126,-1.10634160410994,80.8175341978452,81.1645187656862,79.2363833780231,80.5374853158453,-1.78081664543291,-0.431866562786971,-2.19156544436444,-0.0211177638554383,supp_clean_prepregnancy
29,1896400,0.0806298641356068,0.0814782325272776,0.000848368391670851,1.01052176387454,8.3975061511948e-05,0.000324050266971959,0.000335357696318665,0.0041187242856722,0.0804654292170283,0.0807946055595205,0.0808453573140356,0.0821156194196898,0.000191079384947947,0.00150565739839375,1.00239711258705,1.01871226726566,80.6298641356068,81.4782325272776,0.848368391670851,80.4654292170283,80.7946055595205,80.8453573140356,82.1156194196898,0.191079384947947,1.50565739839375,-0.209203284567551,1.90594006790925,supp_clean_prepregnancy
30,1917375,0.0803251873014332,0.0832819746043629,0.00295678730292966,1.03681021361125,7.71523793647791e-05,0.000309825974920753,0.000319903007939947,0.00384984108875065,0.0801741012615195,0.080476533148862,0.0826767361215002,0.0838912385658187,0.00232978892882133,0.00358378567703798,1.02901635189317,1.04466310673381,80.3251873014332,83.2819746043629,2.95678730292966,80.1741012615195,80.476533148862,82.6767361215002,83.8912385658187,2.32978892882133,3.58378567703798,1.94795296259808,3.96562164326123,supp_clean_prepregnancy
31,1910236,0.0798825888188577,0.0850204170441019,0.00513782822524417,1.06431724736531,7.24685548779314e-05,0.000307058819526112,0.000316118984071005,0.00373157323767836,0.0797406683228606,0.0800247399368349,0.0844205217242465,0.0856241765815141,0.00451824640163561,0.00575741004885273,1.05656149438816,1.07212993191206,79.8825888188577,85.0204170441019,5.13782822524417,79.7406683228606,80.0247399368349,84.4205217242465,85.6241765815141,4.51824640163561,5.75741004885273,4.14092704317893,6.13472940730941,supp_clean_prepregnancy
32,1819679,0.079663704620854,0.0869945582420994,0.00733085362124537,1.0920225045538,7.38959415817804e-05,0.000329556780652846,0.000338379552746415,0.00390815106055687,0.0795189914456567,0.0798086583193842,0.0863508045318843,0.0876426508270699,0.00666764188475763,0.00799406535773312,1.08368974651743,1.10041933522417,79.663704620854,86.9945582420994,7.33085362124537,79.5189914456567,79.8086583193842,86.3508045318843,87.6426508270699,6.66764188475763,7.99406535773312,6.26375232990426,8.39795491258648,supp_clean_prepregnancy
33,1684628,0.0798261458050399,0.0893102298887506,0.00948408408371069,1.11880924461609,8.1248565908958e-05,0.000373654789578815,0.000383039508151671,0.00431394822717146,0.0796670465302645,0.0799855351957483,0.0885805830846143,0.0900452930784873,0.00873334044307748,0.0102348277243439,1.10938938696546,1.12830908655285,79.8261458050399,89.3102298887506,9.48408408371069,79.6670465302645,79.9855351957482,88.5805830846144,90.0452930784873,8.73334044307748,10.2348277243439,8.27614480231556,10.6920233651058,supp_clean_prepregnancy
34,1524963,0.0804632408558765,0.092005453670249,0.0115422128143725,1.14344702862574,9.0822976941437e-05,0.000423511070424428,0.000433779079250951,0.00474736760336216,0.0802854106730243,0.0806414303915591,0.0911787453990189,0.0928388919133618,0.0106920214417937,0.0123924041869513,1.13285697677692,1.1541360772592,80.4632408558766,92.0054536702491,11.5422128143725,80.2854106730243,80.6414303915591,91.1787453990189,92.8388919133618,10.6920214417937,12.3924041869513,10.1742630908491,12.910162537896,supp_clean_prepregnancy
35,1335302,0.0820561868406224,0.095558503420486,0.0135023165798636,1.16454964701308,9.91288103443678e-05,0.000464884284237488,0.000475979719245521,0.00502045664860621,0.0818621072773811,0.0822506853097468,0.0946512238462553,0.0964735530059605,0.0125694134727709,0.0144352196869563,1.1531467720463,1.17606527914196,82.0561868406224,95.558503420486,13.5023165798636,81.8621072773811,82.2506853097468,94.6512238462553,96.4735530059605,12.5694134727709,14.4352196869563,12.0012844727619,15.0033486869653,supp_clean_prepregnancy
36,1115157,0.0842753818762349,0.0995394116165255,0.0152640297402906,1.18112086116331,0.000103972646114921,0.000490012876046664,0.000501615855702819,0.00508320532075716,0.0840718228117051,0.0844793883495571,0.0985831166112932,0.100503948778143,0.0142808807290388,0.0162471787515423,1.1694118973636,1.19294706323772,84.2753818762349,99.5394116165255,15.2640297402906,84.0718228117051,84.4793883495571,98.5831166112932,100.503948778143,14.2808807290388,16.2471787515423,13.6821524577149,16.8459070228662,supp_clean_prepregnancy
37,891794,0.087091696466616,0.103918766168444,0.0168270697018279,1.19321095333443,0.000108229860447988,0.000517337328219731,0.000529256076229405,0.00513922934148616,0.0868798033964589,0.087304056916742,0.102909167863229,0.104937110609286,0.0157897468538193,0.0178643925498365,1.18125242058507,1.20529054954409,87.091696466616,103.918766168444,16.8270697018279,86.879803396459,87.304056916742,102.909167863229,104.937110609286,15.7897468538193,17.8643925498365,15.1580272380896,18.4961121655661,supp_clean_prepregnancy
38,695074,0.0904858450050347,0.108696601581057,0.0182107565760222,1.20125530766728,0.000118316716818728,0.000583177852415813,0.000595698894268309,0.00552923744249644,0.0902542159343191,0.090718009252466,0.107558859677446,0.109844897057082,0.017043208197626,0.0193783049544184,1.1883074615766,1.21434423401186,90.4858450050347,108.696601581057,18.2107565760222,90.2542159343191,90.718009252466,107.558859677446,109.844897057082,17.043208197626,19.3783049544184,16.3321824891282,20.0893306629161,supp_clean_prepregnancy
39,531527,0.0940803145066527,0.113454860141414,0.0193745456347609,1.20593623369946,0.000141095145525058,0.000720841308646555,0.000734973988412645,0.00653293765068471,0.093804137092795,0.0943572203742356,0.112049689687587,0.114875372535648,0.0179340230878984,0.0208150681816235,1.19059347368284,1.22147671047678,94.0803145066527,113.454860141414,19.3745456347609,93.804137092795,94.3572203742356,112.049689687587,114.875372535648,17.9340230878984,20.8150681816235,17.0567587419902,21.6923325275316,supp_clean_prepregnancy
40,379301,0.0986438045449607,0.119092999951001,0.0204491954060406,1.20730339325791,0.00018161228625585,0.000948195538173372,0.000965719319663793,0.008174798177975,0.0982884225009541,0.0990003304685261,0.117247074663443,0.120964004902298,0.0185564203203251,0.0223419704917562,1.18811374577566,1.22680297955856,98.6438045449607,119.092999951001,20.4491954060406,98.2884225009541,99.0003304685261,117.247074663443,120.964004902298,18.5564203203251,22.3419704917562,17.403738537497,23.4946522745842,supp_clean_prepregnancy
41,257592,0.103177186054412,0.124468800989198,0.021291614934786,1.20635971719133,0.000238673950377168,0.00125456271150057,0.00127721227176138,0.0103428015720608,0.10271033127407,0.103645917740328,0.122030665833576,0.126948605727319,0.0187883248815211,0.0237949049880508,1.18215117473336,1.2310640114114,103.177186054413,124.468800989198,21.291614934786,102.71033127407,103.645917740328,122.030665833576,126.948605727319,18.7883248815211,23.7949049880508,17.2638453681814,25.3193845013905,supp_clean_prepregnancy
42,164591,0.108312318753643,0.130340245644873,0.0220279268912297,1.20337416043444,0.000311765590735794,0.00163545719348734,0.00166495022906535,0.0128739043193426,0.107702781973953,0.108924884061394,0.127168179016425,0.133579326710886,0.0187646844062099,0.0252911693762495,1.1733900321549,1.23412448573633,108.312318753643,130.340245644873,22.0279268912297,107.702781973953,108.924884061394,127.168179016425,133.579326710886,18.7646844062099,25.2911693762495,16.7774011870783,27.2784525953811,supp_clean_prepregnancy
43,97619,0.11300536711406,0.135528901407083,0.0225235342930225,1.1993138456007,0.000396799600969152,0.00206999266027397,0.00210761473143001,0.0156712858963936,0.112229986271449,0.113785418345822,0.131522752712133,0.139637456447865,0.0183926853261336,0.0266543832599114,1.16303671467409,1.23672252311708,113.00536711406,135.528901407083,22.5235342930225,112.229986271449,113.785418345822,131.522752712133,139.637456447865,18.3926853261336,26.6543832599114,15.8770381223631,29.1700304636819,supp_clean_prepregnancy
44,54150,0.118501794715085,0.141502789795506,0.0230009950804218,1.19409828463546,0.00049518604943174,0.00256408301056407,0.0026112734195348,0.018594380535609,0.117534682838195,0.119475786907052,0.136551417951204,0.1466032157214,0.0178829932243469,0.0281189969364968,1.15136363659722,1.23841909545053,118.501794715085,141.502789795506,23.0009950804218,117.534682838195,119.475786907052,136.551417951204,146.6032157214,17.8829932243469,28.1189969364968,14.7661794261837,31.23581073466,supp_clean_prepregnancy
45,28814,0.123785901620004,0.147164263178721,0.0233783615587174,1.18886126168458,0.000603068676398845,0.00309979972919705,0.00315760955146046,0.0216171341245582,0.122608746549081,0.12497274866113,0.141191940510281,0.153344103639078,0.0171895605606152,0.0295671625568196,1.13954279129552,1.24031419471963,123.785901620004,147.164263178721,23.3783615587174,122.608746549081,124.97274866113,141.191940510281,153.344103639078,17.1895605606152,29.5671625568196,13.4206404063415,33.3360827110933,supp_clean_prepregnancy
15,40557,0.0803447299266512,0.0690480980530328,-0.0112966318736184,0.859397973159766,0.000506245584951023,0.00303258816491671,0.0030742248961082,0.0443655153049225,0.0793580817299973,0.0813425611570878,0.063336021112052,0.0752339514859556,-0.0173220019503668,-0.00527126179686993,0.787826037387052,0.937472032176899,80.3447299266512,69.0480980530328,-11.2966318736184,79.3580817299973,81.3425611570878,63.336021112052,75.2339514859556,-17.3220019503668,-5.27126179686993,-20.9913942488394,-1.60186949839742,supp_pdose_1_5
16,99756,0.0796894515892356,0.0694154719099245,-0.0102739796793112,0.871074785000792,0.000394793738178089,0.00237802303247329,0.0024100659589024,0.0346078238000387,0.0789190934492261,0.0804666725431708,0.0648969723448134,0.074223603725141,-0.0149976221591259,-0.00555033719949648,0.813949028926385,0.932209824078309,79.6894515892356,69.4154719099245,-10.2739796793112,78.9190934492261,80.4666725431708,64.8969723448134,74.223603725141,-14.9976221591259,-5.55033719949648,-17.8742748983586,-2.67368446026371,supp_pdose_1_5
17,199402,0.0810646535898676,0.0715965158344743,-0.00946813775539328,0.883202637202453,0.000298732479217951,0.00180522814571444,0.00182942772450287,0.0254774435258109,0.0804810732880937,0.0816520897566172,0.0681380166808107,0.075216389688969,-0.013053750207738,-0.00588252530304859,0.840183054191601,0.928424936053852,81.0646535898676,71.5965158344743,-9.46813775539328,80.4810732880936,81.6520897566172,68.1380166808107,75.216389688969,-13.053750207738,-5.88252530304859,-15.237353629661,-3.69892188112554,supp_pdose_1_5
18,378795,0.0833890541056929,0.0746714438128731,-0.00871761029281973,0.895458578031471,0.000216429372342404,0.00130733328108736,0.00132511177670414,0.0176989540687701,0.0829658399175355,0.0838142298252265,0.0721491896880102,0.0772745295684493,-0.0113147816506497,-0.00612043893498973,0.864928333629551,0.927066479144357,83.3890541056929,74.6714438128731,-8.71761029281973,82.9658399175356,83.8142298252265,72.1491896880102,77.2745295684493,-11.3147816506497,-6.12043893498973,-12.896433973552,-4.53878661208749,supp_pdose_1_5
19,653855,0.0859489235991848,0.0780118785714185,-0.00793704502776624,0.90765393334325,0.00016067226972633,0.000936170294105983,0.000949427383516037,0.0121400643265802,0.0856345339535922,0.0862643585691586,0.0761966579413994,0.0798666043116584,-0.00979788850539377,-0.00607620155013871,0.886312047273139,0.9295097197969,85.9489235991848,78.0118785714186,-7.93704502776624,85.6345339535922,86.2643585691586,76.1966579413994,79.8666043116584,-9.79788850539377,-6.07620155013871,-10.9311242466835,-4.94296580884894,supp_pdose_1_5
20,858662,0.0856433834324599,0.0787418889650797,-0.00690149446738021,0.919415905925495,0.000132273709912611,0.000747941485762736,0.000759372680111564,0.00962134448958092,0.0853844871118332,0.0859029910290304,0.0772883736653917,0.0802203631083467,-0.00838983757124253,-0.00541315136351789,0.902240482530218,0.936918287791955,85.6433834324599,78.7418889650797,-6.90149446738021,85.3844871118332,85.9029910290304,77.2883736653917,80.2203631083467,-8.38983757124253,-5.41315136351789,-9.2962241754234,-4.50676475933702,supp_pdose_1_5
21,1000721,0.0843774833702243,0.0785541999167455,-0.00582328345347874,0.930985338494538,0.000126304217084555,0.000722920361021211,0.000734030285047058,0.00932565914827358,0.0841302611028662,0.0846253649905157,0.0771489399679178,0.0799828380854504,-0.00726195637573264,-0.00438461053122484,0.914123399709557,0.948158312944593,84.3774833702243,78.5541999167455,-5.82328345347874,84.1302611028662,84.6253649905157,77.1489399679178,79.9828380854504,-7.26195637573264,-4.38461053122484,-8.1380943180826,-3.50847258887488,supp_pdose_1_5
22,1152710,0.0833482893080623,0.0785540051554449,-0.00479428415261744,0.94247891357557,0.000121628139510858,0.000711357506148244,0.000721943657823605,0.00917563433293129,0.0831102122362472,0.0835869862011247,0.0771710394959574,0.0799596072217397,-0.00620926772081882,-0.00337930058441607,0.925680954202393,0.959581698750577,83.3482893080623,78.5540051554449,-4.79428415261744,83.1102122362472,83.5869862011247,77.1710394959574,79.9596072217397,-6.20926772081882,-3.37930058441607,-7.07097907489139,-2.5175892303435,supp_pdose_1_5
23,1275619,0.0826002526533785,0.0788122195683413,-0.00378803308503721,0.954140175564194,0.000110038441426062,0.000655607018198192,0.000665044630948118,0.00842783064967956,0.0823848373231814,0.0828161804049715,0.0775367945326654,0.0801068025463427,-0.00509149660980725,-0.00248456956026717,0.938508910762304,0.970031785725093,82.6002526533786,78.8122195683413,-3.78803308503721,82.3848373231814,82.8161804049716,77.5367945326654,80.1068025463427,-5.09149660980725,-2.48456956026717,-5.88529333236675,-1.69077283770767,supp_pdose_1_5
24,1394616,0.0821361400998931,0.0793612159795684,-0.00277492412032472,0.966215552411522,9.52151163477722e-05,0.000583259411486926,0.000591262433532692,0.00744372915733444,0.0819497148291144,0.0823229514355157,0.0782255460623428,0.0805119333330887,-0.0039337771954603,-0.00161607104518914,0.952221339653934,0.980415429527332,82.1361400998931,79.3612159795684,-2.77492412032472,81.9497148291144,82.3229514355157,78.2255460623428,80.5119333330887,-3.9337771954603,-1.61607104518914,-4.63950754808595,-0.910340692563492,supp_pdose_1_5
25,1520035,0.0819427024145579,0.0802220869003417,-0.00172061551421621,0.979002211746552,8.47637899873327e-05,0.000548333404004014,0.000555137891614132,0.00691658385017453,0.0817767217462931,0.0821089898456046,0.0791539229655229,0.0813033927641546,-0.0028086657882334,-0.000632565240199008,0.965820159388229,0.992364180109618,81.9427024145579,80.2220869003417,-1.72061551421621,81.7767217462931,82.1089898456046,79.1539229655228,81.3033927641546,-2.8086657882334,-0.632565240199008,-3.47127791744292,0.0300468890105097,supp_pdose_1_5
26,1633763,0.0817522940090936,0.0811607149388616,-0.00059157907023194,0.992763761831978,8.37356011438523e-05,0.00057685794344928,0.000583206446419,0.00718472682820968,0.081588325243521,0.0819165629121569,0.0800372497552667,0.0822985392084713,-0.00173464270076477,0.000551484560300889,0.978881826067681,1.00684256317844,81.7522940090936,81.1607149388616,-0.59157907023194,81.588325243521,81.9165629121569,80.0372497552667,82.2985392084713,-1.73464270076477,0.551484560300889,-2.43075743382107,1.24759929335719,supp_pdose_1_5
27,1738576,0.0814795778460733,0.0821166181236664,0.000637040277593162,1.00781840424844,8.78930865866699e-05,0.000629183261542362,0.000635567776851729,0.00774100708156557,0.0813074764309075,0.0816520111669286,0.0808918426287268,0.0833582559632759,-0.000608649674770415,0.00188273022995674,0.992643099279098,1.02322570587508,81.4795778460733,82.1166181236664,0.637040277593162,81.3074764309075,81.6520111669285,80.8918426287268,83.3582559632759,-0.608649674770415,1.88273022995674,-1.36726284861121,2.64134340379753,supp_pdose_1_5
28,1833198,0.0810015031645871,0.0829785297322249,0.00197702656763776,1.02440728246266,8.84806590630052e-05,0.000646875834487961,0.000653148515476482,0.00787493654343024,0.0808282534495113,0.0811750914332986,0.081719454031399,0.0842552244665384,0.000696879000748057,0.00325717413452747,1.00871736919353,1.04034124167161,81.0015031645871,82.9785297322249,1.97702656763776,80.8282534495113,81.1750914332986,81.719454031399,84.2552244665384,0.696879000748057,3.25717413452747,-0.0827185282037753,4.0367716634793,supp_pdose_1_5
29,1898168,0.0806393818022359,0.0840579366955653,0.00341855489332937,1.0423931188078,8.39407916919142e-05,0.000626937933450833,0.000632780591688548,0.00753376779224244,0.0804750139063641,0.0808040559134012,0.0828372898896416,0.0852948975627044,0.00217832772350387,0.00465878206315487,1.02711431251144,1.05789920450139,80.6393818022359,84.0579366955653,3.41855489332937,80.4750139063641,80.8040559134012,82.8372898896416,85.2948975627044,2.17832772350387,4.65878206315487,1.42304133157326,5.41406845508549,supp_pdose_1_5
30,1919128,0.080333772887227,0.0852774885463742,0.00494371565914716,1.06153969222991,7.71229138262819e-05,0.000596440301576344,0.000601665250280234,0.00706291856034734,0.0801827444842695,0.0804850608686568,0.0841157292425976,0.0864537788166121,0.00376447343784862,0.00612295788044569,1.04694597216889,1.07633683889639,80.333772887227,85.2774885463742,4.94371565914716,80.1827444842695,80.4850608686568,84.1157292425976,86.4537788166121,3.76447343784862,6.12295788044569,3.04632629173979,6.84110502655452,supp_pdose_1_5
31,1911762,0.0798936762923639,0.08641266474547,0.00651898845310607,1.08159580026397,7.24444971959053e-05,0.0005909077341774,0.000595598937566258,0.00690140209242486,0.0797518028544315,0.0800357801638919,0.0852615120964552,0.08757787158057,0.00535163598624588,0.00768634091996626,1.06706409826202,1.09632540074589,79.8936762923639,86.41266474547,6.51898845310607,79.7518028544315,80.0357801638919,85.2615120964552,87.57787158057,5.35163598624588,7.68634091996626,4.64072958598521,8.39724732022693,supp_pdose_1_5
32,1821134,0.0796787736455699,0.0878253545375196,0.00814658089194968,1.10224279967194,7.38759812812142e-05,0.000635438858599883,0.000639994930630579,0.00729788024953045,0.0795340995018786,0.0798236881325294,0.0865878716583253,0.0890787983182881,0.00689221387762554,0.00940094790627383,1.08658899850848,1.11812211525824,79.6787736455699,87.8253545375196,8.14658089194968,79.5340995018786,79.8236881325294,86.5878716583253,89.0787983182881,6.89221387762554,9.40094790627383,6.12831645668856,10.1648453272108,supp_pdose_1_5
33,1685860,0.0798459978053342,0.0896791203405829,0.00983312253524873,1.12315110093836,8.12308954507226e-05,0.000720842973591235,0.000725692003967383,0.00810573268246731,0.0796869330612492,0.0800053524596303,0.0882762907407145,0.091102015233676,0.00841079234360397,0.0112554527268935,1.10544865338289,1.14113703217124,79.8459978053342,89.6791203405829,9.83312253524873,79.6869330612492,80.0053524596303,88.2762907407145,91.102015233676,8.41079234360397,11.2554527268935,7.54460696666814,12.1216381038293,supp_pdose_1_5
34,1526013,0.0804852409677308,0.0920705161817075,0.0115852752139767,1.14394285305826,9.08043096857128e-05,0.000816708120745766,0.00082202115020004,0.0089454017567745,0.080307447244088,0.080663393788074,0.0904822527284908,0.0936837872503633,0.00997414336505445,0.013196407062899,1.12406128366517,1.16417607303062,80.4852409677308,92.0705161817075,11.5852752139767,80.307447244088,80.663393788074,90.4822527284908,93.6837872503633,9.97414336505445,13.196407062899,8.99297959868719,14.1775708292663,supp_pdose_1_5
35,1336272,0.0820827514309885,0.0955544506009951,0.0134716991700066,1.16412338688882,9.91113010847377e-05,0.00089769360440628,0.00090343388028989,0.00947532567343868,0.0818887060364322,0.0822772154334399,0.0938094319585457,0.0973284432529412,0.0117010013022252,0.0152423970377881,1.14270361772642,1.1859446656849,82.0827514309885,95.5544506009951,13.4716991700066,81.8887060364322,82.2772154334399,93.8094319585458,97.3284432529412,11.7010013022252,15.2423970377881,10.6226633684222,16.320734971591,supp_pdose_1_5
36,1115942,0.08430853636371,0.0997699876759362,0.0154614513122262,1.1833912908359,0.000103957171648571,0.000950704744084298,0.000956680915427118,0.00961207361072777,0.0841050074644987,0.084512512343184,0.0979220508457946,0.10164886822688,0.0135863911732922,0.0173365114511602,1.16130569784842,1.20589690537198,84.30853636371,99.7699876759362,15.4614513122262,84.1050074644987,84.512512343184,97.9220508457946,101.64886822688,13.5863911732922,17.3365114511602,12.4444976223006,18.4784050021518,supp_pdose_1_5
37,892411,0.0871317562215544,0.1047042370976,0.0175724808760458,1.20167711105654,0.000108219313027738,0.00101095014445731,0.0010170455620481,0.00973850911361158,0.0869198836587826,0.0873440958335425,0.102739302272044,0.106702283129864,0.0155791082037953,0.0195658535482964,1.17895805774629,1.22483397076705,87.1317562215544,104.7042370976,17.5724808760458,86.9198836587826,87.3440958335425,102.739302272044,106.702283129864,15.5791082037953,19.5658535482964,14.3651634604229,20.7797982916688,supp_pdose_1_5
38,695545,0.0905312311652241,0.110360394038489,0.019829162873265,1.21903118534946,0.000118311718400004,0.00114708002455611,0.00115345028855602,0.0104789216441385,0.0902996117184147,0.0907633854426637,0.108132137079871,0.112628769616011,0.0175684418497379,0.0220898838967921,1.19424970214924,1.24432690096564,90.5312311652241,110.360394038489,19.829162873265,90.2996117184147,90.7633854426638,108.132137079871,112.628769616011,17.5684418497379,22.0898838967921,16.1916845373967,23.4666412091333,supp_pdose_1_5
39,531877,0.0941263243638741,0.116315461404739,0.0221891370408652,1.23573784688634,0.000141094075890773,0.00142411922413718,0.00143130108745675,0.012337232941261,0.09385014884045,0.0944032279283578,0.113553189403555,0.119135897134521,0.019383838458417,0.0249944356233135,1.20621542050029,1.26598284209792,94.1263243638741,116.315461404739,22.1891370408652,93.85014884045,94.4032279283578,113.553189403555,119.135897134522,19.383838458417,24.9944356233135,17.675438661851,26.7028354198794,supp_pdose_1_5
40,379580,0.0986818447201619,0.12348235997532,0.0248005152551578,1.25131791288951,0.000181600748811633,0.00188163693509896,0.00189051792583462,0.0153502172814027,0.0983264849665261,0.0990383477070219,0.119841481599178,0.127217863162354,0.0210951682083946,0.028505862301921,1.21423160539304,1.28953694844018,98.6818447201619,123.48235997532,24.8005152551578,98.3264849665262,99.0383477070219,119.841481599178,127.217863162354,21.0951682083946,28.505862301921,18.838647572587,30.7623829377287,supp_pdose_1_5
41,257793,0.103212474939514,0.130706494897961,0.0274940199584471,1.26638272141579,0.000238652568653208,0.00250542775980434,0.00251684204608068,0.0193080181753412,0.102745661532243,0.103681164181465,0.125873829168612,0.135695898316157,0.0225611001933529,0.0324269397235413,1.21935443297522,1.31522480562718,103.212474939514,130.706494897961,27.4940199584471,102.745661532243,103.681164181465,125.873829168612,135.695898316157,22.5611001933529,32.4269397235413,19.5569996045991,35.4310403122951,supp_pdose_1_5
42,164709,0.108340639839283,0.138748147238652,0.0304075073993695,1.28066575427723,0.000311709226307041,0.0032921647599828,0.00330691205041037,0.023901645226562,0.107731212529564,0.108953093667988,0.132420589609524,0.145327412402713,0.0239260788805236,0.0368889359182153,1.22205479409551,1.3420877542503,108.340639839283,138.748147238652,30.4075073993695,107.731212529564,108.953093667988,132.420589609524,145.327412402713,23.9260788805236,36.8889359182153,19.9789513867404,40.8360634119986,supp_pdose_1_5
43,97685,0.113022671794763,0.146355528780063,0.033332856985299,1.29492186351627,0.000396699625713647,0.00420565920450064,0.00422429417769255,0.0289491817141466,0.112247485311103,0.113802525482062,0.138303386242102,0.154792259880981,0.0250533925369194,0.0416123214336787,1.22349437048861,1.37051928726308,113.022671794763,146.355528780063,33.332856985299,112.247485311103,113.802525482062,138.303386242102,154.792259880981,25.0533925369194,41.6123214336787,20.0112784932363,46.6544354773618,supp_pdose_1_5
44,54186,0.118510014787563,0.155048341136369,0.036538326348806,1.3083142501864,0.000495014264750973,0.0052594611140873,0.0052826052350352,0.0341767930417069,0.117543236942141,0.119483667614279,0.145017424949779,0.165638679507147,0.0261846103435942,0.0468920423540177,1.22354721485308,1.39895392385518,118.510014787563,155.048341136369,36.538326348806,117.543236942141,119.483667614279,145.017424949779,165.638679507147,26.1846103435942,46.8920423540177,19.8792970954165,53.1973556021954,supp_pdose_1_5
45,28835,0.123742724938079,0.163598476935094,0.0398557519970148,1.32208561769558,0.00060267668100592,0.00642068998858509,0.00644874018837676,0.0395462916907706,0.122566333878495,0.12492879938388,0.151400145678021,0.176575125796972,0.0272164534821403,0.0524950505118893,1.22348237164471,1.42863552514271,123.742724938079,163.598476935094,39.8557519970148,122.566333878495,124.92879938388,151.400145678021,176.575125796972,27.2164534821403,52.4950505118893,19.5192425162036,60.1922614778261,supp_pdose_1_5
15,40557,0.0803425609136344,0.0711627596728537,-0.00917980124078069,0.885741739665871,0.00050624102351278,0.00351246925181509,0.00354848675872623,0.0497553680313692,0.0793559217224444,0.0813403832704155,0.0645784797511335,0.0783621206066961,-0.0161347074875014,-0.00222489499406001,0.803443357928529,0.976470116585508,80.3425609136344,71.1627596728537,-9.17980124078069,79.3559217224444,81.3403832704156,64.5784797511335,78.3621206066961,-16.1347074875014,-2.22489499406001,-20.3701783537302,2.01057587216884,supp_pdose_11_20
16,99756,0.0796819450837106,0.0699647933148297,-0.00971715176888083,0.87805077099119,0.000394754081922699,0.00271437765948743,0.00274253396282624,0.039106357964894,0.0789116643361943,0.0804590879794831,0.0648281732218959,0.0754755625324205,-0.0150924195623982,-0.0043418839753635,0.813265288562507,0.94799712625257,79.6819450837106,69.9647933148297,-9.71715176888083,78.9116643361943,80.4590879794831,64.8281732218959,75.4755625324205,-15.0924195623982,-4.3418839753635,-18.3659058366892,-1.06839770107249,supp_pdose_11_20
17,199402,0.0810566673267499,0.0706340862145298,-0.0104225811122201,0.871416115959896,0.000298695018925091,0.00203354559506784,0.00205514313527182,0.029021991764524,0.0804731601726292,0.0816440297986766,0.0667508363493012,0.0747251567755833,-0.0144505876404276,-0.00639457458401262,0.823231582431176,0.922420936417506,81.0566673267499,70.6340862145298,-10.4225811122201,80.4731601726292,81.6440297986766,66.7508363493012,74.7251567755833,-14.4505876404276,-6.39457458401262,-16.9036047903348,-3.94155743410544,supp_pdose_11_20
18,378795,0.0833897087889931,0.0722334748848694,-0.0111562339041237,0.86621569896169,0.000216434497926203,0.0014494739937927,0.00146555084160549,0.020233753249196,0.0829664845927298,0.0838148945924597,0.0694435673920454,0.0751264184635052,-0.0140286607711828,-0.00828380703706456,0.832536050583663,0.90125783334146,83.3897087889931,72.2334748848694,-11.1562339041237,82.9664845927298,83.8148945924597,69.4435673920454,75.1264184635052,-14.0286607711828,-8.28380703706456,-15.7779410460303,-6.5345267622171,supp_pdose_11_20
19,653855,0.0859532321156059,0.0741648808704495,-0.0117883512451564,0.862851565263989,0.00016066936012133,0.000998952457411359,0.00101140767417968,0.013593963277972,0.0856388481247146,0.0862686613346734,0.0722305879324994,0.0761467216181913,-0.013770673860236,-0.00980602863007684,0.840165586606282,0.886150106059281,85.9532321156059,74.1648808704495,-11.7883512451564,85.6388481247146,86.2686613346734,72.2305879324994,76.1467216181913,-13.770673860236,-9.80602863007684,-14.9778892253022,-8.59881326501063,supp_pdose_11_20
20,858662,0.0856472783010253,0.0737701080392622,-0.0118771702617631,0.861324603684214,0.000132271946454086,0.000735226520005418,0.000746907114651683,0.0100839615895468,0.0853883854092708,0.0859068824137578,0.0723419809820533,0.0752241420350419,-0.0133410813062772,-0.0104132592172491,0.844468334678344,0.878517337413662,85.6472783010253,73.7701080392622,-11.8771702617631,85.3883854092708,85.9068824137578,72.3419809820533,75.2241420350419,-13.3410813062772,-10.4132592172491,-14.2325890218144,-9.52175150171184,supp_pdose_11_20
21,1000721,0.0843789018701168,0.0727740002820077,-0.0116049015881091,0.862466785761536,0.000126304101056977,0.0006714938672297,0.000683541800290236,0.00935098397903725,0.0841316798234168,0.0846267832562255,0.0714688135967123,0.0741011205069415,-0.0129446188986057,-0.0102651842776126,0.846803817232606,0.878419465529534,84.3789018701168,72.7740002820077,-11.6049015881091,84.1316798234168,84.6267832562255,71.4688135967123,74.1011205069415,-12.9446188986057,-10.2651842776126,-13.760493827224,-9.44930934899425,supp_pdose_11_20
22,1152710,0.0833478363987044,0.0722539036768158,-0.0110939327218887,0.866895972334309,0.00012162666775322,0.000656314777926987,0.000667927692550671,0.00920520073505866,0.0831097622058537,0.0835865304015379,0.0709780620562648,0.07355086310133,-0.0124030469435649,-0.00978481850021242,0.851395801333694,0.882678333240807,83.3478363987044,72.2539036768158,-11.0939327218887,83.1097622058537,83.5865304015379,70.9780620562648,73.55086310133,-12.4030469435649,-9.78481850021242,-13.2002848860735,-8.98758055770384,supp_pdose_11_20
23,1275619,0.0825983913598434,0.072258491788443,-0.0103398995714004,0.874817179836419,0.000110035338511894,0.000607071365557468,0.000617428339058455,0.00851200171689015,0.082382982103197,0.0828143130217788,0.071077649669888,0.0734574003818155,-0.0115500368789893,-0.00912976226381141,0.860343484763392,0.889534368180189,82.5983913598434,72.258491788443,-10.3398995714004,82.382982103197,82.8143130217788,71.077649669888,73.4574003818155,-11.5500368789893,-9.12976226381141,-12.2869988348527,-8.39280030794805,supp_pdose_11_20
24,1394616,0.0821331905427037,0.0727918358012128,-0.00934135474149092,0.886265775385482,9.52114593428299e-05,0.00053553818904302,0.000544438917803288,0.00745403052176979,0.0819467724323715,0.0823199947035722,0.0717491486836515,0.0738484701614363,-0.0104084354121673,-0.00827427407081451,0.873411883060775,0.899308836819402,82.1331905427037,72.7918358012128,-9.34135474149092,81.9467724323715,82.3199947035722,71.7491486836515,73.8484701614363,-10.4084354121673,-8.27427407081451,-11.0582772550674,-7.62443222791449,supp_pdose_11_20
25,1520035,0.0819396923430568,0.0738628052816616,-0.00807688706139527,0.901428882261606,8.47610521900228e-05,0.000487993017629648,0.00049581994473136,0.00669360933790791,0.081773717037104,0.0821059744044468,0.0729120368336069,0.0748249710559398,-0.00904867629588537,-0.00710509782690517,0.889680062778598,0.913332852753407,81.9396923430569,73.8628052816616,-8.07688706139527,81.773717037104,82.1059744044468,72.9120368336069,74.8249710559398,-9.04867629588537,-7.10509782690517,-9.64048657265775,-6.51328755013279,supp_pdose_11_20
26,1633763,0.081749258287177,0.075240197119615,-0.00650906116756203,0.920377734257889,8.37333844346143e-05,0.000498738285140037,0.000506231817075475,0.00671357763319285,0.0815852938644938,0.0819135228437914,0.0742685025179388,0.0762235581334157,-0.00750125729685823,-0.00551686503826583,0.908346393167097,0.932568434343809,81.749258287177,75.240197119615,-6.50906116756203,81.5852938644938,81.9135228437914,74.2685025179388,76.2235581334158,-7.50125729685823,-5.51686503826583,-8.10549517586639,-4.91262715925767,supp_pdose_11_20
27,1738576,0.0814771040844899,0.0768610012863895,-0.00461610279810043,0.943344785630653,8.78912669230608e-05,0.000542934488433938,0.000550455082649,0.0071513031003664,0.0813050062344989,0.0816495338375723,0.0758035994182591,0.0779319093230491,-0.00569497493519949,-0.00353723066100137,0.930214817116368,0.956660083458138,81.4771040844899,76.8610012863895,-4.61610279810043,81.3050062344989,81.6495338375723,75.8035994182591,77.9319093230491,-5.69497493519949,-3.53723066100137,-6.3519976674935,-2.88020792870736,supp_pdose_11_20
28,1833198,0.0809992858381091,0.0785996102079087,-0.00239967563020044,0.970374113729884,8.84789936707731e-05,0.000564698482857532,0.000571994840931135,0.00727208671516809,0.0808260393858898,0.0811728708414619,0.0774999249768342,0.0797135510775332,-0.00352076491776818,-0.0012785863426327,0.95664144281626,0.984303918325974,80.9992858381091,78.5996102079087,-2.39967563020044,80.8260393858898,81.1728708414619,77.4999249768342,79.7135510775332,-3.52076491776818,-1.2785863426327,-4.20349748776843,-0.595853772632442,supp_pdose_11_20
29,1898168,0.0806378277762351,0.0806926883642517,5.4860588016542e-05,1.00068033315789,8.39398148614056e-05,0.000553794001649707,0.000560521431535481,0.00694648141167347,0.0804734617946105,0.0808024999725446,0.0796139099127331,0.0817847854919492,-0.00104374123035583,0.00115346240638892,0.987148542831392,1.01439761669184,80.6378277762351,80.6926883642517,0.054860588016542,80.4734617946105,80.8024999725446,79.6139099127331,81.7847854919492,-1.04374123035583,1.15346240638892,-1.7127791483718,1.82250032440488,supp_pdose_11_20
30,1919128,0.0803326373624361,0.0829933841749824,0.00266074681254631,1.03312161656715,7.71221938428313e-05,0.000529904466854002,0.000535895105522966,0.00646174602914134,0.0801816103702219,0.0804839239323269,0.0819606834163624,0.0840379057895618,0.00161041170623001,0.00371108191886262,1.02011985484527,1.0462890900013,80.3326373624361,82.9933841749824,2.66074681254631,80.1816103702219,80.4839239323269,81.9606834163624,84.0379057895618,1.61041170623001,3.71108191886262,0.970767750615554,4.35072587447707,supp_pdose_11_20
31,1911762,0.0798930243866445,0.0852000944289414,0.00530707004229697,1.06642720166173,7.24439152169616e-05,0.000524038440934287,0.000529434966601243,0.00622231997453853,0.0797511520885561,0.0800351271167006,0.0841785964295754,0.0862328210212407,0.00426939657560237,0.00634474350899157,1.05350054800915,1.07951246783233,79.8930243866445,85.2000944289414,5.30707004229697,79.7511520885561,80.0351271167006,84.1785964295754,86.2328210212407,4.26939657560237,6.34474350899157,3.63746343647256,6.97667664812138,supp_pdose_11_20
32,1821134,0.0796780366040283,0.0875763116802677,0.00789827507623936,1.09912738080496,7.38750615321865e-05,0.000562072469257217,0.000567328182694702,0.00648999527103192,0.0795333642612466,0.079822949286546,0.0864809155694629,0.0886842354951795,0.00678633227074318,0.00901021788173553,1.08523485285606,1.1131977525932,79.6780366040283,87.5763116802677,7.89827507623936,79.5333642612466,79.822949286546,86.4809155694629,88.6842354951795,6.78633227074318,9.01021788173553,6.10916982016199,9.68738033231673,supp_pdose_11_20
33,1685860,0.0798444169227809,0.0901917494647835,0.0103473325420026,1.12959368908674,8.12294556653663e-05,0.00063892563281314,0.000644494513727276,0.00716208269885431,0.0796853549986513,0.0800037687531771,0.0889472853481887,0.0914518771583628,0.00908414650686349,0.0116105185771417,1.11384787723983,1.14556209020798,79.8444169227809,90.1917494647835,10.3473325420026,79.6853549986514,80.0037687531771,88.9472853481887,91.4518771583628,9.08414650686349,11.6105185771417,8.31487838725634,12.3797866967489,supp_pdose_11_20
34,1526013,0.0804836992756499,0.0930428029882092,0.0125591037125593,1.15604530887112,9.08029323642426e-05,0.000726205916736357,0.000732274988541442,0.0078913260807056,0.0803059082498586,0.0806618493948444,0.0916292022331135,0.094475943752783,0.0111238711082386,0.01399433631688,1.1383026496807,1.17406452188951,80.4836992756499,93.0428029882093,12.5591037125593,80.3059082498586,80.6618493948444,91.6292022331135,94.475943752783,11.1238711082386,13.99433631688,10.2498282863489,14.8683791387697,supp_pdose_11_20
35,1336272,0.0820807162695764,0.0965705889164197,0.0144898726468432,1.17653199564261,9.91099615903435e-05,0.000797593140439862,0.000804142438768153,0.00835201270204233,0.0818866735004655,0.0822751776467571,0.0950185954467947,0.0981451828265538,0.0129137824284174,0.016065962865269,1.15742936381857,1.19594990419456,82.0807162695765,96.5705889164197,14.4898726468432,81.8866735004655,82.2751776467571,95.0185954467947,98.1451828265538,12.9137824284174,16.065962865269,11.9539586772579,17.0257866164286,supp_pdose_11_20
36,1115942,0.0843054702571962,0.100295788248002,0.0159903179908057,1.18967117960463,0.000103955855993647,0.000838678952554531,0.000845543226194436,0.00845775754029459,0.0841019439399859,0.084509443661413,0.0986639346064823,0.101951579067338,0.0143330837200928,0.0176475522615186,1.17011267677812,1.20955660396649,84.3054702571962,100.295788248002,15.9903179908057,84.1019439399859,84.5094436614131,98.6639346064823,101.951579067338,14.3330837200928,17.6475522615186,13.3238440232342,18.6567919583772,supp_pdose_11_20
37,892411,0.0871275155263904,0.104177739080734,0.0170502235543431,1.1956927550537,0.000108217676340279,0.000882009485742645,0.000889085183836267,0.00856229571698643,0.0869156461770724,0.087339851936157,0.102461663655491,0.10591916431181,0.0153076486148358,0.0187927984938504,1.17579432153638,1.21592793765135,87.1275155263905,104.177739080734,17.0502235543431,86.9156461770724,87.339851936157,102.461663655491,105.91916431181,15.3076486148358,18.7927984938504,14.2464372732763,19.8540098354099,supp_pdose_11_20
38,695545,0.090526147745576,0.108215188874631,0.0176890411290551,1.19540256124419,0.000118308869278415,0.000991250872727805,0.000998693755043388,0.00925724781480665,0.0902945338868918,0.0907582964428136,0.106287641203768,0.110173383711908,0.015731637337585,0.0196464449205252,1.17390890849535,1.21728975143459,90.526147745576,108.215188874631,17.6890411290551,90.2945338868918,90.7582964428136,106.287641203768,110.173383711908,15.731637337585,19.6464449205252,14.5395972959055,20.8384849622046,supp_pdose_11_20
39,531877,0.0941221203163388,0.111993810017296,0.0178716897009576,1.18987767849781,0.000141089359603094,0.00122252127373561,0.00123091670822447,0.0110213905148459,0.0938459540306673,0.0943990146310775,0.10962001812318,0.11441240042514,0.0154591372848691,0.0202842421170462,1.16445012768828,1.21586047879788,94.1221203163388,111.993810017296,17.8716897009576,93.8459540306674,94.3990146310775,109.62001812318,114.41240042514,15.4591372848691,20.2842421170462,13.9899161179538,21.7534632839615,supp_pdose_11_20
40,379580,0.0986781195747134,0.116403501258541,0.0177253816838278,1.17962828801584,0.00018159299035555,0.00160224391957879,0.00161267488182311,0.0138887909784548,0.0983227750030616,0.0990346073309483,0.113299753110278,0.119580807445725,0.0145645969966821,0.0208861663709735,1.14795012127737,1.21218062709795,98.6781195747134,116.403501258541,17.7253816838278,98.3227750030616,99.0346073309483,113.299753110278,119.580807445725,14.5645969966821,20.8861663709735,12.6397095888698,22.8110537787858,supp_pdose_11_20
41,257793,0.10321024967944,0.120344622529608,0.0171343728501682,1.16601425636878,0.000238643714035821,0.00210753465869436,0.00212108652929587,0.0176652875454488,0.102743453580499,0.103678921520172,0.116274738241775,0.124536886981965,0.0129771196446552,0.0212916260556812,1.12633386063233,1.20709258025143,103.21024967944,120.344622529608,17.1343728501682,102.743453580499,103.678921520172,116.274738241775,124.536886981965,12.9771196446552,21.2916260556812,10.4453925140719,23.8233531862646,supp_pdose_11_20
42,164709,0.108340745838227,0.124563167340061,0.0162224215018337,1.14973518389893,0.000311701247337668,0.00272674739238368,0.00274452187482464,0.0220788864118986,0.107731334087957,0.108953183949123,0.119316430225492,0.130006562436307,0.010843257472395,0.0216015855312723,1.1010428969635,1.20058082817723,108.340745838227,124.563167340061,16.2224215018337,107.731334087957,108.953183949123,119.316430225492,130.006562436307,10.843257472395,21.6015855312723,7.56739842798358,24.8774445756837,supp_pdose_11_20
43,97685,0.113026573161228,0.127943370021407,0.0149167968601787,1.13197601628513,0.000396700012625749,0.00342154339634048,0.00344441585174865,0.0269715521148991,0.112251385830294,0.113806427517282,0.121385882766135,0.134800754557859,0.00816586584297245,0.0216677278773849,1.07369022327479,1.19342588175622,113.026573161229,127.943370021407,14.9167968601787,112.251385830294,113.806427517282,121.385882766135,134.800754557859,8.16586584297245,21.6677278773849,4.05461392540997,25.7789797949473,supp_pdose_11_20
44,54186,0.118521240342848,0.131930247203124,0.0134090068602764,1.11313589717327,0.000495039301516841,0.00420022436670705,0.0042291794465375,0.0321085366771864,0.117554413391791,0.119494942204686,0.123913514454848,0.140382524167271,0.00511996746090586,0.0216980462596469,1.04524320379389,1.18543849037076,118.521240342848,131.930247203124,13.4090068602764,117.554413391791,119.494942204686,123.913514454848,140.382524167271,5.11996746090586,21.6980462596469,0.072022364361839,26.745991356191,supp_pdose_11_20
45,28835,0.123766862806802,0.135444114995241,0.0116772521884386,1.09434877739987,0.000602749663247091,0.00502944331404642,0.00506525843750227,0.0374495673905572,0.122590328757921,0.124953080343804,0.125885570838108,0.145607544297561,0.00174952807854656,0.0216049762983307,1.01690089017157,1.17769515020734,123.766862806802,135.444114995241,11.6772521884386,122.590328757921,124.953080343804,125.885570838108,145.607544297561,1.74952807854656,21.6049762983307,-4.2963602114979,27.6508645883752,supp_pdose_11_20
15,40557,0.0803538066712024,0.0612944312218914,-0.019059375449311,0.762806813530322,0.000506356428514823,0.00653952185312433,0.00655898977078916,0.106874920941905,0.0793669429701825,0.0813518569082942,0.0496620691286281,0.0754351699012402,-0.0319147591750244,-0.00620399172359761,0.618646365684947,0.940560337930781,80.3538066712024,61.2944312218914,-19.059375449311,79.3669429701825,81.3518569082943,49.6620691286281,75.4351699012402,-31.9147591750244,-6.20399172359761,-39.7435639515265,1.62481305290455,supp_pdose_21plus
16,99756,0.0796872974261663,0.0618748461804099,-0.0178124512457564,0.776470631818573,0.000394868016722201,0.00515163940292548,0.00516660370761277,0.0834045094416498,0.0789167950914768,0.0804646653621472,0.0525147489165167,0.0727751221946949,-0.0279388084350685,-0.00768609405644427,0.659372737905802,0.91436392106776,79.6872974261663,61.8748461804099,-17.8124512457564,78.9167950914769,80.4646653621472,52.5147489165167,72.7751221946949,-27.9388084350685,-7.68609405644427,-34.1056623558646,-1.51924013564819,supp_pdose_21plus
17,199402,0.0810628607253148,0.0641035261688954,-0.0169593345564193,0.79078786012886,0.000298799633147571,0.00392271755470384,0.00393401510698285,0.0613035746137444,0.0804791497158521,0.0816504294278183,0.056831323455497,0.0722350191405749,-0.0246698624807422,-0.00924880663209647,0.701258754877193,0.891747069648626,81.0628607253148,64.1035261688954,-16.9593345564193,80.4791497158521,81.6504294278183,56.831323455497,72.2350191405749,-24.6698624807422,-9.24880663209647,-29.3654996652279,-4.55316944761076,supp_pdose_21plus
18,378795,0.0833971936604275,0.0671518166152455,-0.0162453770451819,0.805204751717077,0.000216458020260011,0.0028258739438471,0.00283414894092415,0.0421617983663507,0.0829739234766681,0.0838224256824732,0.0618207040143073,0.0729069320439258,-0.0218002068962156,-0.0106905471941483,0.741341207826976,0.874569881375166,83.3971936604275,67.1518166152455,-16.2453770451819,82.9739234766681,83.8224256824732,61.8207040143073,72.9069320439258,-21.8002068962156,-10.6905471941483,-25.1830447327436,-7.30770935762029,supp_pdose_21plus
19,653855,0.0859608847221385,0.0704310451292711,-0.0155298395928674,0.819338299703798,0.000160723054545829,0.0019613781062755,0.00196774007022431,0.02790842898989,0.0856463957892879,0.0862764194782091,0.0666824425808575,0.0743735855795478,-0.0193865392614433,-0.0116731399242914,0.775724589874008,0.865404111361926,85.9608847221385,70.4310451292711,-15.5298395928674,85.6463957892879,86.2764194782091,66.6824425808575,74.3735855795478,-19.3865392614433,-11.6731399242914,-21.7352321850539,-9.32444700068082,supp_pdose_21plus
20,858662,0.0856520425018319,0.0712974322246896,-0.0143546102771423,0.832407846236297,0.000132300239834993,0.00147964877028974,0.00148548035129227,0.0208097531225266,0.0853930942860686,0.0859117021988199,0.068451269571303,0.0742525037495344,-0.017266098265417,-0.0114431222888675,0.79914000353816,0.86706061442044,85.6520425018319,71.2974322246896,-14.3546102771423,85.3930942860686,85.9117021988199,68.451269571303,74.2525037495344,-17.266098265417,-11.4431222888675,-19.0391663865764,-9.67005416770809,supp_pdose_21plus
21,1000721,0.0843822598060639,0.071276485051805,-0.0131057747542589,0.844685662787652,0.000126312557283395,0.00140788820193235,0.00141367101080879,0.019810648939044,0.0841350212150123,0.0846301577956637,0.0685659094124211,0.0740856931892201,-0.0158765190214325,-0.0103350304870854,0.812516647331469,0.878128308216612,84.3822598060639,71.276485051805,-13.1057747542589,84.1350212150123,84.6301577956637,68.5659094124211,74.0856931892201,-15.8765190214325,-10.3350304870854,-17.5638755730636,-8.64767393545426,supp_pdose_21plus
22,1152710,0.0833527521446793,0.0713749702540111,-0.0119777818906682,0.856300103086245,0.000121637149021875,0.00140575158635,0.00141120680230952,0.0197517228309185,0.0831146574420377,0.0835914667235844,0.0686683626157908,0.0741797633879429,-0.0147436963979328,-0.00921186738340362,0.823783899014856,0.890099779107592,83.3527521446793,71.3749702540111,-11.9777818906682,83.1146574420377,83.5914667235844,68.6683626157908,74.1797633879429,-14.7436963979328,-9.21186738340362,-16.4281116723332,-7.52745210900324,supp_pdose_21plus
23,1275619,0.082604513217473,0.071680906153168,-0.010923607064305,0.867760166620117,0.000110050057336543,0.00131219341844168,0.00131701478338341,0.0183570536265958,0.0823890751599325,0.0828204637753134,0.0691512461269821,0.0742957190791356,-0.0135049086068433,-0.00834230552176669,0.837093863332202,0.899549906834928,82.604513217473,71.680906153168,-10.923607064305,82.3890751599325,82.8204637753135,69.1512461269821,74.2957190791356,-13.5049086068433,-8.34230552176669,-15.0768963652013,-6.77031776340867,supp_pdose_21plus
24,1394616,0.0821406104321173,0.0722504641333424,-0.00989014629877486,0.879594925740803,9.52266456033969e-05,0.00117305232720305,0.00117714417817201,0.016280090316435,0.0819541625995064,0.0823274443998058,0.0699847875168878,0.0745836071341223,-0.012197306492603,-0.00758298610494672,0.851971520095677,0.908113962896415,82.1406104321173,72.2504641333424,-9.89014629877486,81.9541625995064,82.3274443998058,69.9847875168878,74.5836071341223,-12.197306492603,-7.58298610494672,-13.6023448120325,-6.17794778551725,supp_pdose_21plus
25,1520035,0.0819477191661936,0.0731368113950614,-0.00881090777113218,0.892481354444249,8.47715391878496e-05,0.00110091782375056,0.00110441366640007,0.0150912511250078,0.081781723327418,0.0821140218030546,0.0710081549913741,0.0753241058961343,-0.0109755187813102,-0.00664629676095421,0.866469849976196,0.919273726665185,81.9477191661936,73.1368113950614,-8.81090777113218,81.781723327418,82.1140218030546,71.0081549913741,75.3241058961343,-10.9755187813102,-6.64629676095421,-12.2937460219218,-5.3280695203426,supp_pdose_21plus
26,1633763,0.0817574233569307,0.0741509783152631,-0.0076064450416676,0.906963248970556,8.37400017455915e-05,0.0011580132619828,0.00116126163367829,0.0156532652744819,0.0815934459716929,0.0819217008903701,0.0719130251612401,0.0764528399961582,-0.00988247602030519,-0.00533041406303002,0.879560273858402,0.935219972333189,81.7574233569307,74.1509783152631,-7.6064450416676,81.5934459716929,81.9217008903701,71.9130251612402,76.4528399961582,-9.88247602030519,-5.33041406303002,-11.2685569477367,-3.94433313559851,supp_pdose_21plus
27,1738576,0.0814844560361618,0.0752711340909758,-0.00621332194518599,0.923748377943045,8.78967107265762e-05,0.0012686760101478,0.0012719081660356,0.0168915750879966,0.081312347520512,0.0816568964628954,0.0728219957162149,0.0777957302663815,-0.00870621614225816,-0.00372042774811382,0.893666655880471,0.954842681146803,81.4844560361618,75.2711340909758,-6.21332194518599,81.312347520512,81.6568964628954,72.8219957162149,77.7957302663815,-8.70621614225816,-3.72042774811382,-10.2243646793817,-2.20227921099031,supp_pdose_21plus
28,1833198,0.0810053866631019,0.0764170581212807,-0.00458832854182127,0.943357735444139,8.84841441400344e-05,0.00131118654608959,0.00131433562410904,0.0171950910445288,0.0808321301217667,0.0811789817668042,0.0738864896941614,0.0790269012713678,-0.00716437902867296,-0.00201227805496958,0.912094689087296,0.97569235702141,81.0053866631019,76.4170581212807,-4.58832854182127,80.8321301217667,81.1789817668042,73.8864896941614,79.0269012713679,-7.16437902867296,-2.01227805496958,-8.73316894473252,-0.443488138910026,supp_pdose_21plus
29,1898168,0.0806425705654852,0.0778627931776594,-0.00277977738782582,0.965529653031478,8.39442065914096e-05,0.0012772073266097,0.00128012618683235,0.0164383271869593,0.0804781959823017,0.080807251375502,0.0753960670173806,0.0804032050311102,-0.00528877860968382,-0.000270776165967831,0.934917495007138,0.997144150004347,80.6425705654852,77.8627931776594,-2.77977738782582,80.4781959823017,80.807251375502,75.3960670173806,80.4032050311102,-5.28877860968382,-0.270776165967831,-6.81673616964701,1.25718139399537,supp_pdose_21plus
30,1919128,0.0803358790054097,0.0795087952212516,-0.000827083784158078,0.989704677481622,7.71257289057202e-05,0.00122239588029607,0.00122499335207616,0.0154063697635855,0.0801848450907135,0.0804871725100144,0.077145683029446,0.081937866821691,-0.00322802663552834,0.00157385906721218,0.960266320506794,1.02004550999149,80.3358790054097,79.5087952212516,-0.827083784158078,80.1848450907135,80.4871725100144,77.145683029446,81.937866821691,-3.22802663552834,1.57385906721218,-4.69017768943421,3.03601012111806,supp_pdose_21plus
31,1911762,0.0798952067020446,0.0811164480840511,0.00122124138200647,1.01528554005199,7.2446661070759e-05,0.00122188988308166,0.00122420642075592,0.0150928090584139,0.0797533290274412,0.0800373148191392,0.0787535922264199,0.0835437680770307,-0.00117815911231782,0.00362064187633075,0.985691879156338,1.04576769844238,79.8952067020446,81.1164480840511,1.22124138200647,79.7533290274412,80.0373148191392,78.7535922264199,83.5437680770307,-1.17815911231782,3.62064187633075,-2.6393708856494,5.08185364966233,supp_pdose_21plus
32,1821134,0.0796800204137827,0.0829946223847044,0.00331460197092177,1.04159890966027,7.38777840849719e-05,0.00132875036821091,0.00133098017726153,0.01603913177232,0.0795353427404503,0.0798249384379655,0.0804272060039773,0.0856363640303574,0.000705928759352444,0.0059232751824911,1.00936439922854,1.07486284382002,79.6800204137827,82.9946223847044,3.31460197092177,79.5353427404503,79.8249384379655,80.4272060039773,85.6363640303574,0.705928759352444,5.9232751824911,-0.882728081611196,7.51193202345474,supp_pdose_21plus
33,1685860,0.0798474361877203,0.0852679105256771,0.00542047433795678,1.06788538989797,8.12331491985072e-05,0.00152203155706875,0.00152438131689944,0.0178812588896986,0.0796883670315309,0.0800067952644461,0.0823317155329477,0.0882987433938131,0.00243274185812814,0.00840820681778542,1.03110784153103,1.1059747196416,79.8474361877203,85.2679105256771,5.42047433795678,79.6883670315309,80.0067952644461,82.3317155329477,88.2987433938131,2.43274185812814,8.40820681778542,0.613241576529576,10.227707099384,supp_pdose_21plus
34,1526013,0.0804870432836885,0.0879965449722862,0.00750950168859772,1.09330075229785,9.08070606705026e-05,0.00173500204571169,0.00173755835550793,0.0197512148235586,0.0803092441746505,0.0806652015023051,0.0846548418465759,0.0914569799685056,0.00410394989076555,0.0109150534864299,1.05178599188236,1.13645413059346,80.4870432836885,87.9965449722862,7.50950168859772,80.3092441746505,80.6652015023051,84.654841846576,91.4569799685056,4.10394989076555,10.9150534864299,2.03000167184418,12.9890017053513,supp_pdose_21plus
35,1336272,0.0820853396066497,0.09167878555972,0.00959344595307038,1.11687161189857,9.91148598462996e-05,0.00191121543004864,0.00191396948574768,0.0208840680578829,0.0818912872447709,0.0822798105918739,0.0880010434164923,0.0954941342647344,0.00584213469349628,0.0133447572126445,1.07207878361686,1.16353594206627,82.0853396066497,91.67878555972,9.59344595307038,81.8912872447709,82.2798105918739,88.0010434164923,95.4941342647344,5.84213469349628,13.3447572126445,3.55762229513376,15.629269611007,supp_pdose_21plus
36,1115942,0.0843117308446785,0.0959338991616952,0.0116221683170167,1.13784758301816,0.000103961421532874,0.00201989153298792,0.00202276704856929,0.0210935033356537,0.0841081936247131,0.0845157151626448,0.0920473431373249,0.0999664909841629,0.00765761775270652,0.0155867188813269,1.0917652545027,1.1858750009131,84.3117308446785,95.9338991616952,11.6221683170167,84.1081936247131,84.5157151626448,92.0473431373249,99.9664909841629,7.65761775270652,15.5867188813269,5.24324467316365,18.0010919608698,supp_pdose_21plus
37,892411,0.0871355993958635,0.100743720983296,0.0136081215874326,1.15617177917845,0.000108224679969647,0.00213655642082201,0.00213950660273383,0.0212465950426694,0.0869237163257461,0.0873479495385403,0.0966327470739554,0.105009255370582,0.00941476570138861,0.0178014774734765,1.10901451432087,1.20533425460824,87.1355993958635,100.743720983296,13.6081215874326,86.9237163257462,87.3479495385403,96.6327470739554,105.009255370582,9.41476570138861,17.8014774734765,6.86105238635393,20.3551907885112,supp_pdose_21plus
38,695545,0.0905351282743997,0.106110689154767,0.0155755608803672,1.17203886687121,0.000118318075633949,0.00241306478848055,0.00241615366392682,0.022780632487877,0.0903034963834609,0.0907672950276233,0.101473211384332,0.110933940103414,0.0108399867179561,0.0203111350427782,1.12085931229058,1.2255553309804,90.5351282743997,106.110689154767,15.5755608803672,90.3034963834609,90.7672950276233,101.473211384332,110.933940103414,10.8399867179561,20.3111350427782,7.95606769903114,23.1950540617033,supp_pdose_21plus
39,531877,0.0941297556504194,0.111624339071228,0.017494583420809,1.18585603776324,0.000141101711680423,0.00299500805429038,0.00299846238391392,0.0268743846743249,0.0938535651855395,0.0944066742052225,0.105887790525707,0.117630782410248,0.0116177051393396,0.0233714617022784,1.12501017769355,1.24999272911698,94.1297556504194,111.624339071228,17.494583420809,93.8535651855395,94.4066742052225,105.887790525707,117.630782410248,11.6177051393396,23.3714617022784,8.03874291288641,26.9504239287316,supp_pdose_21plus
40,379580,0.0986844630982021,0.118171368445135,0.0194869053469327,1.19746680212002,0.000181609068356677,0.00396686483890867,0.00397110623739276,0.0336200292451441,0.098329087073668,0.099040982426237,0.110615223358126,0.126170451081,0.0117036801428606,0.0272701305510049,1.12110441109553,1.27903050597965,98.6844630982021,118.171368445135,19.4869053469327,98.329087073668,99.040982426237,110.615223358126,126.170451081,11.7036801428606,27.2701305510049,6.96377101573329,32.0100396781322,supp_pdose_21plus
41,257793,0.10321384191566,0.12463698483443,0.0214231429187701,1.20756075465417,0.00023866049271211,0.00529217926491809,0.0052976048754257,0.0425241135380784,0.102747013025525,0.103682546736596,0.114629180310437,0.135384923321191,0.011040028158612,0.0318062576789283,1.11099575379459,1.31251894636003,103.21384191566,124.63698483443,21.4231429187701,102.747013025525,103.682546736596,114.629180310437,135.384923321191,11.040028158612,31.8062576789283,4.71681135204516,38.1294744854951,supp_pdose_21plus
42,164709,0.108340900286,0.131761385774818,0.023420485488818,1.21617399732688,0.00031171576375885,0.0069582883676534,0.00696528421815337,0.0528882473293337,0.107731460222288,0.108953366987244,0.11871170752055,0.146007917628123,0.00976877927915218,0.0370721916984839,1.09642052238484,1.34900721171917,108.340900286,131.761385774818,23.420485488818,107.731460222288,108.953366987244,118.71170752055,146.007917628123,9.76877927915218,37.0721916984839,1.45502178563908,45.385949191997,supp_pdose_21plus
43,97685,0.113021170842737,0.138348941508119,0.025327770665382,1.22409757814865,0.0003967030696624,0.00888266097693585,0.00889150208869435,0.064300520104618,0.112245977685466,0.113801031356871,0.121840503677546,0.156695025189144,0.00790074680307843,0.0427547945276856,1.07915378114017,1.38850913281911,113.021170842737,138.348941508119,25.327770665382,112.245977685466,113.801031356871,121.840503677546,156.695025189145,7.90074680307843,42.7547945276856,-2.71214275077643,53.3676840815405,supp_pdose_21plus
44,54186,0.118507594851622,0.145877564336302,0.0273699694846804,1.23095540432619,0.000495012888851781,0.0110935351722041,0.0111045316359413,0.0761611655226178,0.117540819766071,0.119481245045373,0.125448869141655,0.168990144262324,0.00560548741304972,0.0491344515563111,1.0602635167217,1.42912698922713,118.507594851622,145.877564336302,27.3699694846804,117.540819766071,119.481245045373,125.448869141655,168.990144262324,5.60548741304972,49.1344515563111,-7.64887238172354,62.3888113510843,supp_pdose_21plus
45,28835,0.123733478779111,0.153166482616451,0.0294330038373397,1.23787421260404,0.000602652560961938,0.013516054686039,0.0135294056699025,0.0883778888428647,0.122557135035032,0.124919505993668,0.128507887671792,0.18157086327329,0.00291585599209878,0.0559501516825807,1.04099614307902,1.47198678536675,123.733478779111,153.166482616451,29.4330038373397,122.557135035032,124.919505993668,128.507887671792,181.57086327329,2.91585599209878,55.9501516825807,-13.2328314480746,72.098839122754,supp_pdose_21plus
15,40557,0.0803264650280901,0.0673028583553274,-0.0130236066727627,0.837866552845213,0.000506183971719491,0.00318921907935668,0.00322884253257994,0.0477995468692969,0.079339937630051,0.0813241755448532,0.0613150452673993,0.0738294286900058,-0.0193520217483705,-0.00669519159715491,0.762935469227357,0.920156931604809,80.3264650280901,67.3028583553274,-13.0236066727627,79.339937630051,81.3241755448533,61.3150452673993,73.8294286900058,-19.3520217483705,-6.69519159715491,-23.2059655301114,-2.841247815414,supp_pdose_6_10
16,99756,0.079670983545647,0.067548163339045,-0.0121228202066021,0.847838953818659,0.000394731534702055,0.00250998602927645,0.00254040424092979,0.0374818886641446,0.0789007471171282,0.0804480823798093,0.0627917546554167,0.0726369409562659,-0.0171019210249973,-0.00714371938820687,0.787786845752668,0.912468766758262,79.6709835456471,67.548163339045,-12.1228202066021,78.9007471171282,80.4480823798093,62.7917546554167,72.6369409562659,-17.1019210249973,-7.14371938820687,-20.1341454300743,-4.11149498312984,supp_pdose_6_10
17,199402,0.0810510508231038,0.069556394666994,-0.0114946561561097,0.858180047767707,0.000298693956147877,0.00191437720521465,0.00193729083175478,0.027765218973443,0.0804675458853553,0.0816384113465043,0.0658966400235757,0.073403431941607,-0.0152916764139287,-0.00769763589829072,0.812726865369364,0.906175279504111,81.0510508231038,69.556394666994,-11.4946561561097,80.4675458853553,81.6384113465043,65.8966400235757,73.403431941607,-15.2916764139287,-7.69763589829072,-17.6040251516355,-5.385287160584,supp_pdose_6_10
18,378795,0.0833924817036391,0.0724202222638906,-0.0109722594397485,0.868426275179796,0.000216447307817619,0.00138925787734551,0.00140602134010962,0.0193581183611557,0.0829692324802669,0.0838176926940642,0.0697440749959768,0.0751907559422914,-0.0137280106278581,-0.00821650825163887,0.836094361858265,0.902008469171452,83.3924817036391,72.4202222638906,-10.9722594397485,82.9692324802669,83.8176926940642,69.7440749959768,75.1907559422914,-13.7280106278581,-8.21650825163887,-15.4062365388568,-6.53828234064012,supp_pdose_6_10
19,653855,0.0859573565488679,0.0754916740218449,-0.010465682527023,0.878245644733466,0.000160676641909008,0.000978339910266323,0.000991034584154408,0.0130888833737547,0.0856429583053765,0.0862728000594276,0.0735963871814596,0.0774316895839099,-0.0124080746193993,-0.00852329043464675,0.856001896858104,0.901067410392852,85.9573565488679,75.4916740218449,-10.465682527023,85.6429583053765,86.2728000594276,73.5963871814596,77.4316895839099,-12.4080746193993,-8.52329043464675,-13.5909726810277,-7.34039237301837,supp_pdose_6_10
20,858662,0.0856500591834466,0.0759743658122915,-0.00967569337115508,0.887032262868243,0.000132274136523398,0.000740131958375253,0.000751701411283785,0.0098616717633599,0.0853911619981685,0.0859096675875517,0.0745363844439811,0.0774377679058052,-0.0111490010643992,-0.00820238567791093,0.870051872282106,0.904344051700442,85.6500591834466,75.9743658122915,-9.67569337115508,85.3911619981685,85.9096675875517,74.5363844439811,77.4377679058052,-11.1490010643992,-8.20238567791093,-12.0462312484393,-7.30515549387089,supp_pdose_6_10
21,1000721,0.0843799384938251,0.0755147178221705,-0.00886522067165456,0.894936867341954,0.000126304916616715,0.000686148985426281,0.000697918145863016,0.00921163022730065,0.0841327148484186,0.084627821478157,0.0741808389870445,0.0768705902530797,-0.010233115101703,-0.00749732624160608,0.878924246943468,0.911241212553945,84.3799384938251,75.5147178221705,-8.86522067165456,84.1327148484186,84.627821478157,74.1808389870445,76.8705902530797,-10.233115101703,-7.49732624160608,-11.0661496245306,-6.66429171877856,supp_pdose_6_10
22,1152710,0.0833470669791284,0.0751855995644014,-0.00816146741472705,0.902078528848882,0.000121626520215179,0.000670178018022714,0.000681536660549464,0.00903726114279969,0.0831089930778639,0.0835857606952181,0.0738825704216556,0.0765097110393827,-0.0094972547235477,-0.0068256801059064,0.886240953982537,0.91819912920228,83.3470669791284,75.1855995644014,-8.16146741472705,83.1089930778639,83.5857606952181,73.8825704216556,76.5097110393827,-9.4972547235477,-6.8256801059064,-10.3107363190265,-6.01219851042756,supp_pdose_6_10
23,1275619,0.0825969497844534,0.0750936659389831,-0.00750328384547039,0.909157857946921,0.000110035210610907,0.000616635187842466,0.000626818401629463,0.00832428180271057,0.08238154078284,0.0828128712000722,0.0738939836785555,0.0763112203475426,-0.0087318253375111,-0.00627474235342968,0.894445029948858,0.924112698925606,82.5969497844534,75.0936659389831,-7.50328384547039,82.38154078284,82.8128712000722,73.8939836785555,76.3112203475426,-8.7318253375111,-6.27474235342968,-9.47999526430849,-5.52657242663228,supp_pdose_6_10
24,1394616,0.0821318861426426,0.0753125707436871,-0.0068193153989555,0.916971157984707,9.52117043119536e-05,0.000541219242173355,0.000550009115095153,0.00728505259875463,0.0819454675565618,0.0823186907880339,0.0742586386464158,0.0763802268499923,-0.00789731345571075,-0.00574131734220026,0.903971269592944,0.930157996010693,82.1318861426426,75.3125707436871,-6.8193153989555,81.9454675565618,82.3186907880339,74.2586386464158,76.3802268499923,-7.89731345571075,-5.74131734220026,-8.5538038815006,-5.0848269164104,supp_pdose_6_10
25,1520035,0.0819388226486545,0.0759102405987807,-0.00602858204987383,0.926425815565793,8.4761397344569e-05,0.0004921762924335,0.000499914086158131,0.00657168630608603,0.0817728466692591,0.0821051053895887,0.0749512009536926,0.0768805317821336,-0.00700839565410802,-0.00504876844563964,0.914569721088043,0.93843560743044,81.9388226486545,75.9102405987807,-6.02858204987383,81.7728466692591,82.1051053895887,74.9512009536926,76.8805317821336,-7.00839565410802,-5.04876844563964,-7.60509269470801,-4.45207140503965,supp_pdose_6_10
26,1633763,0.0817491287197476,0.0767091415789267,-0.00503998714082091,0.938348124074827,8.37336400402446e-05,0.000502258146038136,0.00050967487429183,0.00663313798781698,0.0815851637972649,0.0819133937785201,0.075730507153605,0.0776993593611153,-0.00603893153825787,-0.00404104274338394,0.926227887332799,0.950626961244127,81.7491287197476,76.7091415789267,-5.03998714082091,81.5851637972649,81.9133937785201,75.730507153605,77.6993593611153,-6.03893153825787,-4.04104274338394,-6.64727904751751,-3.43269523412431,supp_pdose_6_10
27,1738576,0.081477461394705,0.0777056098087834,-0.00377185158592164,0.953706810185832,8.78914983044094e-05,0.000543798692737161,0.000551281891244468,0.00708607917770139,0.081305363091284,0.0816498916013551,0.0766464552737882,0.0787781517668672,-0.00485234423808992,-0.00269135893375336,0.940552846903896,0.967044736283458,81.477461394705,77.7056098087834,-3.77185158592164,81.305363091284,81.6498916013551,76.6464552737882,78.7781517668672,-4.85234423808992,-2.69135893375336,-5.51035384844102,-2.03334932340225,supp_pdose_6_10
28,1833198,0.0810004047086242,0.078830312863208,-0.00217009184541617,0.973208876508427,8.84796385876874e-05,0.000561524226888028,0.00056883400021689,0.00721118385713087,0.0808271569922756,0.0811739909758732,0.0777367470222941,0.0799379290967876,-0.00328498599902312,-0.00105519769180921,0.959550620452452,0.987061544359375,81.0004047086242,78.830312863208,-2.17009184541617,80.8271569922756,81.1739909758732,77.7367470222941,79.9379290967876,-3.28498599902312,-1.05519769180921,-3.96394579215587,-0.376237898676466,supp_pdose_6_10
29,1898168,0.0806393213133829,0.0803437163415627,-0.000295604971820226,0.996334232890286,8.39404785420795e-05,0.000547140966992046,0.000553917392548438,0.0068937497225002,0.0804749540302586,0.0808039948097696,0.0792778502776148,0.0814226453710243,-0.0013812631116255,0.000790053167985047,0.982962799227381,1.00988756075951,80.6393213133829,80.3437163415627,-0.295604971820226,80.4749540302586,80.8039948097696,79.2778502776148,81.4226453710243,-1.3812631116255,0.790053167985047,-2.04241845415763,1.45120851051717,supp_pdose_6_10
30,1919128,0.0803344976395112,0.0821147310364054,0.0017802333968942,1.02216026052572,7.71229158210673e-05,0.000521326749144934,0.000527379169861977,0.00642564600247601,0.0801834692313592,0.0804857856235632,0.0810987207189783,0.0831423183107847,0.000746589217768099,0.00281387757602031,1.0093678617327,1.03511478600524,80.3344976395112,82.1147310364054,1.7802333968942,80.1834692313592,80.4857856235632,81.0987207189783,83.1423183107847,0.746589217768099,2.81387757602031,0.11710987592939,3.44335691785902,supp_pdose_6_10
31,1911762,0.079894382019499,0.0838644967867252,0.00397011476722628,1.04969203925074,7.24443685415224e-05,0.000514820944437038,0.000520275101538154,0.0062101072676027,0.0797525088321937,0.0800364856373355,0.0828609651408902,0.0848790574288162,0.00295039430615858,0.00498983522829398,1.03699306183582,1.06254652785789,79.894382019499,83.8644967867252,3.97011476722628,79.7525088321937,80.0364856373355,82.8609651408902,84.8790574288162,2.95039430615858,4.98983522829398,2.32939437440735,5.61083516004521,supp_pdose_6_10
32,1821134,0.0796788558489656,0.0858778701480969,0.00619901429913125,1.07779999139146,7.38755083431854e-05,0.000552145554854075,0.000557455772390673,0.00650082263334937,0.0795341826305416,0.0798237694073071,0.0848018445982109,0.0869662516635032,0.00510642106227157,0.00729160753599093,1.06415445014861,1.09162050798286,79.6788558489656,85.8778701480969,6.19901429913125,79.5341826305416,79.8237694073071,84.8018445982109,86.9662516635032,5.10642106227157,7.29160753599093,4.4410423124804,7.9569862857821,supp_pdose_6_10
33,1685860,0.0798449843230502,0.0882475148246462,0.00840253050159591,1.10523554576202,8.12300400591738e-05,0.000627385319980795,0.000633019382373823,0.00718677124264898,0.0796859212544789,0.0800043372997868,0.0870255753141966,0.0894849300942973,0.00716183531062743,0.00964322569256439,1.08977653671859,1.120913848351,79.8449843230502,88.2475148246462,8.40253050159591,79.6859212544789,80.0043372997868,87.0255753141966,89.4849300942973,7.16183531062743,9.64322569256439,6.40626389833197,10.3987971048598,supp_pdose_6_10
34,1526013,0.0804837772638744,0.0909966850951255,0.0105129078312511,1.1306214517838,9.08033535806155e-05,0.000712863843252812,0.000719011554869587,0.00791958566034663,0.0803059854139867,0.0806619282101125,0.0896091167913317,0.0924035586395171,0.00910367107923855,0.0119221445832636,1.1132073310557,1.14830798501968,80.4837772638744,90.9966850951255,10.5129078312511,80.3059854139867,80.6619282101125,89.6091167913317,92.4035586395171,9.10367107923855,11.9221445832636,8.24545948083168,12.7803561816705,supp_pdose_6_10
35,1336272,0.082080666901653,0.0945908041736618,0.0125101372720089,1.15241271476264,9.91102608378983e-05,0.000783556284494975,0.00079018954270983,0.00837592221463186,0.0818866235474296,0.0822751288667525,0.0930661864828825,0.0961377506975677,0.0109613942273374,0.0140588803166803,1.13364856694058,1.17148744670553,82.080666901653,94.5908041736618,12.5101372720089,81.8866235474296,82.2751288667525,93.0661864828825,96.1377506975677,10.9613942273374,14.0588803166803,10.0182246413961,15.0020499026216,supp_pdose_6_10
36,1115942,0.0843056769774374,0.0985919045042379,0.0142862275268005,1.16945747948414,0.000103956177644828,0.000825776277909307,0.00083271406461634,0.00847095058617367,0.0841021500305766,0.0845096510128539,0.0969852025849906,0.100222269630446,0.0126541379507325,0.0159183171028685,1.15020155295635,1.18903577621347,84.3056769774374,98.5919045042379,14.2862275268005,84.1021500305766,84.5096510128539,96.9852025849906,100.222269630446,12.6541379507325,15.9183171028685,11.6602111305441,16.9122439230569,supp_pdose_6_10
37,892411,0.0871278551127491,0.102966923052221,0.0158390679394717,1.1817910921711,0.000108217832314222,0.000871407888807896,0.000878538559506928,0.00855864468847227,0.0869159854573862,0.087340191827876,0.101271490452354,0.104687433387041,0.0141171640038084,0.017560971875135,1.16213232286511,1.20178241156887,87.1278551127491,102.966923052221,15.8390679394717,86.9159854573862,87.340191827876,101.271490452354,104.687433387041,14.1171640038084,17.560971875135,13.068541104343,18.6095947746004,supp_pdose_6_10
38,695545,0.0905269031378162,0.107714971843188,0.0171880687053716,1.18986696892972,0.000118309188254919,0.00098375076263543,0.000991226967521797,0.00923020825115557,0.0902952886528911,0.0907590524591735,0.105801974547245,0.109658316166969,0.015245299548524,0.0191308378622192,1.16853477428305,1.21158859360317,90.5269031378162,107.714971843188,17.1880687053716,90.2952886528911,90.7590524591735,105.801974547245,109.658316166969,15.245299548524,19.1308378622192,14.0621718582671,20.3139655524761,supp_pdose_6_10
39,531877,0.0941226606898896,0.112418463919497,0.0182958032296078,1.19438255458893,0.000141089663021237,0.00122060278340152,0.00122900351112666,0.0109635558800011,0.09384649380874,0.094399555598523,0.110048265392906,0.114833124339837,0.0158870006109263,0.0207046058482893,1.16899123717966,1.22032538939137,94.1226606898896,112.418463919497,18.2958032296078,93.84649380874,94.399555598523,110.048265392906,114.833124339837,15.8870006109263,20.7046058482893,14.4200630344878,22.1715434247278,supp_pdose_6_10
40,379580,0.0986794835280115,0.117966286775753,0.0192868032477415,1.19544896829812,0.000181594496795329,0.00161186845407719,0.00162223722312085,0.0137889070711435,0.0983241360043033,0.0990359742373132,0.114843544550147,0.12116231747363,0.0161072767160444,0.0224663297794387,1.16357371646725,1.22819741936416,98.6794835280115,117.966286775753,19.2868032477415,98.3241360043033,99.0359742373132,114.843544550147,121.16231747363,16.1072767160444,22.4663297794387,14.170975705552,24.402630789931,supp_pdose_6_10
41,257793,0.103211840700807,0.123241506945228,0.0200296662444209,1.19406364723679,0.000238645981517193,0.00213840235152317,0.00215176661678943,0.0175055572908523,0.102745040158968,0.103680516986975,0.119111192830916,0.127494315093792,0.015812281172378,0.0242470513164638,1.1537898636613,1.23574321335081,103.211840700807,123.241506945228,20.0296662444209,102.745040158968,103.680516986975,119.111192830916,127.494315093792,15.812281172378,24.2470513164638,13.2439343146862,26.8153981741556,supp_pdose_6_10
42,164709,0.108342105060195,0.12898646270691,0.0206443576467153,1.19054787273374,0.000311703845250209,0.00279181141232257,0.00280918472228012,0.0218348396516696,0.107732688221425,0.108954548266179,0.12361277685515,0.134557886110064,0.0151384567651261,0.0261502585283045,1.14067261218018,1.24260390065974,108.342105060195,128.98646270691,20.6443576467153,107.732688221425,108.954548266179,123.61277685515,134.557886110064,15.1384567651261,26.1502585283045,11.7854161993657,29.5032990940649,supp_pdose_6_10
43,97685,0.113027714539873,0.134037334190242,0.0210096196503686,1.18588024836118,0.00039670295654436,0.00353624547922238,0.0035583891889234,0.026614641277834,0.112252521446181,0.113807574673064,0.127256611220395,0.141120938212001,0.014035304997102,0.0279839343036351,1.12560603240586,1.24938204217629,113.027714539873,134.037334190242,21.0096196503686,112.252521446181,113.807574673064,127.256611220395,141.120938212001,14.035304997102,27.9839343036351,9.78801459836347,32.2312247023736,supp_pdose_6_10
44,54186,0.118521927338946,0.139859835291988,0.0213379079530415,1.18003342024653,0.000495042283572866,0.00438171942601128,0.00440948419766127,0.0316056228458267,0.117555094561146,0.119495635063482,0.131490551376695,0.148670631469581,0.0126954777352269,0.0299803381708561,1.10915324052227,1.25544318136153,118.521927338947,139.859835291988,21.3379079530415,117.555094561146,119.495635063482,131.490551376695,148.670631469581,12.6954777352269,29.9803381708561,7.43232103656848,35.2434948695145,supp_pdose_6_10
45,28835,0.123766574767945,0.145320214887565,0.0215536401196208,1.17414750436483,0.000602752818925792,0.00529647719149946,0.00533047607725564,0.0367693562088866,0.122590034597937,0.124952798554235,0.13524388204,0.156011842616808,0.0111060989877474,0.0320011812514942,1.09250775042053,1.26188794676788,123.766574767945,145.320214887565,21.5536401196208,122.590034597937,124.952798554235,135.24388204,156.011842616808,11.1060989877474,32.0011812514942,4.74364714180885,38.3636330974327,supp_pdose_6_10
15,40161,0.101930636639199,0.117665149601088,0.0157345129618893,1.15436490421996,0.000597494256267593,0.00295410579119847,0.00301334741777465,0.0257756395339154,0.100765518600144,0.103107681842508,0.11199752505138,0.123579669653302,0.00982846055014421,0.0216405653736344,1.09749575831707,1.21418084944413,101.930636639199,117.665149601088,15.7345129618893,100.765518600144,103.107681842508,111.99752505138,123.579669653302,9.82846055014421,21.6405653736344,6.23173155956123,25.2372943642173,supp_preterm_broad
16,98382,0.0990832543591471,0.11647205271968,0.0173887983605331,1.17549684326581,0.000456170412962937,0.00229696768368468,0.00234137807243675,0.0202469593544532,0.0981927600431788,0.0999809290880604,0.112045063895242,0.121050110305169,0.0127997816643653,0.021977815056701,1.12976267938465,1.22308238158522,99.0832543591471,116.47205271968,17.3887983605331,98.1927600431788,99.9809290880604,112.045063895242,121.050110305169,12.7997816643653,21.977815056701,10.0051147297217,24.7724819913446,supp_preterm_broad
17,195994,0.0957398908378375,0.114583049479661,0.0188431586418231,1.19681617011387,0.000329246027691564,0.00168149146484711,0.00171336297273386,0.015071819102064,0.0950965221270584,0.0963871485829368,0.111328421008277,0.117920199963136,0.0154850289228203,0.022201288360826,1.16197903564086,1.23269775194872,95.7398908378376,114.583049479661,18.8431586418231,95.0965221270584,96.3871485829368,111.328421008277,117.920199963136,15.4850289228203,22.201288360826,13.4399602928067,24.2463569908395,supp_preterm_broad
18,369890,0.0906554594600035,0.110476420478995,0.0198209610189912,1.21864056656992,0.000222947577393349,0.00114133045003514,0.0011631035336552,0.0106218736684801,0.0902194373346128,0.0910933778471194,0.108259209177431,0.112733300877801,0.0175413199827357,0.0221006020552467,1.193532572409,1.24427675022926,90.6554594600035,110.476420478995,19.8209610189912,90.2194373346128,91.0933778471194,108.259209177431,112.733300877801,17.5413199827357,22.1006020552467,16.1530405650121,23.4888814729703,supp_preterm_broad
19,635199,0.0871483200874117,0.108033667827575,0.0208853477401635,1.23965290115994,0.000158551887613338,0.000764362210477976,0.000780400562084267,0.00730275037209586,0.0868380648420046,0.0874595776469503,0.106544649202919,0.10954094492329,0.0193557907449635,0.0224149047353634,1.22203596832288,1.25752380059916,87.1483200874117,108.033667827575,20.8853477401635,86.8380648420047,87.4595776469503,106.544649202919,109.54094492329,19.3557907449635,22.4149047353634,18.4243052782168,23.3463902021101,supp_preterm_broad
20,834055,0.0840306393744465,0.105859105358432,0.0218284659839854,1.25976793877191,0.000131583381321792,0.000573419021119577,0.000588648409790604,0.00564242879934951,0.0837730998784822,0.0842888977746117,0.104740472970424,0.106988257050171,0.0206747363012391,0.0229821956667318,1.24591297096845,1.27377697843857,84.0306393744466,105.859105358432,21.8284659839854,83.7730998784823,84.2888977746117,104.740472970424,106.988257050171,20.6747363012391,22.9821956667318,19.9721260451943,23.6848059227766,supp_preterm_broad
21,972880,0.0815336718496095,0.104242858451212,0.0227091866016024,1.27852525326579,0.000126516295559292,0.000532027346426531,0.000547772765369666,0.0053453696889487,0.0812860478143754,0.0817819830789561,0.10320470294184,0.105290230878396,0.021635571709766,0.0237828014934389,1.2652004090283,1.29199043216702,81.5336718496095,104.242858451212,22.7091866016024,81.2860478143754,81.7819830789561,103.20470294184,105.290230878396,21.635571709766,23.7828014934389,20.9817505891625,24.4366226140423,supp_preterm_broad
22,1121260,0.0791241717255504,0.102559137313072,0.0234349655875212,1.29617960070164,0.000120103211062693,0.000513490678912192,0.000528457990646689,0.00524557743619201,0.0788890936000933,0.079359889997244,0.101557078838358,0.103569943272096,0.0223992069585113,0.0244707242165311,1.28292166322043,1.30957454803411,79.1241717255504,102.559137313072,23.4349655875212,78.8890936000933,79.359889997244,101.557078838358,103.569943272096,22.3992069585113,24.4707242165311,21.7684399370745,25.101491237968,supp_preterm_broad
23,1242664,0.0770913600311497,0.101224174451048,0.0241328144198983,1.31304175215157,0.000106861576556993,0.000466381217646417,0.000479587480691554,0.00482568400754505,0.0768821757647207,0.0773010657942209,0.100313739522374,0.102141934270328,0.0231928402303065,0.02507278860949,1.30068132978362,1.32551963606648,77.0913600311497,101.224174451048,24.1328144198983,76.8821757647207,77.3010657942209,100.313739522374,102.141934270328,23.1928402303065,25.07278860949,22.6204050092135,25.645223830583,supp_preterm_broad
24,1360984,0.0755535644431056,0.100454394282311,0.0249008298392052,1.32957849206382,9.15279281298094e-05,0.000405692496786271,0.000417037641323514,0.00423127496053797,0.0753743684501519,0.075733151564737,0.0996620424318626,0.101252337192405,0.0240834510820136,0.0257182085963968,1.31859769840441,1.34065072970916,75.5535644431056,100.454394282311,24.9008298392052,75.3743684501519,75.733151564737,99.6620424318626,101.252337192405,24.0834510820136,25.7182085963968,23.5856752975604,26.21598438085,supp_preterm_broad
25,1485728,0.074249440026984,0.0999879232404205,0.0257384832134365,1.34664885289482,8.12795227791848e-05,0.000367049433780719,0.000377054943505599,0.00384539904763285,0.0740902921964576,0.0744089022387078,0.0992708165449538,0.100709630936891,0.0249994691039727,0.0264774973229002,1.33653752267424,1.35683667853516,74.249440026984,99.9879232404205,25.7384832134365,74.0902921964576,74.4089022387078,99.2708165449538,100.709630936891,24.9994691039727,26.4774973229002,24.5494166346326,26.9275497922404,supp_preterm_broad
26,1599762,0.0732710942857826,0.0999961444815531,0.0267250501957705,1.36474206446998,8.0314965531065e-05,0.00037304578054933,0.000382575726060347,0.00390145308347349,0.0731138354864755,0.0734286645333026,0.0992673605438705,0.100729680532716,0.025975215551333,0.0274748848402081,1.35434607923329,1.37521784947919,73.2710942857826,99.9961444815531,26.7250501957705,73.1138354864755,73.4286645333026,99.2673605438705,100.729680532716,25.975215551333,27.4748848402081,25.5185734804925,27.9315269110486,supp_preterm_broad
27,1705131,0.0724244606241278,0.100283604372788,0.0278591437486597,1.38466484263161,8.38318970641766e-05,0.000400304621900019,0.00040976981034298,0.00416674656902923,0.0722603248550141,0.0725889400485866,0.0995017442490443,0.101070918602268,0.0270560096784356,0.0286622778188837,1.37340278671746,1.3960192486594,72.4244606241279,100.283604372788,27.8591437486597,72.2603248550141,72.5889400485866,99.5017442490443,101.070918602268,27.0560096784356,28.6622778188837,26.5669087710419,29.1513787262775,supp_preterm_broad
28,1801255,0.0717952752870866,0.101005659469468,0.0292103841823815,1.40685663597749,8.40887769808764e-05,0.000410164153669486,0.000419321138464595,0.00423488559715982,0.0716306387475058,0.0719602608979398,0.100204587439619,0.101812410937772,0.0283885298530346,0.0300322385117284,1.3952277397997,1.41858245627917,71.7952752870866,101.005659469468,29.2103841823815,71.6306387475058,71.9602608979398,100.204587439619,101.812410937772,28.3885298530346,30.0322385117284,27.8880284882787,30.5327398764843,supp_preterm_broad
29,1867931,0.0714193053796727,0.102162000927676,0.0307426955480029,1.43045357812669,7.96337983838914e-05,0.000397231708724681,0.0004056809118518,0.00405245771779994,0.0712633833464713,0.0715755422735427,0.101386065954332,0.102943194046787,0.029947575571558,0.0315378155244478,1.41913695731573,1.44186044104284,71.4193053796727,102.162000927676,30.7426955480029,71.2633833464714,71.5755422735427,101.386065954332,102.943194046787,29.947575571558,31.5378155244478,29.4633551700283,32.0220359259776,supp_preterm_broad
30,1891101,0.0714761112662555,0.103947112198653,0.0324710009323974,1.45429165573152,7.3341218891969e-05,0.000378923526368737,0.000386442272951159,0.00379367915904633,0.0713324984687252,0.0716199908992186,0.103206777604325,0.104692137476796,0.0317135879953094,0.0332284138694855,1.44351840891521,1.46514530529589,71.4761112662555,103.947112198653,32.4710009323974,71.3324984687252,71.6199908992186,103.206777604325,104.692137476796,31.7135879953094,33.2284138694855,31.2523308172915,33.6896710475034,supp_preterm_broad
31,1886171,0.0717967378228901,0.10605937676331,0.0342626389404198,1.47721721041059,6.91152545806693e-05,0.000377393343504655,0.000384117688354898,0.00369235578283283,0.0716613922659401,0.0719323191974324,0.105321969470312,0.106801330662818,0.0335097821054195,0.0350154957754202,1.46656534992528,1.4879464367847,71.7967378228901,106.05937676331,34.2626389404198,71.6613922659401,71.9323191974324,105.321969470312,106.801330662818,33.5097821054195,35.0154957754202,33.0512995496569,35.4739783311827,supp_preterm_broad
32,1798093,0.0726627927120357,0.108827148430555,0.0361643557185193,1.49770115307623,7.07457000520015e-05,0.000408509088887833,0.000415059643152351,0.00388430372335578,0.0725242555614518,0.0728015737263656,0.108029067170458,0.109630400978701,0.0353508537665047,0.036977857670534,1.48634230417561,1.50914680798915,72.6627927120357,108.827148430555,36.1643557185193,72.5242555614518,72.8015737263656,108.029067170458,109.630400978701,35.3508537665047,36.977857670534,34.8554389190359,37.4732725180027,supp_preterm_broad
33,1665495,0.074103336602455,0.112228559947608,0.0381252233451534,1.51448726998199,7.8367085999736e-05,0.00046639475461312,0.000473441884876201,0.00429495510947322,0.0739498863034911,0.0742570797867102,0.111317690044862,0.113145934204153,0.0371972943020233,0.0390531523882835,1.50179189031718,1.52728996988595,74.103336602455,112.228559947608,38.1252233451534,73.9498863034911,74.2570797867102,111.317690044862,113.145934204153,37.1972943020233,39.0531523882835,36.6321944590227,39.618252231284,supp_preterm_broad
34,1508275,0.0760637744090639,0.116107997444447,0.0400442230353834,1.52645590291154,8.86747337537665e-05,0.00053065309285352,0.000538536349834064,0.00472346481190859,0.0758901572339834,0.0762377560078839,0.11507197601283,0.117152111594721,0.038988711185343,0.0410997348854238,1.5123894602994,1.54065317479283,76.0637744090639,116.107997444447,40.0442230353834,75.8901572339834,76.2377560078839,115.07197601283,117.152111594721,38.988711185343,41.0997348854238,38.3459146426989,41.7425314280679,supp_preterm_broad
35,1321363,0.0788052231052629,0.120747906207763,0.0419426831024997,1.53223227407751,9.80215340693274e-05,0.000582552856595464,0.000591289492816224,0.00498912163355192,0.0786133184510336,0.0789975560571581,0.119610772540851,0.121894353755363,0.040783776992143,0.0431015892128565,1.51732235984681,1.54728870005038,78.8052231052629,120.747906207763,41.9426831024997,78.6133184510337,78.9975560571581,119.610772540851,121.894353755363,40.783776992143,43.1015892128565,40.0780143415789,43.8073518634206,supp_preterm_broad
36,1103345,0.0823519697356567,0.126036583573148,0.0436846138374915,1.53046228253818,0.000104172231829345,0.000614572568694137,0.000623949077785812,0.00504482401533841,0.0821480261656305,0.0825563740823185,0.124836961173103,0.127246057654877,0.0424616961168443,0.0449075315581386,1.51540413905381,1.54567005454694,82.3519697356567,126.036583573148,43.6846138374915,82.1480261656305,82.5563740823185,124.836961173103,127.246057654877,42.4616961168443,44.9075315581386,41.7169510126183,45.6522766623646,supp_preterm_broad
37,882785,0.0864485962894165,0.131622026258996,0.0451734299695794,1.52254671456256,0.000109406226762889,0.000650520531919896,0.0006602972999049,0.00510907943043671,0.0862344046657804,0.0866632694713123,0.130352260431268,0.132902270675678,0.0438792710426767,0.046467588896482,1.50737660356369,1.53786949627899,86.4485962894165,131.622026258996,45.1734299695794,86.2344046657804,86.6632694713122,130.352260431268,132.902270675678,43.8792710426767,46.467588896482,43.0911407305319,47.2557192086269,supp_preterm_broad
38,688250,0.0910573372481201,0.13741116688597,0.0463538296378503,1.50906199367045,0.00011988934932193,0.000735983606038892,0.000746243671906522,0.00552156465058682,0.0908226310974924,0.0912925890289126,0.135975020539107,0.138860043829544,0.0448912189172226,0.0478164403584781,1.49281887298566,1.52548185312398,91.0573372481201,137.41116688597,46.3538296378503,90.8226310974924,91.2925890289126,135.975020539107,138.860043829544,44.8912189172226,47.8164403584781,44.0005030863984,48.7071561893023,supp_preterm_broad
39,526483,0.0957966431935973,0.142930478365832,0.0471338351722351,1.49201969506365,0.000143058821058905,0.000912011162801621,0.000923493159663724,0.00655662052797901,0.0955166196887346,0.0960774004329868,0.141152265849589,0.144727317531769,0.0453238218393252,0.0489438485051451,1.47296880891246,1.51131697900748,95.7966431935973,142.930478365832,47.1338351722352,95.5166196887346,96.0774004329868,141.152265849589,144.727317531769,45.3238218393252,48.9438485051451,44.2215411662189,50.0461291782514,supp_preterm_broad
40,375841,0.101369904194301,0.149095625504771,0.0477257213104706,1.47080760004461,0.000184636907893451,0.00119556398705351,0.00120989867145765,0.00822460561226847,0.101008595150374,0.101732359392955,0.146767518561588,0.15145410690347,0.0453543634894708,0.0500970791314705,1.44728835690818,1.49470904400168,101.369904194301,149.095625504771,47.7257213104706,101.008595150374,101.732359392955,146.767518561588,151.45410690347,45.3543634894708,50.0970791314705,43.9102294338917,51.5412131870495,supp_preterm_broad
41,255445,0.10704995349074,0.154943268045654,0.0478933145549134,1.4473922032956,0.000244378439307935,0.00157356247527557,0.0015924572235405,0.0104094353331546,0.106571922769819,0.107529870358567,0.151884147110071,0.158052520933257,0.0447721557498534,0.0510144733599735,1.41816153397229,1.47722536535941,107.04995349074,154.943268045654,47.8933145549134,106.571922769819,107.529870358567,151.884147110071,158.052520933257,44.7721557498534,51.0144733599735,42.8714001222792,52.9152289875477,supp_preterm_broad
42,163280,0.113333961190927,0.161136377797705,0.0478024166067788,1.42178369223546,0.000321701182330189,0.0020353469094557,0.00206054779535491,0.0129456455514088,0.112704966555155,0.11396601530294,0.157186954452926,0.165165586545544,0.0437638171394597,0.0518410160740978,1.38616259404505,1.45832016834888,113.333961190927,161.136377797705,47.8024166067788,112.704966555155,113.96601530294,157.186954452926,165.165586545544,43.7638171394597,51.8410160740978,41.3043489917385,54.3004842218191,supp_preterm_broad
43,96885,0.119109072549085,0.166323046547981,0.047213973998896,1.39639275991708,0.000412752170893414,0.00255715916491083,0.00259008631495789,0.0157589351632661,0.118302465979909,0.119920430697769,0.161371367780481,0.171395614177321,0.0421374981047284,0.0522904498930635,1.35392172964858,1.44019605952772,119.109072549085,166.323046547981,47.213973998896,118.302465979909,119.920430697769,161.371367780481,171.395614177321,42.1374981047284,52.2904498930635,39.0459732171,55.381974780692,supp_preterm_broad
44,53779,0.124621589050238,0.170815220568785,0.0461936315185466,1.37067118041582,0.000514972526155551,0.00312148333984368,0.00316336093416499,0.0187329150566799,0.123615761919337,0.125634427076987,0.164783922777605,0.177020483740577,0.0399935580174823,0.052393705019611,1.32125850299173,1.42193180257191,124.621589050238,170.815220568785,46.1936315185466,123.615761919337,125.634427076987,164.783922777605,177.020483740577,39.9935580174823,52.393705019611,36.2177730175597,56.1694900195335,supp_preterm_broad
45,28641,0.129545645889661,0.174501698093643,0.0449560522039821,1.34702866233167,0.000627190692571261,0.00372444321000247,0.00377641512987332,0.0218819599812341,0.128321331166309,0.130779889252679,0.16732188816693,0.181922284496791,0.0375544145587582,0.0523576898492059,1.29047881299478,1.40605657285627,129.545645889661,174.501698093643,44.9560522039821,128.321331166309,130.779889252679,167.32188816693,181.922284496791,37.5544145587582,52.3576898492059,33.0468885768645,56.8652158310996,supp_preterm_broad
15,40557,0.101895522932082,0.11038877772378,0.00849325479169864,1.08335258063654,0.000596759082210401,0.00243237856278967,0.00250385289333535,0.0227932324293194,0.100731833522492,0.10307111485756,0.10571080170867,0.115247088547474,0.00358579329817496,0.0134007162852223,1.03602011493001,1.13284751623875,101.895522932082,110.38877772378,8.49325479169864,100.731833522492,103.07111485756,105.71080170867,115.247088547474,3.58579329817496,13.4007162852223,0.597196551416502,16.3893130319808,supp_preterm_prepregnancy
16,99756,0.0990907632090821,0.108966688763883,0.00987592555480066,1.09966545049171,0.00045574173949707,0.00188485387020324,0.00193859997458622,0.01789282247448,0.0982011020454804,0.0999875906792036,0.10532703383733,0.112716269318462,0.0060763394241814,0.0136755116854199,1.06176934503401,1.13891412354385,99.0907632090821,108.966688763883,9.87592555480066,98.2011020454804,99.9875906792036,105.32703383733,112.716269318462,6.0763394241814,13.6755116854199,3.76242809467166,15.9894230149297,supp_preterm_prepregnancy
17,199402,0.0957282380574899,0.106849953156667,0.0111217150991771,1.11618008776572,0.000328898319800379,0.00137407832792602,0.00141270349493675,0.0133089762618203,0.095085547011981,0.096374810461715,0.104186535937007,0.109573129544264,0.0083528671282672,0.013890563070087,1.08744086529498,1.14567883926888,95.7282380574899,106.849953156667,11.1217150991771,95.085547011981,96.374810461715,104.186535937007,109.573129544264,8.3528671282672,13.890563070087,6.66666540278236,15.5767647955718,supp_preterm_prepregnancy
18,378795,0.0905443243227876,0.102597589395689,0.0120532650729013,1.13312005101426,0.000222553921354332,0.000927692510185878,0.000954325601872812,0.00937358633828048,0.0901090717067205,0.0909814691117502,0.100793562098233,0.104430155703338,0.0101828212637061,0.0139237088820965,1.11249255548106,1.15413001523894,90.5443243227876,102.597589395689,12.0532650729013,90.1090717067205,90.9814691117502,100.793562098233,104.430155703338,10.1828212637061,13.9237088820965,9.04373901302873,15.0627911327739,supp_preterm_prepregnancy
19,653855,0.0870142194760833,0.100045906829606,0.0130316873535229,1.14976503187625,0.000158263518153854,0.000619882600189429,0.000639723822884405,0.00645693159867117,0.0867045284621958,0.0873249108784722,0.0988374993037647,0.101267428350148,0.0117778517006172,0.0142855230064286,1.13530603393001,1.16440817631283,87.0142194760833,100.045906829606,13.0316873535229,86.7045284621958,87.3249108784722,98.8374993037647,101.267428350148,11.7778517006172,14.2855230064286,11.0142778736622,15.0490968333835,supp_preterm_prepregnancy
20,858662,0.0839504694393766,0.0978939345417022,0.0139434651023256,1.16609156798575,0.000131458196334943,0.000467041303176918,0.000485699164690844,0.00502729185641582,0.0836931749983444,0.0842084821781462,0.0969823580463482,0.0988131417261971,0.0129915122322104,0.0148954179724409,1.15465812626931,1.1776382238099,83.9504694393766,97.8939345417022,13.9434651023256,83.6931749983444,84.2084821781462,96.9823580463482,98.8131417261971,12.9915122322104,14.8954179724409,12.4117821101405,15.4751480945108,supp_preterm_prepregnancy
21,1000721,0.0815042677552658,0.096329233481332,0.0148249657260662,1.18189189516531,0.000126454229453076,0.000435697277193206,0.000454654721541916,0.00479351943223399,0.0812567651674332,0.0817524571370756,0.0954786575861131,0.0971865726146314,0.013933858846443,0.0157160726056895,1.1708398714162,1.19304824336727,81.5042677552658,96.329233481332,14.8249657260662,81.2567651674332,81.7524571370756,95.4786575861131,97.1865726146314,13.933858846443,15.7160726056895,13.391183346091,16.2587481060415,supp_preterm_prepregnancy
22,1152710,0.0791433230470378,0.0947638531148967,0.0156205300678589,1.19737015665333,0.000120085026639209,0.000421161566453117,0.000439023680121705,0.00470958447597212,0.0789082803803942,0.0793790054954225,0.0939416042541125,0.0955925396221436,0.0147600594664601,0.0164810006692577,1.18636854651549,1.20847378856676,79.1433230470378,94.7638531148967,15.6205300678589,78.9082803803942,79.3790054954225,93.9416042541126,95.5925396221436,14.7600594664601,16.4810006692577,14.2360411642452,17.0050189714727,supp_preterm_prepregnancy
23,1275619,0.0771640775620163,0.0935823034842962,0.0164182259222799,1.21277032579162,0.000106895856404917,0.000382924550116076,0.000398609589539402,0.00433329693882437,0.0769548260057155,0.0773738504092618,0.0928344791633602,0.0943355254344963,0.0156369654828904,0.0171994863616694,1.20251375566177,1.22311437702539,77.1640775620163,93.5823034842962,16.4182259222799,76.9548260057155,77.3738504092618,92.8344791633602,94.3355254344963,15.6369654828904,17.1994863616694,15.1611854058359,17.6752664387239,supp_preterm_prepregnancy
24,1394616,0.0756528855011179,0.0929345348046173,0.0172816493034995,1.22843344558542,9.15846363336317e-05,0.00033417290071308,0.000347560211649179,0.00380792672512255,0.0754735783228806,0.0758325837292135,0.0922816362081989,0.0935915764217697,0.0166004438062079,0.017962854800791,1.21929928468912,1.23763603340227,75.6528855011179,92.9345348046173,17.2816493034995,75.4735783228806,75.8325837292135,92.2816362081989,93.5915764217697,16.600443806208,17.962854800791,16.1855962244661,18.3777023825328,supp_preterm_prepregnancy
25,1520035,0.0743631532983395,0.0925774318523584,0.0182142785540189,1.24493687728578,8.13568370354353e-05,0.000304460053097184,0.000316206486005829,0.00347995705508388,0.074203853970407,0.0745227670788133,0.0919824256042034,0.0931758920595072,0.0175945252297695,0.0188340318782683,1.23647456444394,1.25345710538176,74.3631532983395,92.5774318523584,18.2142785540189,74.203853970407,74.5227670788133,91.9824256042035,93.1758920595072,17.5945252297695,18.8340318782683,17.2171014290757,19.2114556789622,supp_preterm_prepregnancy
26,1633763,0.0734028387905169,0.0926792079701712,0.0192763691796543,1.2626106768795,8.04248780409728e-05,0.00031153460034895,0.000322728769083376,0.00354860145250248,0.0732453646869634,0.0735606245828547,0.0920704146501873,0.0932916131603959,0.018643832415476,0.0199089059438327,1.25385952215744,1.27142290918451,73.4028387905169,92.6792079701712,19.2763691796543,73.2453646869634,73.5606245828547,92.0704146501873,93.2916131603959,18.643832415476,19.9089059438327,18.2586236230844,20.2941147362243,supp_preterm_prepregnancy
27,1738576,0.0725680470852488,0.0930338868753891,0.0204658397901403,1.28202274433675,8.39664803803341e-05,0.000335161615296036,0.000346340749050913,0.00379493541519563,0.0724036477176095,0.0727327904680728,0.0923790601851828,0.0936928761276551,0.0197870243956219,0.0211446551846587,1.27252251511869,1.29159389910161,72.5680470852488,93.0338868753891,20.4658397901403,72.4036477176095,72.7327904680728,92.3790601851828,93.6928761276551,19.7870243956219,21.1446551846587,19.3736323634308,21.5580472168498,supp_preterm_prepregnancy
28,1833198,0.0719514178745825,0.0937839493304926,0.0218325314559101,1.3034343464081,8.42349028799897e-05,0.00034361394357594,0.000354478864064815,0.00385579569103817,0.0717864951262314,0.0721166900796367,0.0931126427987031,0.0944595916149741,0.0211377656490624,0.0225272972627578,1.2936211324182,1.3133220019531,71.9514178745825,93.7839493304926,21.8325314559101,71.7864951262314,72.1166900796367,93.1126427987031,94.4595916149741,21.1377656490624,22.5272972627578,20.7146599695081,22.9504029423122,supp_preterm_prepregnancy
29,1898168,0.0715750319271758,0.0949174621227251,0.0233424301955493,1.32612532005992,7.97755742771485e-05,0.000332943191980662,0.000342998713168155,0.00368917710580238,0.0714188322047991,0.0717315468831571,0.094266910333191,0.0955720297449385,0.0226701650709961,0.0240146953201025,1.3165711494436,1.33574882394107,71.5750319271758,94.9174621227251,23.3424301955493,71.4188322047991,71.7315468831571,94.266910333191,95.5720297449385,22.6701650709961,24.0146953201025,22.2607620900761,24.4240983010225,supp_preterm_prepregnancy
30,1919128,0.0716377433392263,0.0966421564381367,0.0250044130989105,1.34903965330827,7.34806388885924e-05,0.000318018661267182,0.000326994979391037,0.00345501088752211,0.0714938574619311,0.0717818964087885,0.0960206437978912,0.0972672590860369,0.0243635147161786,0.0256453114816423,1.33993522666205,1.35820594158997,71.6377433392263,96.6421564381367,25.0044130989105,71.4938574619311,71.7818964087885,96.0206437978913,97.2672590860369,24.3635147161786,25.6453114816423,23.9732137786852,26.0356124191357,supp_preterm_prepregnancy
31,1911762,0.0719705401774535,0.0986822087038157,0.0267116685263622,1.37114725637047,6.92580370200276e-05,0.000317445769986181,0.000325489323958155,0.00336555099614717,0.071834914947975,0.0721064015763719,0.0980617707148293,0.0993061399998139,0.026073721174052,0.0273496158786725,1.36213244234259,1.38022173190366,71.9705401774535,98.6822087038157,26.7116685263622,71.834914947975,72.1064015763719,98.0617707148293,99.3061399998139,26.073721174052,27.3496158786725,25.6852173856404,27.738119667084,supp_preterm_prepregnancy
32,1821134,0.0728378628438763,0.101331050653455,0.028493187809579,1.39118648868999,7.08926954317994e-05,0.00034438921439368,0.000352201354571796,0.00354323701583383,0.0726990377735768,0.0729769321498242,0.100658052035922,0.102008038557297,0.0278028858393121,0.029183489779846,1.38155870077764,1.40088137060278,72.8378628438764,101.331050653455,28.493187809579,72.6990377735768,72.9769321498242,100.658052035922,102.008038557297,27.8028858393121,29.183489779846,27.3824985932087,29.6038770259493,supp_preterm_prepregnancy
33,1685860,0.0742901030202236,0.104598475720854,0.0303083727006305,1.40797322211789,7.85340036132646e-05,0.00039381174821491,0.000402188819228614,0.00391880708200305,0.0741363257887575,0.0744441735770178,0.103829130226241,0.105372851567317,0.0295200970999578,0.0310966483013033,1.39720039747438,1.41882910839737,74.2901030202236,104.598475720854,30.3083727006305,74.1363257887575,74.4441735770178,103.829130226241,105.372851567317,29.5200970999578,31.0966483013033,29.0400448573006,31.5767005439605,supp_preterm_prepregnancy
34,1526013,0.0762558422207639,0.108322162627167,0.0320663204064027,1.42050968781604,8.88562405704597e-05,0.00044859350218713,0.000457939708704285,0.0043102138758625,0.0760818695399978,0.0764301798075079,0.107446065181473,0.1092045296083,0.0311687750702515,0.0329638657425538,1.40855996111627,1.43256079178915,76.2558422207639,108.322162627167,32.0663204064027,76.0818695399978,76.4301798075079,107.446065181473,109.2045296083,31.1687750702515,32.9638657425539,30.622178611934,33.5104622008714,supp_preterm_prepregnancy
35,1336272,0.0789860479525024,0.11276123093893,0.0337751829864279,1.42760948119266,9.81983686111727e-05,0.000493111449934574,0.000503442205585815,0.00455439440951956,0.0787937969403495,0.0791787277250381,0.111798359713202,0.113731333095141,0.0327884543951823,0.0347619115776736,1.41492270611392,1.4404100110802,78.9860479525024,112.76123093893,33.7751829864279,78.7937969403495,79.1787277250381,111.798359713202,113.731333095141,32.7884543951823,34.7619115776736,32.1875461941456,35.3628197787103,supp_preterm_prepregnancy
36,1115942,0.0825425504859575,0.117873648235374,0.035331097749416,1.42803496549851,0.00010435911555104,0.000521336028320454,0.000532389638317225,0.00460844158915612,0.0823382408667984,0.0827473213540569,0.116855679196903,0.118899291246664,0.0342876332325719,0.0363745622662601,1.41519448902069,1.44099194740189,82.5425504859575,117.873648235374,35.331097749416,82.3382408667984,82.7473213540569,116.855679196903,118.899291246664,34.2876332325719,36.3745622662601,33.6521733997208,37.0100220991112,supp_preterm_prepregnancy
37,892411,0.086636652456367,0.1232789520599,0.0366422996035329,1.42294223708594,0.000109586691726166,0.000553317430919696,0.000564798026195273,0.00467146704736929,0.0864221073386172,0.0868516795535941,0.122198562760819,0.12436754002731,0.0355353158136508,0.0377492833934149,1.40997337152151,1.43603038963651,86.636652456367,123.2789520599,36.6422996035329,86.4221073386172,86.8516795535941,122.198562760819,124.36754002731,35.5353158136508,37.7492833934149,34.8611733557789,38.4234258512868,supp_preterm_prepregnancy
38,695545,0.0912564986936993,0.128928329945796,0.037671831252097,1.41281258640595,0.000120085969916569,0.000627785083539313,0.000639811383146091,0.00505087288744381,0.0910214073989763,0.0914921360686603,0.127702888091708,0.130163776456901,0.0364178239842319,0.0389258385199621,1.39889540772027,1.42686822280726,91.2564986936993,128.928329945796,37.671831252097,91.0214073989763,91.4921360686603,127.702888091708,130.163776456901,36.4178239842319,38.9258385199621,35.6541456454209,39.6895168587731,supp_preterm_prepregnancy
39,531877,0.0959668733913771,0.134294655579099,0.0383277821877217,1.39938554662932,0.000143247516560284,0.000779327409911277,0.000792788376199898,0.00599617174887704,0.0956864802807767,0.0962480006973604,0.132774527620043,0.135829461511358,0.0367739455230079,0.0398816188524355,1.38303583628756,1.41592853687117,95.9668733913771,134.294655579099,38.3277821877217,95.6864802807767,96.2480006973604,132.774527620043,135.829461511358,36.7739455230079,39.8816188524355,35.8276739715579,40.8278904038855,supp_preterm_prepregnancy
40,379580,0.101538009596658,0.140342696520276,0.0388046869236178,1.38216907222982,0.000184857157977963,0.00102311900715873,0.00103991167913153,0.00751623782138738,0.101176269153395,0.101900896759461,0.138349381820535,0.142359985618335,0.0367664974854175,0.0408428763618182,1.36195681644818,1.40268129000648,101.538009596658,140.342696520276,38.8046869236178,101.176269153395,101.900896759461,138.349381820535,142.359985618335,36.7664974854175,40.8428763618182,35.5252597635685,42.0841140836672,supp_preterm_prepregnancy
41,257793,0.107232904980635,0.146137065432256,0.0389041604516206,1.36280058307332,0.000244662909366171,0.00134842235773368,0.00137052513983575,0.00950580354479914,0.106754317048014,0.107713379736269,0.14351396387784,0.148799781700522,0.0362179805376358,0.0415903403656054,1.33764526342951,1.38842896543689,107.232904980635,146.137065432256,38.9041604516206,106.754317048014,107.713379736269,143.51396387784,148.799781700522,36.2179805376358,41.5903403656054,34.5821228619847,43.2261980412565,supp_preterm_prepregnancy
42,164709,0.113445584104528,0.152189062891749,0.0387434787872205,1.34151597078933,0.000321893538600571,0.00174608930778859,0.00177549339899684,0.0118186511296212,0.11281621253325,0.114078015299725,0.148798270224309,0.155642995751297,0.0352635756703981,0.0422233819040429,1.3107980699573,1.37295373034952,113.445584104528,152.189062891749,38.7434787872205,112.81621253325,114.078015299725,148.798270224309,155.642995751297,35.2635756703981,42.2233819040429,33.1443482148807,44.3426093595604,supp_preterm_prepregnancy
43,97685,0.119274207757246,0.15744699989863,0.0381727921413843,1.32004230301891,0.000413101410357031,0.0021974866674467,0.00223585069860593,0.0143792469149696,0.118466916839251,0.120086250539393,0.153187749342897,0.161802047529628,0.033790605297308,0.0425549789854607,1.28335915184271,1.35777399433157,119.274207757246,157.44699989863,38.1727921413843,118.466916839251,120.086250539393,153.187749342897,161.802047529628,33.790605297308,42.5549789854607,31.1218957489646,45.2236885338041,supp_preterm_prepregnancy
44,54186,0.124677697923106,0.161870444728137,0.0371927468050313,1.29831114485262,0.0005150624648089,0.0026849659998272,0.00273364120169172,0.0170916086700154,0.123671693867706,0.125690711568653,0.156676777794567,0.167202141816922,0.0318349085030607,0.0425505851070018,1.25553950303274,1.34253986017721,124.677697923106,161.870444728137,37.1927468050313,123.671693867706,125.690711568653,156.676777794567,167.202141816922,31.8349085030607,42.5505851070018,28.5720366211196,45.8134569889429,supp_preterm_prepregnancy
45,28835,0.129566196704746,0.165592039299879,0.036025842595133,1.27804970363704,0.000627118309123418,0.00320707696849131,0.00326738187335505,0.0199596729038362,0.128342021766278,0.130800296100597,0.15940152808214,0.171973779786308,0.0296218917996181,0.0424297933906479,1.22901742281492,1.32903815246621,129.566196704746,165.592039299879,36.025842595133,128.342021766278,130.800296100597,159.40152808214,171.973779786308,29.6218917996181,42.4297933906479,25.7219474925391,46.3297376977269,supp_preterm_prepregnancy
15,1199,0.0872844071863285,0.110180622787073,0.0228962156007446,1.26231736387769,0.00401903385901755,0.00277109147000123,0.00487747847720824,0.0524248658071543,0.0797220142727017,0.0954897300359655,0.104865522672375,0.115730288664813,0.0133365334500472,0.032455897751442,1.13905430435676,1.39891936763011,87.2844071863285,110.180622787073,22.8962156007446,79.7220142727017,95.4897300359656,104.865522672375,115.730288664813,13.3365334500472,32.455897751442,7.51477916561259,38.2776520358765,supp_preterm_primary
16,4170,0.0862301244175495,0.109516581181673,0.0232864567641235,1.27005013527946,0.00310435469951977,0.00216086102546745,0.00377985163441957,0.0410286346222389,0.0803369218759442,0.0925121424519334,0.10535263750201,0.113824161457277,0.0158780836937563,0.0306948298344907,1.17191800850588,1.37639948734969,86.2301244175495,109.516581181673,23.2864567641235,80.3369218759442,92.5121424519334,105.35263750201,113.824161457277,15.8780836937563,30.6948298344907,11.3664559028727,35.2064576253743,supp_preterm_primary
17,11232,0.0839790717800653,0.10735938035853,0.023380308578465,1.27840637057404,0.00223990426410068,0.00157700298891803,0.00273770838216775,0.0304329859007936,0.0796918896359407,0.0884747187783331,0.104307424775992,0.110489618343662,0.0180144987492428,0.0287461184076872,1.2043821814246,1.35698026218816,83.9790717800653,107.35938035853,23.380308578465,79.6918896359407,88.4747187783331,104.307424775992,110.489618343662,18.0144987492428,28.7461184076872,14.7467722840427,32.0138448728874,supp_preterm_primary
18,29922,0.0802204420534717,0.103302209868238,0.0230817678147659,1.28772925234419,0.00149636515083398,0.00106668932223662,0.00183889570882138,0.0213335509439572,0.0773361261231692,0.0832026304151077,0.10123017700103,0.105411679998012,0.0194775984541507,0.026685937175381,1.23499559869712,1.34271460488792,80.2204420534717,103.302209868238,23.0817678147659,77.3361261231692,83.2026304151077,101.23017700103,105.411679998012,19.4775984541507,26.685937175381,17.2826940539601,28.8808415755716,supp_preterm_primary
19,60774,0.0781076751064429,0.101280829595984,0.0231731544895407,1.29668216929977,0.000999142877265747,0.000715810703482667,0.00123156702812509,0.0146407606190665,0.0761717229014353,0.0800885652061852,0.0998864631780195,0.102692439998367,0.0207593274698685,0.0255869815092129,1.26000219261097,1.33442993832875,78.1076751064429,101.280829595984,23.1731544895407,76.1717229014353,80.0885652061852,99.8864631780195,102.692439998367,20.7593274698685,25.5869815092129,19.2893300816567,27.0569788974247,supp_preterm_primary
20,82205,0.0768896892418636,0.100395575118835,0.0235058858769714,1.30570920638047,0.000773659895906689,0.000541426173444534,0.000948105020901591,0.0114569019564949,0.0753869841177245,0.078419807626789,0.0993393705312906,0.10146174450177,0.0216476341824427,0.0253641375715002,1.27671609580215,1.33536072524846,76.8896892418636,100.395575118835,23.5058858769714,75.3869841177245,78.419807626789,99.3393705312906,101.46174450177,21.6476341824427,25.3641375715002,20.5159768120781,26.4957949418648,supp_preterm_primary
21,96740,0.0761078952677186,0.100096028566663,0.0239881332989441,1.31518587151258,0.000742008464195286,0.000506289833881113,0.000902519988764799,0.0110289405952218,0.0746662757696313,0.0775750153819827,0.0991080810683136,0.10109271919506,0.0222192266256376,0.0257570399722506,1.2870614529253,1.34392485509913,76.1078952677186,100.096028566663,23.9881332989441,74.6662757696313,77.5750153819827,99.1080810683136,101.09271919506,22.2192266256376,25.7570399722506,21.1419795120047,26.8342870858835,supp_preterm_primary
22,110682,0.0756863684150107,0.100324956812976,0.0246385883979651,1.32553534954755,0.000729174460199831,0.000496084403394423,0.00088592023859791,0.0108718686851297,0.0742695433478011,0.0771279700678765,0.0993568268222296,0.101301459191805,0.022902216637138,0.0263749601587921,1.29758902207135,1.35408356036749,75.6863684150107,100.324956812976,24.6385883979651,74.2695433478011,77.1279700678765,99.3568268222296,101.301459191805,22.902216637138,26.3749601587921,21.8447829716026,27.4323938243276,supp_preterm_primary
23,119247,0.0759982653970398,0.101512819770756,0.0255145543737164,1.33572548321228,0.00067501404446064,0.000459495387991524,0.00082067758365449,0.0100125366551464,0.07468578543102,0.0773318824426768,0.100615762293171,0.102416964367509,0.0239060558668342,0.0271230528805985,1.30976845034187,1.36219693338696,75.9982653970398,101.512819770756,25.5145543737164,74.68578543102,77.3318824426768,100.615762293171,102.416964367509,23.9060558668342,27.1230528805985,22.9264957803867,28.102612967046,supp_preterm_primary
24,125425,0.0763703351463319,0.1028035216616,0.0264331865152683,1.34611850877203,0.000603005276663078,0.000405876401431191,0.000731644068805815,0.00887786815932034,0.0751968235032292,0.0775606245409196,0.102010739296521,0.103601754363344,0.0249991904909065,0.02786718253963,1.322898246046,1.36974634676144,76.3703351463319,102.8035216616,26.4331865152683,75.1968235032292,77.5606245409196,102.010739296521,103.601754363344,24.9991904909065,27.86718253963,24.1259007342925,28.7404722962441,supp_preterm_primary
25,130505,0.0771708485097344,0.104630183068394,0.0274593345586591,1.35582522531413,0.00057155681442193,0.000372915423465513,0.000687982284542304,0.00827622202222477,0.0760580421448516,0.0782985566027172,0.103901533576306,0.105363341668839,0.0261109140589546,0.0288077550583636,1.33400966718593,1.37799754140905,77.1708485097344,104.630183068394,27.4593345586591,76.0580421448517,78.2985566027172,103.901533576306,105.363341668839,26.1109140589546,28.8077550583636,25.2897389719983,29.62893014532,supp_preterm_primary
26,131877,0.0785027332083209,0.107085334276006,0.0285826010676851,1.36409689063738,0.000606414801899744,0.00038616996635412,0.000724913409375019,0.0085850743905489,0.0773223827804058,0.0796995456509983,0.106330805705921,0.107844570896656,0.0271617968933999,0.0300034052419703,1.34133602988643,1.38724397584706,78.5027332083209,107.085334276006,28.5826010676851,77.3223827804058,79.6995456509983,106.330805705921,107.844570896656,27.1617968933999,30.0034052419703,26.2965408463269,30.8686612890433,supp_preterm_primary
27,130884,0.080499937208744,0.110317405663422,0.0298174684546778,1.37040362376132,0.00066856921177411,0.000423965587910198,0.00079770224956607,0.00921015948792894,0.0791992589770996,0.0818200782223175,0.109489185802773,0.111151108531135,0.0282540007751417,0.0313809361342139,1.34588761399196,1.3953662047962,80.499937208744,110.317405663422,29.8174684546778,79.1992589770996,81.8200782223175,109.489185802773,111.151108531135,28.2540007751418,31.3809361342139,27.3018640284979,32.3330728808577,supp_preterm_primary
28,126880,0.0831472724471187,0.114275920429014,0.0311286479818958,1.37437966472915,0.00069919184612575,0.00044443264621926,0.000835042619572508,0.00932661128695963,0.0817871104888186,0.0845279722537707,0.113407735778978,0.115149888184084,0.0294919945219777,0.0327653014418139,1.34948448178119,1.39973411204241,83.1472724471187,114.275920429014,31.1286479818958,81.7871104888186,84.5279722537707,113.407735778978,115.149888184084,29.4919945219777,32.7653014418139,28.4952883405156,33.7620076232759,supp_preterm_primary
29,120282,0.0857932535516349,0.118120279666399,0.0323270261147644,1.37680149401617,0.000688647706297644,0.00043745343309039,0.000823431664543491,0.00890915169102247,0.0844531143699586,0.0871526343087074,0.117265578020344,0.118980371228451,0.0307131297085293,0.0339409225209995,1.35296899692228,1.40105379963416,85.7932535516349,118.120279666399,32.3270261147644,84.4531143699586,87.1526343087074,117.265578020344,118.980371228451,30.7131297085293,33.9409225209995,29.730282353406,34.9237698761229,supp_preterm_primary
30,111577,0.08914932045991,0.122775302931337,0.0336259824714268,1.37718719893718,0.000671557354823381,0.000422894170685025,0.000802475707996219,0.0083607027042609,0.0878418282706147,0.0904743438404041,0.121948848923312,0.123606569400132,0.0320531589852859,0.0351988059575676,1.35480357572819,1.39994063707503,89.14932045991,122.775302931337,33.6259824714268,87.8418282706147,90.4743438404041,121.948848923312,123.606569400132,32.0531589852859,35.1988059575676,31.0953246425999,36.1566403002536,supp_preterm_primary
31,102027,0.0929953451826534,0.127924202591622,0.034928857408969,1.37559791127572,0.000686940353215989,0.000426290098161738,0.000818377364158654,0.00818692980204951,0.0916576856649954,0.0943504988473723,0.127091015024213,0.128762046668057,0.0333248672494553,0.0365328475684828,1.3537010956847,1.39784891918774,92.9953451826534,127.924202591622,34.928857408969,91.6576856649954,94.3504988473723,127.091015024213,128.762046668057,33.3248672494553,36.5328475684828,32.3480527030994,37.5096621148387,supp_preterm_primary
32,91764,0.0969842379977956,0.133138352264021,0.0361541142662254,1.37278340287674,0.000759224897119206,0.000466082924012092,0.000901418385054683,0.0086603495336463,0.0955063402836671,0.0984825151437151,0.132227496181433,0.134054513537731,0.034387366696516,0.0379208618359349,1.34967846029181,1.39628387549905,96.9842379977956,133.138352264021,36.1541142662254,95.5063402836671,98.4825151437151,132.227496181433,134.054513537731,34.387366696516,37.9208618359349,33.3114344561622,38.9967940762887,supp_preterm_primary
33,81398,0.101331717544831,0.138709258805778,0.0373775412609471,1.36886319670256,0.000879405234364074,0.000537179309642815,0.00104102753178625,0.00958469793449682,0.0996210741616362,0.103068372699781,0.137659755086469,0.139765467005321,0.0353371647917315,0.0394179177301628,1.34338822561471,1.39482125535925,101.331717544831,138.709258805778,37.3775412609471,99.6210741616362,103.068372699781,137.659755086469,139.765467005321,35.3371647917315,39.4179177301628,34.0945951890748,40.6604873328194,supp_preterm_primary
34,70747,0.106050430374182,0.144619304003637,0.0385688736294542,1.36368427259908,0.00101031566128046,0.000615352400994554,0.00119360130977447,0.0105124970730018,0.104086479821416,0.108046968599958,0.143417409323629,0.14582955626151,0.0362294580503964,0.040908289208512,1.33587424845353,1.39207324153968,106.050430374182,144.619304003637,38.5688736294542,104.086479821417,108.046968599958,143.417409323629,145.82955626151,36.2294580503964,40.908289208512,34.8047765122703,42.3329707466382,supp_preterm_primary
35,59784,0.110138793643482,0.149693777829718,0.039554984186235,1.35913761970441,0.0011096185730096,0.000673957739520204,0.00130927725146842,0.0111136500528307,0.107982721975778,0.11233249389789,0.148377641397745,0.151019518395392,0.0369888479275793,0.0421211204448907,1.32985251036322,1.38906762584614,110.138793643482,149.693777829718,39.554984186235,107.982721975778,112.33249389789,148.377641397745,151.019518395392,36.9888479275793,42.1211204448907,35.4260956809283,43.6838726915417,supp_preterm_primary
36,50300,0.115531433855953,0.156279541702861,0.0407481078469089,1.35270148120653,0.00117912593960076,0.000710049053219639,0.00138807160956748,0.0112513522658552,0.113240408381438,0.117862649574997,0.154892914384266,0.157676266320275,0.0380275374841941,0.0434686782096237,1.32319788236127,1.38286292749579,115.531433855953,156.279541702861,40.7481078469089,113.240408381438,117.862649574997,154.892914384266,157.676266320275,38.0275374841941,43.4686782096237,36.3707363567544,45.1254793370634,supp_preterm_primary
37,39582,0.120121368120104,0.161832240935521,0.0417108728154167,1.34723940850983,0.00125216888386113,0.000745915251927053,0.00146889810143038,0.0114727434130579,0.117688729564926,0.122597302755634,0.160375597183452,0.16329954177956,0.0388318854396539,0.0445898601911795,1.31728322441105,1.37787682269576,120.121368120104,161.832240935521,41.7108728154167,117.688729564926,122.597302755634,160.375597183452,163.29954177956,38.8318854396539,44.5898601911795,37.0786098782423,46.3431357525911,supp_preterm_primary
38,30385,0.125629117019869,0.168383991484976,0.0427548744651068,1.34032615590496,0.00142446142908288,0.000839876893164141,0.00166409015414792,0.0124532796598686,0.122863686231116,0.128447677365829,0.166744274020944,0.170036543062861,0.0394933176959492,0.0460164312342645,1.30800752313691,1.37344332691192,125.629117019869,168.383991484976,42.7548744651068,122.863686231116,128.447677365829,166.744274020944,170.036543062861,39.4933176959492,46.0164312342645,37.5070610615291,48.0026878686846,supp_preterm_primary
39,22837,0.129706199863425,0.173071774162642,0.0433655742992169,1.33433694260474,0.00175160362133151,0.00103087137285616,0.00204146893958206,0.0148150279335675,0.126311610326548,0.133178111883122,0.171060619120486,0.175101579611974,0.0393643687020789,0.0473667798963549,1.29614901895792,1.37364998187571,129.706199863425,173.071774162642,43.3655742992169,126.311610326548,133.178111883122,171.060619120486,175.101579611974,39.3643687020789,47.366779896355,36.9276730608601,49.8034755375738,supp_preterm_primary
40,15853,0.134879478841854,0.179132646991409,0.0442531681495552,1.32809415138267,0.00228643340681907,0.00134436276346687,0.00265951784368099,0.0185809741328607,0.130460657023559,0.139423971834383,0.176512877284341,0.18178271568119,0.0390406089596988,0.0494657273394115,1.28059767887109,1.37735223485003,134.879478841854,179.132646991409,44.2531681495552,130.460657023559,139.423971834383,176.512877284341,181.78271568119,39.0406089596988,49.4657273394116,35.8662106566965,52.6401256424138,supp_preterm_primary
41,10370,0.140244191407165,0.185335631847153,0.0450914404399884,1.32152091282751,0.00300270635288089,0.00176354183879216,0.00348767455434119,0.0234605911751667,0.134461680255962,0.146233364819053,0.181904022832704,0.18881703660693,0.0382557239236829,0.0519271569562939,1.26213075265696,1.38370570510545,140.244191407165,185.335631847153,45.0914404399884,134.461680255962,146.233364819053,181.904022832704,188.81703660693,38.2557239236829,51.9271569562939,34.0928384544125,56.0900424255643,supp_preterm_primary
42,6233,0.145340954580952,0.190953086905672,0.0456121323247204,1.31382849009235,0.00385329522369871,0.00225736605624744,0.00447010844258618,0.0290520389966675,0.13795027693102,0.153057285341449,0.186567842616059,0.195416643288748,0.036850880770263,0.0543733838791777,1.24110788502519,1.39081003529625,145.340954580952,190.953086905672,45.6121323247204,137.95027693102,153.057285341449,186.567842616059,195.416643288748,36.850880770263,54.3733838791777,31.5153630229026,59.7089016265382,supp_preterm_primary
43,3273,0.148677573028766,0.194653667543329,0.0459760945145635,1.30923355539082,0.00480824526306912,0.00281455491702187,0.00557535679372659,0.0354465928703711,0.139497944548933,0.158350104660876,0.189196442130099,0.200229429858599,0.0350485959978987,0.0569035930312283,1.22136348870213,1.40342536715482,148.677573028766,194.653667543329,45.9760945145635,139.497944548933,158.350104660876,189.196442130099,200.229429858599,35.0485959978987,56.9035930312283,28.3938547309095,63.5583342982175,supp_preterm_primary
44,1704,0.150623978762741,0.196610454459118,0.0459864756963769,1.3053064729409,0.00581263080762287,0.00340157824589291,0.00673796386454768,0.0423082278197929,0.139582250984549,0.162374332322517,0.190028742779085,0.203362891170031,0.0327803091927312,0.0591926422000227,1.20143329384776,1.41816028990229,150.623978762741,196.610454459118,45.9864756963769,139.582250984549,162.374332322517,190.028742779085,203.362891170031,32.7803091927312,59.1926422000227,24.7378810856474,67.2350703071065,supp_preterm_primary
45,701,0.153879537500318,0.200074480781382,0.0461949432810645,1.30020198937087,0.00691144869425849,0.0040356839464546,0.00800598881299769,0.0492496141455293,0.140815571472353,0.167918623562588,0.192281783217763,0.208101628898734,0.0305034935469585,0.0618863930151706,1.18056384471968,1.43196424380197,153.879537500318,200.074480781382,46.1949432810645,140.815571472353,167.918623562588,192.281783217763,208.101628898734,30.5034935469585,61.8863930151706,20.9475519080561,71.442334654073,supp_preterm_primary
15,17149,0.0661336770306088,0.0630765231410731,-0.00305715388953572,0.953773114896957,0.000733286864447164,0.00760226660430822,0.00763734045702906,0.121030293083791,0.0647108905470947,0.0675854855328962,0.0497185572884652,0.0797223100114569,-0.0180260661229834,0.0119117583439119,0.752356892626195,1.20911121253224,66.1336770306088,63.0765231410731,-3.05715388953572,64.7108905470947,67.5854855328962,49.7185572884652,79.7223100114569,-18.0260661229834,11.9117583439119,-27.1419893884908,21.0276816094194,supp_race_broad_hisp
16,42864,0.0662513862830676,0.063696753588538,-0.0025546326945296,0.961440313360167,0.000571681029879921,0.00600003211411029,0.00602706947727713,0.0945891813221005,0.0651396763121965,0.0673807018185992,0.0529006652576859,0.0765181238272542,-0.0143674718023134,0.00925820641325423,0.798744482336587,1.15727557009223,66.2513862830676,63.696753588538,-2.5546326945296,65.1396763121965,67.3807018185992,52.9006652576859,76.5181238272542,-14.3674718023134,9.25820641325423,-21.5613769555365,16.4521115664773,supp_race_broad_hisp
17,81709,0.0665557640207177,0.0645341895954267,-0.00202157442529094,0.969625855024944,0.000424987727362695,0.00450384829982387,0.00452381916495441,0.0700810817748956,0.0657276284459905,0.0673935810317256,0.0562491168168302,0.0739439772207753,-0.0108880970611736,0.00684494821059175,0.845183602097705,1.11239060530681,66.5557640207177,64.5341895954267,-2.02157442529094,65.7276284459905,67.3935810317256,56.2491168168302,73.9439772207753,-10.8880970611736,6.84494821059175,-16.287723882419,12.2445750318371,supp_race_broad_hisp
18,143589,0.0670455520758356,0.0656274218536907,-0.00141813022214489,0.978848257964364,0.000304093220822432,0.00321072577499486,0.00322495231477521,0.0491312179656339,0.0664519934757583,0.0676440282653699,0.0596081176941206,0.0722078903625461,-0.00773892061096337,0.0049026601666736,0.888985758602599,1.07779444479064,67.0455520758356,65.6274218536907,-1.41813022214489,66.4519934757583,67.6440282653699,59.6081176941206,72.2078903625461,-7.73892061096337,4.9026601666736,-11.5882210319436,8.75196058765384,supp_race_broad_hisp
19,228234,0.0679215522604565,0.0672135253470383,-0.00070802691341823,0.989575813716636,0.0002294873794309,0.00227996889468722,0.00229089947909991,0.0340804505555224,0.0674731436706909,0.0683727223611459,0.0628803672669169,0.0718224008905637,-0.00519810738465562,0.00378205355781916,0.925634940921204,1.05793358461422,67.9215522604565,67.2135253470383,-0.70802691341823,67.4731436706909,68.3727223611459,62.8803672669169,71.8224008905637,-5.19810738465562,3.78205355781916,-7.93252311195836,6.5164692851219,supp_race_broad_hisp
20,283246,0.0671502707496137,0.0673065899993316,0.000156319249717943,1.00232790200208,0.000199796385453237,0.00181327050794193,0.00182377195694451,0.027097225814414,0.0667597350563124,0.0675429256796592,0.0638385249087532,0.0709487811422063,-0.00341820810190742,0.00373084660134331,0.95048358216708,1.05700008078128,67.1502707496137,67.3065899993316,0.156319249717943,66.7597350563124,67.5429256796592,63.8385249087532,70.9487811422063,-3.41820810190742,3.73084660134331,-5.59506080434119,5.90769930377708,supp_race_broad_hisp
21,319041,0.0659032775348001,0.0670717612493378,0.00116848371453768,1.01773028229014,0.000196292610793161,0.00174000109449479,0.00175086376733152,0.0261101578934688,0.0655195932472801,0.0662890493012218,0.0637408403439631,0.0705636280673918,-0.00226314621126822,0.00460011364034357,0.966958177009326,1.0711682801979,65.9032775348001,67.0717612493378,1.16848371453768,65.5195932472801,66.2890493012218,63.7408403439631,70.5636280673918,-2.26314621126822,4.60011364034357,-4.35297575875969,6.68994318783505,supp_race_broad_hisp
22,355090,0.0646966588495323,0.0670396714347951,0.00234301258526282,1.03621535681946,0.000187978339507639,0.0017065876945529,0.00171688165162841,0.0256212375131027,0.0643292031188741,0.0650660675693159,0.0637712769957565,0.0704629697387911,-0.00102201361764651,0.00570803878817214,0.985464961403773,1.0895793435202,64.6966588495323,67.0396714347951,2.34301258526282,64.3292031188741,65.0660675693159,63.7712769957565,70.4629697387911,-1.02201361764651,5.70803878817214,-3.07128213988422,7.75730731040986,supp_race_broad_hisp
23,380533,0.0637180020736289,0.0673700743327014,0.00365207225907244,1.05731617659405,0.000168674295518035,0.00157465632990778,0.00158366964870404,0.0235227407414868,0.0633882047115894,0.0640493979729658,0.0643486202535774,0.0705227059273103,0.000548136784203318,0.00675600773394156,1.00967658214744,1.10720355117063,63.7180020736289,67.3700743327014,3.65207225907244,63.3882047115894,64.0493979729658,64.3486202535774,70.5227059273103,0.548136784203318,6.75600773394156,-1.34213000129953,8.6462745194444,supp_race_broad_hisp
24,401174,0.0630002253473389,0.0680630861907746,0.00506286084343573,1.08036258307844,0.00014740105461717,0.00139817947464894,0.00140596531207607,0.0206758111387124,0.0627119417143954,0.0632897447206554,0.0653733167206545,0.0708551355665823,0.00230721946825401,0.00781850221861745,1.03745735087008,1.12504221010823,63.0002253473389,68.0630861907746,5.06286084343573,62.7119417143954,63.2897447206554,65.3733167206546,70.8551355665823,2.30721946825401,7.81850221861745,0.629060432269844,9.49666125460161,supp_race_broad_hisp
25,419684,0.0625806992421667,0.0691230734246838,0.00654237418251709,1.10454300226337,0.000136719068250064,0.00129696387549905,0.00130416833282714,0.0188901609407888,0.0623132695883904,0.0628491996955933,0.0666239365979934,0.071708753408836,0.00398625122039826,0.00909849714463592,1.06439614856618,1.14620411347075,62.5806992421667,69.1230734246838,6.54237418251709,62.3132695883904,62.8491996955933,66.6239365979934,71.708753408836,3.98625122039826,9.09849714463592,2.42959697482051,10.6551513902137,supp_race_broad_hisp
26,431440,0.0626152652435639,0.0706925471633191,0.00807728191975511,1.12899860582457,0.000141868285563463,0.00134901926205649,0.00135648523612752,0.0192173666925673,0.0623377839855783,0.0628938987936349,0.0680937712736612,0.0733826944490239,0.00541861971138485,0.0107359441281254,1.08726536425536,1.17233372262049,62.615265243564,70.6925471633191,8.07728191975511,62.3377839855783,62.8938987936349,68.0937712736613,73.3826944490239,5.41861971138485,10.7359441281254,3.79952005321111,12.3550437862991,supp_race_broad_hisp
27,433522,0.0629376726408797,0.072552537415642,0.0096148647747623,1.15276803814505,0.000152879765967306,0.00147633319794673,0.00148422679340888,0.0204929262552015,0.0626386983388135,0.0632379776752072,0.0697116344236576,0.0754998176306053,0.00670583371479151,0.0125238958347331,1.10738418323177,1.20001185667165,62.9376726408797,72.552537415642,9.6148647747623,62.6386983388135,63.2379776752072,69.7116344236576,75.4998176306053,6.70583371479151,12.5238958347331,4.93426183928699,14.2954677102376,supp_race_broad_hisp
28,435290,0.0634226517926991,0.0745295067694392,0.0111068549767401,1.17512441789794,0.000156470159492848,0.00153884924472473,0.00154678098879728,0.0207943441711807,0.0631166662846345,0.0637300197928611,0.0715689693159838,0.077602274198623,0.00807521994672614,0.014138490006754,1.12819370644609,1.22400735764603,63.4226517926991,74.5295067694392,11.1068549767401,63.1166662846345,63.7300197928611,71.5689693159838,77.602274198623,8.07521994672614,14.138490006754,6.22898343523942,15.9847265182407,supp_race_broad_hisp
29,427029,0.064205324929083,0.0767735883132695,0.0125682633841864,1.19575110628392,0.000151302162288453,0.00151061338673619,0.00151817828168148,0.0198169286538911,0.0639094152179645,0.0645025103356164,0.073864689438988,0.0797871747216487,0.00959268862997982,0.015543838138393,1.15019795496283,1.24310837278912,64.2053249290831,76.7735883132695,12.5682633841864,63.9094152179645,64.5025103356164,73.864689438988,79.7871747216486,9.59268862997982,15.543838138393,7.78059228609731,17.3559344822755,supp_race_broad_hisp
30,410499,0.0653488446756467,0.0793751280896827,0.014026283414036,1.21463705263122,0.000143033154831642,0.00144441510136692,0.00145149189148678,0.0183286704808005,0.0650690634921542,0.0656297444034526,0.0765898621902329,0.0822526606295626,0.01118141158287,0.016871155245202,1.17177744060231,1.25906432271499,65.3488446756467,79.3751280896827,14.026283414036,65.0690634921542,65.6297444034526,76.5898621902329,82.2526606295626,11.18141158287,16.871155245202,9.44891205927969,18.6036547687923,supp_race_broad_hisp
31,392322,0.0665958751035152,0.0820275285673917,0.0154316534638765,1.23172086018676,0.000139090059667549,0.00141884337199417,0.00142570101057062,0.0174236430696531,0.066323781208795,0.066869005319801,0.079289226910225,0.0848516837710034,0.0126373308304357,0.0182259760973173,1.19036805833371,1.27451023807117,66.5958751035152,82.0275285673917,15.4316534638765,66.3237812087951,66.869005319801,79.289226910225,84.8516837710034,12.6373308304357,18.2259760973173,10.9356152810187,19.9276916467343,supp_race_broad_hisp
32,362938,0.0678378337246031,0.0846193061436853,0.0167814724190821,1.24737630165504,0.000145819208414524,0.00150574955480423,0.0015129117835144,0.0179254915701846,0.06755259094884,0.0681241929499835,0.081714415940373,0.0876176100231162,0.0138162198116076,0.0197467250265566,1.20431274586101,1.29197971480257,67.8378337246032,84.6193061436853,16.7814724190821,67.55259094884,68.1241929499835,81.714415940373,87.6176100231162,13.8162198116076,19.7467250265566,12.0104095555903,21.5525352825739,supp_race_broad_hisp
33,332124,0.069666348364461,0.0878444981404955,0.0181781497760345,1.2609315717387,0.000163672450560917,0.00171114064622819,0.00171911178342179,0.0196226763094458,0.0693462387236668,0.0699878245412507,0.0845480716129984,0.0912566364760526,0.0148087525951293,0.0215475469569396,1.21335718601055,1.31037129621747,69.666348364461,87.8444981404955,18.1781497760345,69.3462387236668,69.9878245412507,84.5480716129984,91.2566364760526,14.8087525951293,21.5475469569396,12.7568221894238,23.5994773626451,supp_race_broad_hisp
34,301155,0.0715569947427546,0.0910870284636974,0.0195300337209428,1.27292976446471,0.000185151282475851,0.00195620158214142,0.00196517244903744,0.0216346713459406,0.0711949530622366,0.0719207349233124,0.0873248607753072,0.0949944092994965,0.015678366497419,0.0233817009444666,1.22008187622994,1.32806676078747,71.5569947427546,91.0870284636974,19.5300337209428,71.1949530622366,71.9207349233124,87.3248607753072,94.9944092994965,15.678366497419,23.3817009444666,13.3327382843377,25.7273291575479,supp_race_broad_hisp
35,268401,0.0742501800241936,0.0952523457061613,0.0210021656819677,1.28285676445666,0.000204089264712324,0.00217322420160283,0.00218300822664616,0.0229833966117977,0.0738511621493595,0.0746511800194682,0.0910772757953863,0.0995978328102116,0.0167235481797866,0.0252807831841488,1.22635065079769,1.34196648979779,74.2501800241936,95.2523457061613,21.0021656819677,73.8511621493595,74.6511800194682,91.0772757953863,99.5978328102116,16.7235481797866,25.2807831841488,14.1179113623572,27.8864200015782,supp_race_broad_hisp
36,232224,0.0770981068703861,0.0995594970179725,0.0224613901475864,1.29133517098348,0.000214765547967259,0.00230498577728823,0.00231527344499712,0.0233227530158944,0.0766782258154086,0.0775200941077181,0.0951320889998025,0.104169234134609,0.0179235375810301,0.0269992427141427,1.23363481221616,1.35173432794367,77.0981068703861,99.5594970179725,22.4613901475864,76.6782258154086,77.5200941077181,95.1320889998025,104.169234134609,17.9235375810301,26.9992427141427,15.1600291081512,29.7627511870217,supp_race_broad_hisp
37,193758,0.0801998010792713,0.104113728011141,0.0239139269318698,1.29817937962505,0.000221750287496534,0.00241310716008843,0.00242361336565837,0.0233461619439807,0.0797662520810855,0.0806355000383229,0.099478172289143,0.108939163130649,0.0191637320227295,0.0286641218410101,1.24011630439285,1.35896100689425,80.1998010792713,104.113728011141,23.9139269318698,79.7662520810855,80.6355000383229,99.478172289143,108.939163130649,19.1637320227295,28.6641218410101,16.2709091099751,31.5569447537645,supp_race_broad_hisp
38,157234,0.0841244216049163,0.109636511892864,0.0255120902879476,1.30326615982887,0.000238155626639024,0.00265721680830549,0.00266820533780325,0.0244053834755074,0.0836588196606063,0.0845923756331785,0.104535901669049,0.114954046877077,0.0202825039224957,0.0307416766533995,1.242393637356,1.36712120239906,84.1244216049163,109.636511892864,25.5120902879476,83.6588196606063,84.5923756331785,104.535901669049,114.954046877077,20.2825039224957,30.7416766533995,17.0977362336799,33.9264443422153,supp_race_broad_hisp
39,124512,0.0880535411562169,0.115114272592863,0.0270607314366464,1.30732133065083,0.000277374855254835,0.00318747184698908,0.00319979191095158,0.0278713432590187,0.0875114104725058,0.0885987042296903,0.10901288027957,0.121510584781366,0.0207892545331587,0.0333322083401341,1.23782205619592,1.38072274041314,88.0535411562169,115.114272592863,27.0607314366464,87.5114104725058,88.5987042296903,109.01288027957,121.510584781366,20.7892545331587,33.3322083401341,16.9699855494145,37.1514773238783,supp_race_broad_hisp
40,93469,0.0925089824033105,0.121205111807109,0.0286961294037988,1.31019830354087,0.000351435484992375,0.00411517856164808,0.00413032336684833,0.0341658457513196,0.0918224805961835,0.0932000900539921,0.11336804901631,0.129504812718987,0.0206008443602719,0.0367914144473258,1.22533548931688,1.40093844466904,92.5089824033105,121.205111807109,28.6961294037988,91.8224805961835,93.2000900539921,113.36804901631,129.504812718987,20.6008443602719,36.7914144473258,15.6708937988472,41.7213650087504,supp_race_broad_hisp
41,65374,0.0975662054970392,0.127988777109,0.0304225716119603,1.31181464377933,0.000462534724403653,0.00544791417841449,0.00546767236770528,0.0428303674377755,0.0966634028749986,0.0984765207892789,0.11768561905711,0.139051799807691,0.0197061306919931,0.0411390125319275,1.20618854510669,1.42669043460505,97.5662054970392,127.988777109,30.4225716119603,96.6634028749986,98.4765207892789,117.68561905711,139.051799807691,19.7061306919931,41.1390125319275,13.1799214670183,47.6652217569023,supp_race_broad_hisp
42,42633,0.102497298270504,0.134618352193695,0.0321210539231915,1.3133843961274,0.000605934528529038,0.00713246075234944,0.0071582121680011,0.0533121908817322,0.101315768147831,0.103691017415016,0.121241543044869,0.149220431969155,0.018091215880213,0.0461508919661701,1.18307542471672,1.45804615323149,102.497298270504,134.618352193695,32.1210539231915,101.315768147831,103.691017415016,121.241543044869,149.220431969155,18.091215880213,46.1508919661701,9.54717974500795,54.6949281013751,supp_race_broad_hisp
43,25492,0.107674005394512,0.14148265861038,0.0338086532158682,1.31399085686462,0.000777897557437764,0.00912270780662755,0.00915579238929544,0.0648826134531396,0.106158818980038,0.109208175570535,0.124527876636758,0.160323138151344,0.0158636298829232,0.0517536765488132,1.15708206659432,1.49217762661009,107.674005394512,141.48265861038,33.8086532158682,106.158818980038,109.208175570535,124.527876636758,160.323138151344,15.8636298829232,51.7536765488132,4.93528364442102,62.6820227873154,supp_race_broad_hisp
44,13859,0.112946375270512,0.148456787512587,0.0355104122420757,1.31440063620481,0.000974924155510156,0.0113820529559274,0.0114236546348193,0.0771528356825387,0.111049618194268,0.114871343064958,0.127502625211399,0.172175059775234,0.0131204605860058,0.0579003638981456,1.12993938820011,1.52897496139822,112.946375270512,148.456787512587,35.5104122420757,111.049618194268,114.871343064958,127.502625211399,172.175059775234,13.1204605860058,57.9003638981456,-0.514804156818108,71.5356286409696,supp_race_broad_hisp
45,7090,0.118253131005257,0.155532396750236,0.0372792657449789,1.31524971413502,0.0011946012487773,0.0138906318013787,0.0139416833476341,0.0898778603420265,0.115931752338825,0.120614650509295,0.130206232187068,0.184738424785449,0.00995406849975427,0.0646044629902035,1.10281849944526,1.56860064589271,118.253131005257,155.532396750236,37.2792657449789,115.931752338825,120.614650509295,130.206232187068,184.738424785449,9.95406849975427,64.6044629902035,-6.6867132362578,81.2452447262156,supp_race_broad_hisp
15,10066,0.104445708793186,0.0783753018074522,-0.0260704069857337,0.750392741961702,0.00124652472244035,0.0084886233392849,0.00857901820466821,0.108956783911081,0.102027685042019,0.106914215936163,0.0632714082478126,0.0967124817317859,-0.0428849736895968,-0.0092558402818705,0.606100220696257,0.929036565177212,104.445708793186,78.3753018074522,-26.0704069857337,102.027685042019,106.914215936163,63.2714082478126,96.7124817317859,-42.8849736895968,-9.2558402818705,-53.1248827374081,0.984068765940756,supp_race_broad_nhb
16,22455,0.103124995523765,0.0807674285847851,-0.0223575669389797,0.783199341484311,0.00096319418650866,0.0069000044696969,0.00696562409635327,0.0859270936286571,0.10125240382822,0.105028172333777,0.068235307732425,0.0953656301415416,-0.0360099392976765,-0.00870519458028293,0.661806516193385,0.926858822771424,103.124995523765,80.7674285847851,-22.3575669389797,101.25240382822,105.028172333777,68.235307732425,95.3656301415416,-36.0099392976765,-8.70519458028293,-44.3241024695284,-0.391031408430966,supp_race_broad_nhb
17,42572,0.102749358364011,0.0839368233458431,-0.0188125350181675,0.816908491520499,0.000712450981961211,0.00536281854582164,0.00540877541812729,0.0642549540262532,0.101361358131123,0.104154162376822,0.0740061593443003,0.0950632510296969,-0.0294135400381626,-0.00821152999817248,0.720243743517702,0.926546727443939,102.749358364011,83.9368233458431,-18.8125350181675,101.361358131123,104.154162376822,74.0061593443003,95.0632510296969,-29.4135400381626,-8.21152999817248,-35.8694499127358,-1.75562012359928,supp_race_broad_nhb
18,76486,0.10228099766869,0.0869519361724299,-0.0153290614962599,0.850127962713915,0.000500868257268115,0.00392165883653394,0.00395267266837691,0.0453582769984259,0.101303479825543,0.103266864113536,0.0795667244744231,0.0949519132175677,-0.0230761575689544,-0.0075819654235653,0.777813122750686,0.929166057821533,102.28099766869,86.9519361724299,-15.3290614962599,101.303479825543,103.266864113537,79.5667244744231,94.9519132175677,-23.0761575689544,-7.5819654235653,-27.7940644033198,-2.86405858919994,supp_race_broad_nhb
19,127218,0.101721935922918,0.0897164064368158,-0.012005529486102,0.881976985817499,0.000373168508319611,0.00273796180950098,0.00276031679904572,0.0307085234571314,0.100992867227276,0.102455667956655,0.0844928046997309,0.0952293555882249,-0.0174156509981525,-0.00659540797405149,0.830458835993095,0.936691103516886,101.721935922918,89.7164064368158,-12.005529486102,100.992867227276,102.455667956655,84.4928046997309,95.2293555882249,-17.4156509981525,-6.59540797405149,-20.7103628510768,-3.3006961211272,supp_race_broad_nhb
20,164188,0.0994506722692552,0.0906105294441565,-0.00884014282509872,0.911110275844444,0.000319831641662459,0.00198747416050807,0.00201072108486886,0.0221453547847292,0.0988255688392211,0.100079290572611,0.0867898072256331,0.0945820297172209,-0.012781083734397,-0.00489920191580046,0.872410300513085,0.951526975622737,99.4506722692552,90.6105294441565,-8.84014282509872,98.8255688392211,100.079290572611,86.7898072256331,94.5820297172209,-12.781083734397,-4.89920191580046,-15.18107876161,-2.49920688858746,supp_race_broad_nhb
21,187382,0.0973275734819103,0.091169012099026,-0.0061585613828843,0.936723364586615,0.000312730604481257,0.00174906562277869,0.00177618959099296,0.0194457674802011,0.0967163523674144,0.0979422385133579,0.0877984005890324,0.0946555953468958,-0.00963982901094543,-0.00267729375482318,0.90169380443703,0.973113774814393,97.3275734819104,91.1690120990261,-6.1585613828843,96.7163523674144,97.9422385133579,87.7984005890324,94.6555953468958,-9.63982901094543,-2.67729375482318,-11.7598874406548,-0.557235325113809,supp_race_broad_nhb
22,204978,0.09509417108983,0.0910949577340506,-0.00399921335577945,0.957944705653918,0.000298647045688548,0.00167717103931419,0.00170402622190452,0.0186821538140587,0.0945104436172253,0.0956811228911785,0.0878606939136699,0.0944359526246623,-0.00733904337942417,-0.000659383332134729,0.923502686938704,0.993671238935204,95.0941710898301,91.0949577340506,-3.99921335577945,94.5104436172253,95.6811228911785,87.8606939136699,94.4359526246623,-7.33904337942417,-0.659383332134729,-9.37296767135456,1.37454095979566,supp_race_broad_nhb
23,215824,0.0934973269020122,0.0912074000927339,-0.00228992680927828,0.975508103973088,0.00026845491350462,0.00154072933713316,0.00156478553562163,0.0171438971081823,0.0929724910831624,0.0940248183289979,0.0882322638885168,0.0942724834252368,-0.00535685010262589,0.000776996484069324,0.943274230332853,1.008843484022,93.4973269020122,91.2074000927339,-2.28992680927828,92.9724910831624,94.0248183289979,88.2322638885168,94.2724834252368,-5.35685010262589,0.776996484069325,-7.22457682634086,2.6447232077843,supp_race_broad_nhb
24,225916,0.0924985272145418,0.0916216982204843,-0.000876828994057513,0.990520616701023,0.000236132077233341,0.00133506765227232,0.00135682576119614,0.0148046609012399,0.092036755491826,0.0929623785533583,0.08903839488519,0.0942721955314989,-0.0035361586192981,0.00178250063118307,0.962192060848448,1.01968321297998,92.4985272145418,91.6216982204843,-0.876828994057513,92.036755491826,92.9623785533583,89.03839488519,94.2721955314989,-3.5361586192981,1.78250063118307,-5.15566472791267,3.40200673979764,supp_race_broad_nhb
25,233159,0.0921445478777254,0.0925311567784714,0.000386608900746016,1.00419567852521,0.000221527536418709,0.00116358308714698,0.00118548843757524,0.0128137022230418,0.091711280032368,0.0925796539602052,0.0902756753337345,0.094837115447463,-0.00193690574099012,0.00271012354248215,0.979289966729521,1.02973480279435,92.1445478777254,92.5311567784714,0.386608900746016,91.711280032368,92.5796539602052,90.2756753337345,94.837115447463,-1.93690574099012,2.71012354248215,-3.35190376155579,4.12512156304782,supp_race_broad_nhb
26,237909,0.0926223166278428,0.0942713978310772,0.0016490812032344,1.01780436144629,0.000232227309535902,0.00113408770630144,0.00115834814734459,0.0122963817414912,0.0921681625527596,0.0930784790846065,0.0920719815455036,0.0965177685337921,-0.000621239447119689,0.00391940185358849,0.993568029231669,1.04263189605665,92.6223166278428,94.2713978310772,1.6490812032344,92.1681625527596,93.0784790846065,92.0719815455036,96.5177685337921,-0.621239447119689,3.91940185358849,-2.00384283966815,5.30200524613694,supp_race_broad_nhb
27,239932,0.0935135231389405,0.0965710843293524,0.00305756119041191,1.03269646023142,0.000251542322334768,0.00121586793661318,0.00124203310336149,0.0128789948409075,0.0930216734247338,0.0940077039410029,0.0942141456987117,0.0989805428308428,0.00062322104021688,0.00549190134060694,1.00695501249883,1.05909595338127,93.5135231389405,96.5710843293524,3.05756119041191,93.0216734247338,94.0077039410029,94.2141456987117,98.9805428308428,0.62322104021688,5.49190134060694,-0.859268646758235,6.97439102758205,supp_race_broad_nhb
28,237922,0.0947191797541301,0.0994507863883249,0.00473160663419482,1.04995404992397,0.000258215779489828,0.00127411506129553,0.00130026965383359,0.0131010037501642,0.0942142952878888,0.0952264853971587,0.0969813072600618,0.101976045911375,0.00218312494249063,0.00728008832589901,1.02333705089726,1.07726335715603,94.7191797541301,99.450786388325,4.73160663419482,94.2142952878888,95.2264853971587,96.9813072600618,101.976045911375,2.18312494249063,7.28008832589901,0.631124156941547,8.8320891114481,supp_race_broad_nhb
29,231507,0.0966075823394652,0.103297100871827,0.00668951853236163,1.06924423912044,0.000250906042916313,0.00126424367685735,0.00128915312714159,0.0125140424852855,0.0961169320776879,0.09710046817211,0.100845393143898,0.105801399854976,0.00416282483260694,0.00921621223211632,1.04333781120251,1.09579393233582,96.6075823394652,103.297100871827,6.68951853236163,96.1169320776879,97.10046817211,100.845393143898,105.801399854976,4.16282483260694,9.21621223211632,2.62409272414164,10.7549443405816,supp_race_broad_nhb
30,222263,0.0985904252173847,0.107467045442419,0.0088766202250344,1.09003531737957,0.000238059730582656,0.00121395080045301,0.00123755410475336,0.0115560866562241,0.0981248190476261,0.0990579980449837,0.105110809115458,0.109869615955565,0.00645105875079809,0.0113021816992707,1.06562404290256,1.11500580439084,98.5904252173847,107.467045442419,8.8766202250344,98.1248190476261,99.0579980449837,105.110809115458,109.869615955565,6.45105875079809,11.3021816992707,4.97391519286459,12.7793252572042,supp_race_broad_nhb
31,210458,0.100287072303422,0.111497052067793,0.0112099797643702,1.11177891134815,0.000232773293895498,0.00119030417546143,0.00121363108467442,0.0109328078907543,0.099831766204593,0.100744222532903,0.109185355518093,0.113851437065193,0.00883130654789006,0.0135886529808504,1.08820923945072,1.13585908197434,100.287072303422,111.497052067793,11.2099797643702,99.831766204593,100.744222532903,109.185355518093,113.851437065193,8.83130654789006,13.5886529808504,7.38271748697627,15.0372420417642,supp_race_broad_nhb
32,193792,0.10260364392768,0.116306090268303,0.0137024463406225,1.13354736553295,0.000246996434895195,0.00126629989956178,0.00129139348487534,0.0111625242862623,0.10212055028568,0.103088760515431,0.113847091228319,0.118811080534043,0.0111713616203972,0.0162335310608478,1.10901677166546,1.15862055717792,102.60364392768,116.306090268303,13.7024463406225,102.12055028568,103.088760515431,113.847091228319,118.811080534043,11.1713616203972,16.2335310608478,9.62995542279008,17.7749372584549,supp_race_broad_nhb
33,176455,0.104791001759183,0.121029046092491,0.0162380443333082,1.15495647584918,0.00027745404406465,0.00143887543826109,0.00146690979040907,0.0121944356034948,0.104248446317673,0.10533604884782,0.118237114590449,0.123877641607953,0.0133629539755373,0.0191131346910792,1.12767952697899,1.18289321495397,104.791001759183,121.029046092491,16.2380443333082,104.248446317673,105.33604884782,118.237114590449,123.877641607953,13.3629539755373,19.1131346910792,11.6120516605195,20.8640370060969,supp_race_broad_nhb
34,158556,0.107192632522245,0.125966285891657,0.0187736533694117,1.17513940023365,0.000312966991333458,0.00164871573511733,0.0016797931787363,0.0134254001882853,0.106580771067624,0.107807582706888,0.122770178639017,0.129233340460084,0.0154813192376125,0.0220659875012109,1.14462088595389,1.20647161599769,107.192632522245,125.966285891657,18.7736533694117,106.580771067624,107.807582706888,122.770178639017,129.233340460084,15.4813192376125,22.0659875012109,13.4763194860053,24.0709872528181,supp_race_broad_nhb
35,140543,0.10968959452854,0.130895440791077,0.021205846262538,1.19332596089614,0.000340416607737046,0.00181805341567531,0.00185131746256553,0.0142469540273276,0.10902416727149,0.110358580151588,0.127373132103583,0.134500140398194,0.0175773307119594,0.0248343618131165,1.16046503488237,1.22711741081716,109.68959452854,130.895440791077,21.205846262538,109.02416727149,110.358580151588,127.373132103583,134.500140398194,17.5773307119594,24.8343618131165,15.367599716753,27.0440928083229,supp_race_broad_nhb
36,120920,0.112956172313091,0.136533902643241,0.0235777303301503,1.2087334392387,0.000355368931527138,0.00191805076758582,0.00195260801710713,0.0144129542172944,0.112261533726882,0.1136545588152,0.132817974968571,0.140336968646265,0.0197506889406961,0.0274047717196044,1.17506585846348,1.24336565189994,112.956172313091,136.533902643241,23.5777303301503,112.261533726882,113.6545588152,132.817974968571,140.336968646265,19.7506889406961,27.4047717196044,17.4200576231959,29.7354030371046,supp_race_broad_nhb
37,100755,0.116676281440929,0.142510629838885,0.0258343483979558,1.22141902432017,0.000365646421687459,0.00200635147184502,0.00204145940330497,0.0144407147396812,0.115961535631716,0.117394847674803,0.138623307727664,0.146488423046685,0.0218331614915774,0.0298355353043342,1.18733350017338,1.25648306289124,116.676281440929,142.510629838885,25.8343483979558,115.961535631716,117.394847674803,138.623307727664,146.488423046685,21.8331614915774,29.8355353043342,19.3964772328511,32.2722195630606,supp_race_broad_nhb
38,81530,0.120732614384839,0.148702755625777,0.0279701412409379,1.23167013638736,0.000391590282229933,0.00221811162384032,0.0022546069288566,0.0152830043025518,0.119967213658131,0.121502224213056,0.144407577643047,0.153102826320357,0.0235511928610845,0.0323890896207913,1.1953236013259,1.26912187058444,120.732614384839,148.702755625777,27.9701412409379,119.967213658131,121.502224213056,144.407577643047,153.102826320357,23.5511928610845,32.3890896207913,20.8600958917957,35.0801865900802,supp_race_broad_nhb
39,64645,0.125070854642093,0.155076230601354,0.030005375959262,1.2399070194661,0.000456949521624264,0.00269893356981947,0.00273909011422857,0.0177971315722557,0.12417799482683,0.125969210904716,0.149859766675523,0.160440006200883,0.0246368579849643,0.0353738939335597,1.19740253380297,1.2839202970772,125.070854642093,155.076230601354,30.005375959262,124.17799482683,125.969210904716,149.859766675523,160.440006200883,24.6368579849643,35.3738939335597,21.3674822855168,38.6432696330071,supp_race_broad_nhb
40,47553,0.129692058691414,0.161617199922504,0.0319251412310906,1.2461611108129,0.000575346930824533,0.00350732803004291,0.00355564518848841,0.0221612698132935,0.128568565247802,0.130823895883311,0.154860408589739,0.168609984175089,0.0249562047198502,0.038894077742331,1.19319242329987,1.30148120603023,129.692058691414,161.617199922504,31.9251412310906,128.568565247802,130.823895883311,154.860408589739,168.609984175089,24.9562047198502,38.894077742331,20.7121895577659,43.1380929044153,supp_race_broad_nhb
41,33550,0.133654551919901,0.167243924003994,0.0335893720840936,1.25131483815249,0.000742688751438533,0.00460364386271651,0.0046642374584967,0.0280897511729765,0.132205600851156,0.135116910667221,0.158414382813251,0.176462407749259,0.0244476346500975,0.0427311095180898,1.18428588989448,1.32213753245013,133.654551919901,167.243924003995,33.5893720840936,132.205600851156,135.116910667221,158.414382813251,176.462407749259,24.4476346500975,42.7311095180898,18.8804046695839,48.2983394986034,supp_race_broad_nhb
42,22210,0.139144283704552,0.174564437223622,0.0354201535190696,1.2545570150354,0.000960883824056099,0.00599222590660164,0.00606934944930531,0.0350185366010939,0.137271649125364,0.141038288153798,0.163129535778463,0.18662214533012,0.0235244471888431,0.047315859849296,1.1713389119146,1.34368737174615,139.144283704552,174.564437223622,35.4201535190695,137.271649125364,141.038288153798,163.129535778463,186.62214533012,23.5244471888431,47.315859849296,16.2800766959059,54.5602303422332,supp_race_broad_nhb
43,13342,0.143820466806313,0.180793842141073,0.0369733753347604,1.25708006764123,0.0012109393889026,0.00756217169025663,0.00765876325789997,0.0426683539136082,0.141463324471882,0.146210196411718,0.166442666498322,0.196091324343056,0.0219624751831578,0.0519842754863629,1.15622823748958,1.36672868316375,143.820466806313,180.793842141073,36.9733753347604,141.463324471882,146.210196411718,166.442666498322,196.091324343056,21.9624751831578,51.9842754863629,12.8209816802136,61.1257689893071,supp_race_broad_nhb
44,7401,0.147693347910134,0.186136688732874,0.0384433408227403,1.26029162021658,0.00148798897883519,0.0092968888675201,0.00941497802682194,0.0509509645924412,0.144800683248282,0.150633620547985,0.168598372344573,0.205049458895846,0.0199903229749333,0.0568963586705473,1.1405163326238,1.39264552602603,147.693347910134,186.136688732874,38.4433408227403,144.800683248282,150.633620547985,168.598372344573,205.049458895846,19.9903229749333,56.8963586705473,8.75261297341613,68.1340686720645,supp_race_broad_nhb
45,4027,0.150789168401431,0.19040591911567,0.0396167507142392,1.26272941972046,0.00177470056230989,0.011084072141487,0.0112244970568909,0.0593857525968566,0.147343714053966,0.154300610610621,0.169622709596407,0.213082163533537,0.0176171407381571,0.0616163606903212,1.12398639574032,1.41859865339149,150.789168401431,190.40591911567,39.6167507142392,147.343714053966,154.300610610621,169.622709596407,213.082163533537,17.6171407381571,61.6163606903212,4.21959031596016,75.0139111125182,supp_race_broad_nhb
15,10223,0.0803412505822135,0.0714965553208503,-0.00884469526136317,0.889910908813744,0.000890358651523795,0.00261259393540566,0.00275858646620252,0.0381654874077663,0.078613385926159,0.0821037083332517,0.0665421766417387,0.0767894657600331,-0.0142514253833597,-0.00343796513936662,0.825771725947159,0.959031897970771,80.3412505822135,71.4965553208503,-8.84469526136317,78.613385926159,82.1037083332517,66.5421766417387,76.7894657600331,-14.2514253833597,-3.43796513936662,-17.5440719124306,-0.145318610295722,supp_race_broad_nhw
16,26785,0.0801492809842923,0.0699316320664294,-0.0102176489178629,0.872517272864053,0.000703724413447909,0.00200348069458265,0.0021208241825663,0.0299308197858596,0.0787807954122543,0.0815394341554443,0.0661053911374881,0.0739617998390176,-0.0143743879332345,-0.00606090990249136,0.82280490741816,0.925233168376363,80.1492809842923,69.9316320664294,-10.2176489178629,78.7807954122543,81.5394341554443,66.1053911374881,73.9617998390176,-14.3743879332345,-6.06090990249136,-16.905801926978,-3.52949590874784,supp_race_broad_nhw
17,59490,0.0837499982052318,0.0717854941245902,-0.0119645040806416,0.85714024672189,0.00054712022446013,0.00151778136143281,0.00161198544847811,0.0221125914962992,0.082683881041029,0.0848285905755119,0.0688669771367296,0.0748177569172642,-0.0151239375032614,-0.00880507065802186,0.82078538685724,0.895105364099577,83.7499982052318,71.7854941245902,-11.9645040806416,82.683881041029,84.8285905755119,68.8669771367296,74.8177569172642,-15.1239375032614,-8.80507065802186,-17.0480020040021,-6.88100615728107,supp_race_broad_nhw
18,127290,0.0900382234865347,0.0760317959809201,-0.0140064275056147,0.844439095272583,0.00040882645110655,0.00111443993309151,0.00118704136886282,0.0153445005311609,0.0892401445526009,0.0908427277811117,0.0738761238706229,0.0782450552976651,-0.0163329858367449,-0.0116798691744844,0.819420961223076,0.870221069961931,90.0382234865348,76.0317959809201,-14.0064275056147,89.2401445526009,90.8427277811117,73.8761238706229,78.2450552976651,-16.332985836745,-11.6798691744844,-17.7498374348137,-10.2630175764157,supp_race_broad_nhw
19,241010,0.0949019305179607,0.0791841153142014,-0.0157178152037593,0.834378340693663,0.000297615595834625,0.000784121873160288,0.000836907390312941,0.010367940914211,0.0943202172076554,0.0954868532514505,0.0776608322654906,0.0807346615471577,-0.0173581235471681,-0.0140775068603506,0.817594223817912,0.851507013060503,94.9019305179607,79.1841153142014,-15.7178152037593,94.3202172076555,95.4868532514505,77.6608322654906,80.7346615471577,-17.3581235471681,-14.0775068603506,-18.3570555174468,-13.0785748900719,supp_race_broad_nhw
20,335885,0.0949893885713927,0.0785564927368732,-0.0164328958345195,0.827002825455932,0.000226253493578483,0.000590893576166812,0.000631703377729038,0.00787898913651604,0.0945468653754647,0.0954337646775265,0.0774061438216083,0.0797224599787172,-0.0176710117037808,-0.0151947799652583,0.814329908253465,0.839872963500704,94.9893885713927,78.5564927368732,-16.4328958345195,94.5468653754647,95.4337646775265,77.4061438216083,79.7224599787172,-17.6710117037808,-15.1947799652583,-18.4250123340185,-14.4407793350206,supp_race_broad_nhw
21,406723,0.0934744833817438,0.0769775187614265,-0.0164969646203173,0.823513711726603,0.000204508534881748,0.000547660354446686,0.000584999694199049,0.00744773142024965,0.0930744240699125,0.0938760842653237,0.0759109605016325,0.078057796488946,-0.0176435429519144,-0.0153503862887202,0.81157995918593,0.83562294229392,93.4744833817438,76.9775187614265,-16.4969646203173,93.0744240699125,93.8760842653237,75.9109605016325,78.057796488946,-17.6435429519144,-15.3503862887202,-18.3417981040408,-14.6521311365938,supp_race_broad_nhw
22,491327,0.0927631884013707,0.0765260734027306,-0.01623711499864,0.824961654741914,0.000196825554545723,0.000537335652026413,0.000573109260973945,0.00734463224362697,0.0923781368626625,0.0931496801965492,0.0754795387457846,0.0775859007020448,-0.0173603885093553,-0.0151138414879247,0.813171221135498,0.836923041674043,92.7631884013707,76.5260734027307,-16.23711499864,92.3781368626625,93.1496801965492,75.4795387457846,77.5859007020448,-17.3603885093553,-15.1138414879247,-18.0444512501988,-14.4297787470812,supp_race_broad_nhw
23,566093,0.0923921541310887,0.0768042015059325,-0.0155879526251562,0.831284888075674,0.00017979378954664,0.000498394093536137,0.00053077763191455,0.00678507246739955,0.0920403678712719,0.0927451476062494,0.0758330444334286,0.0777867488879477,-0.0166282576675082,-0.0145476475828042,0.820303229551552,0.842413561532318,92.3921541310887,76.8042015059325,-15.5879526251562,92.0403678712719,92.7451476062494,75.8330444334286,77.7867488879477,-16.6282576675082,-14.5476475828042,-17.2617934108477,-13.9141118394647,supp_race_broad_nhw
24,642866,0.0921666293079926,0.0776395026601539,-0.0145271266478387,0.84238192546574,0.000154761888230311,0.000442908181753962,0.000470173803360172,0.00595775730040786,0.091863749713565,0.0924704058294799,0.0767758509632913,0.0785120433831855,-0.0154486503688989,-0.0136056029267786,0.832602647748346,0.852276065023812,92.1666293079926,77.6395026601539,-14.5271266478387,91.863749713565,92.4704058294799,76.7758509632913,78.5120433831855,-15.4486503688989,-13.6056029267786,-16.0098494324994,-13.044403863178,supp_race_broad_nhw
25,728445,0.0921593830175784,0.0791103871494862,-0.0130489958680922,0.858408385116866,0.000133222992840228,0.000409861284184064,0.000431966821305742,0.00538973374936664,0.0918986028887453,0.0924208278466814,0.0783107928174461,0.0799174378549134,-0.0138956352803677,-0.0122023564558167,0.849388157462426,0.86752440467307,92.1593830175784,79.1103871494862,-13.0489958680922,91.8986028887453,92.4208278466814,78.3107928174461,79.9174378549134,-13.8956352803677,-12.2023564558167,-14.4112305217248,-11.6867612144596,supp_race_broad_nhw
26,809955,0.0914893315328584,0.0804339254613115,-0.0110554060715469,0.879161800766067,0.000125484917668201,0.000422616128614702,0.00044194169817165,0.0054422925566407,0.0912436827249896,0.091735574923272,0.0796094953875657,0.0812661394302981,-0.0119215958832298,-0.010189216259864,0.869833885336286,0.888589746796784,91.4893315328584,80.4339254613115,-11.0554060715469,91.2436827249896,91.735574923272,79.6094953875657,81.2661394302981,-11.9215958832298,-10.189216259864,-12.4490971293806,-9.66171501371316,supp_race_broad_nhw
27,892724,0.0905175679182672,0.0819172841425062,-0.00860028377576102,0.904987683898814,0.000128600076033649,0.000460085821853436,0.000478704079511473,0.00580431029094515,0.0902658322012899,0.0907699356347166,0.0810200410696955,0.0828235680648668,-0.00953852653085591,-0.00766204102066614,0.894750667380185,0.915341824115723,90.5175679182672,81.9172841425062,-8.60028377576102,90.26583220129,90.7699356347166,81.0200410696955,82.8235680648668,-9.53852653085591,-7.66204102066614,-10.1099073250296,-7.09066022649247,supp_race_broad_nhw
28,967878,0.0892946319871614,0.0835779779544308,-0.00571665403273051,0.93597986905246,0.000128463779729793,0.000477629000608669,0.000495548499147177,0.00590370462485253,0.0890431675725821,0.0895467367477523,0.0826465942956697,0.0845188907662696,-0.00668791124365186,-0.00474539682180917,0.925212018450449,0.946873038613018,89.2946319871614,83.5779779544308,-5.71665403273051,89.0431675725821,89.5467367477523,82.6465942956697,84.5188907662697,-6.68791124365186,-4.74539682180917,-7.27939752319901,-4.15391054226202,supp_race_broad_nhw
29,1031588,0.0877781674210359,0.0852753222415296,-0.00250284517950636,0.971486700474148,0.000120578790897578,0.00046689900061704,0.000483160809331433,0.00565564989565867,0.0875421246845813,0.0880147852160303,0.0843646581910377,0.0861948909757344,-0.00344982296453719,-0.00155586739447553,0.960777362061946,0.982315410900883,87.7781674210359,85.2753222415296,-2.50284517950636,87.5421246845813,88.0147852160303,84.3646581910377,86.1948909757345,-3.44982296453719,-1.55586739447553,-4.0265233077453,-0.979167051267421,supp_race_broad_nhw
30,1064915,0.0863719759075047,0.0872897881769941,0.000917812269489407,1.01062627385614,0.00010933839215198,0.000447039317412244,0.000461207978797738,0.00528693367928714,0.0861579171764474,0.0865865160753204,0.0864175748229829,0.0881699551847118,1.38612416633271e-05,0.00182176329731549,1.00020803384814,1.02115303101377,86.3719759075047,87.2897881769941,0.917812269489407,86.1579171764475,86.5865160753204,86.4175748229829,88.1699551847118,0.0138612416633271,1.82176329731549,-0.536636221140035,2.37226076011885,supp_race_broad_nhw
31,1075799,0.0849020118224944,0.0893407468476672,0.00443873502517282,1.05228068133948,0.000101280590797583,0.000443277423471579,0.000455733492120628,0.00511517099575142,0.084703715926761,0.085100728777943,0.0884757405990201,0.0902133730727917,0.00354551379406772,0.00533195625627792,1.041783694739,1.0628834353159,84.9020118224944,89.3407468476672,4.43873502517282,84.703715926761,85.1007287779431,88.4757405990201,90.2133730727917,3.54551379406772,5.33195625627792,3.00155067404342,5.87591937630223,supp_race_broad_nhw
32,1032677,0.0836029193291624,0.0915548768801563,0.007951957550994,1.09511578799881,0.000102114166976677,0.000474877578512646,0.00048682779946173,0.00534172425597669,0.0834029968227499,0.0838032772479131,0.0906283783501807,0.0924898837151362,0.00699779259737612,0.00890612250461187,1.08371018795376,1.1066414272516,83.6029193291624,91.5548768801563,7.951957550994,83.4029968227499,83.8032772479131,90.6283783501807,92.4898837151362,6.99779259737612,8.90612250461187,6.41671533777529,9.4871997642127,supp_race_broad_nhw
33,955145,0.0827468038185874,0.0941286836128236,0.0113818797942363,1.13755068799019,0.000111521771377985,0.000537534357751871,0.000550110565509433,0.00588108196017138,0.0825284876470418,0.0829656452869063,0.0930804058772535,0.0951875280239485,0.0103036828983228,0.0124600766901497,1.12451375324915,1.15073876509561,82.7468038185874,94.1286836128236,11.3818797942363,82.5284876470418,82.9656452869063,93.0804058772535,95.1875280239485,10.3036828983228,12.4600766901497,9.64707138140224,13.1166882070703,supp_race_broad_nhw
34,859243,0.0825631927901616,0.0972383151673908,0.0146751223772291,1.1777441240012,0.000124130625131362,0.000609519554808194,0.000623123239318115,0.00645921612311539,0.0823202272060078,0.0828068107716797,0.0960502093398992,0.0984395169962483,0.0134538232702357,0.0158964214842226,1.16292806475062,1.19274894437843,82.5631927901616,97.2383151673908,14.6751223772291,82.3202272060078,82.8068107716797,96.0502093398992,98.4395169962483,13.4538232702357,15.8964214842226,12.7100638861231,16.6401808683352,supp_race_broad_nhw
35,742134,0.0835416773836412,0.101375652130879,0.0178339747472374,1.21347398455193,0.000135022247378438,0.000669849847638187,0.000684481639052372,0.00681613978789885,0.0832774193019902,0.0838066973557118,0.100070292224336,0.102696096588237,0.0164924153866158,0.019175534107859,1.19737051988302,1.2297940251011,83.5416773836412,101.375652130879,17.8339747472374,83.2774193019902,83.8066973557118,100.070292224336,102.696096588237,16.4924153866158,19.175534107859,15.6754186672268,19.9925308272481,supp_race_broad_nhw
36,605523,0.0851776697055585,0.105887119311112,0.0207094496055533,1.24313238055398,0.000141325909302395,0.000705955293657095,0.000721248785812239,0.00688535335474582,0.0849010841531007,0.0854550721589637,0.104511420651418,0.107278757102838,0.0192958279614681,0.0221230712496386,1.22646894344241,1.26002221568228,85.1776697055585,105.887119311112,20.7094496055533,84.9010841531007,85.4550721589637,104.511420651418,107.278757102838,19.2958279614681,22.1230712496386,18.4349460060547,22.9839532050519,supp_race_broad_nhw
37,473236,0.0874111386907945,0.110720733532514,0.0233095948417192,1.26666618454856,0.000147855603697028,0.000744282066448172,0.000760192335018307,0.00694715584751467,0.0871217810578152,0.0877013650387998,0.109270358903097,0.112187934669955,0.0218196452437599,0.0247995444396785,1.2495359247605,1.28403128816511,87.4111386907945,110.720733532514,23.3095948417192,87.1217810578152,87.7013650387998,109.270358903098,112.187934669955,21.8196452437599,24.7995444396785,20.9122803001589,25.7069093832795,supp_race_broad_nhw
38,359893,0.0901780239176511,0.115830501510933,0.0256524775932814,1.28446484496829,0.000164063282939485,0.000837105310413304,0.000854323528324191,0.00746662693350236,0.0898569818582001,0.0905000989456248,0.114199875807862,0.117481322437324,0.0239780342466208,0.027326920939942,1.2658044496846,1.30340033041478,90.1780239176511,115.830501510933,25.6524775932814,89.8569818582001,90.5000989456248,114.199875807862,117.481322437324,23.9780342466208,27.326920939942,22.9583143883876,28.3466407981753,supp_race_broad_nhw
39,267880,0.0930909522159567,0.120788726656145,0.0276977744401885,1.29753454853415,0.000199029374381848,0.00103348441817882,0.00105349731238105,0.0088300650748767,0.0927015945519923,0.093481776733155,0.118777740683273,0.122829014275193,0.0256329576501119,0.0297625912302651,1.27527182654437,1.32018591612879,93.0909522159567,120.788726656145,27.6977744401885,92.7015945519923,93.481776733155,118.777740683273,122.829014275193,25.6329576501119,29.7625912302651,24.3755041276301,31.0200447527469,supp_race_broad_nhw
40,185656,0.0973348323669851,0.127062590365409,0.0297277579984236,1.3054174674729,0.000259174968960826,0.00136241429694887,0.00138758659407798,0.0110555675247993,0.0968280400061716,0.0978439898921026,0.124416195263172,0.129756933717342,0.0270081382486002,0.032447377748247,1.27743527172633,1.33401261269419,97.3348323669851,127.062590365409,29.7277579984236,96.8280400061716,97.8439898921026,124.416195263172,129.756933717342,27.0081382486002,32.447377748247,25.3519160352484,34.1035999615988,supp_race_broad_nhw
41,122813,0.10123708191809,0.132616314368725,0.0313792324506346,1.30995789147719,0.000340634596961928,0.0018013666392674,0.00183376281674321,0.0139984396633716,0.100571401111357,0.101906669635761,0.12912533953969,0.136186910468161,0.0277851233736292,0.03497334152764,1.27450587593252,1.34639605030288,101.23708191809,132.616314368725,31.3792324506346,100.571401111357,101.906669635761,129.12533953969,136.186910468161,27.7851233736292,34.97334152764,25.5963455891863,37.1621193120829,supp_race_broad_nhw
42,77011,0.105508092589699,0.138380178844421,0.0328720862547218,1.31155985714343,0.000442477768371294,0.00234243708061181,0.0023841235122632,0.0174417621325584,0.104643990603617,0.106378482171272,0.133852688825557,0.143035519114494,0.0281992900359908,0.0375448824734528,1.26748159275018,1.35717099854493,105.508092589699,138.380178844421,32.8720862547218,104.643990603617,106.378482171272,133.852688825557,143.035519114494,28.1992900359908,37.5448824734528,25.3536021796532,40.3905703297904,supp_race_broad_nhw
43,45064,0.108763859164326,0.142701196525358,0.0339373373610318,1.31202770499121,0.000557090018601409,0.00294763394584852,0.0029998738811546,0.0212820869379489,0.1076767849334,0.109860556999405,0.137020840637306,0.148576495223613,0.0280576925958064,0.0398169821262572,1.25842593618314,1.36791260349069,108.763859164326,142.701196525358,33.9373373610318,107.6767849334,109.860556999405,137.020840637306,148.576495223613,28.0576925958064,39.8169821262572,24.4770456074118,43.3976291146518,supp_race_broad_nhw
44,25126,0.114191221683963,0.149518012383793,0.0353267906998294,1.30936520495069,0.000694350539331887,0.00365858516889408,0.00372364264822323,0.0252112375486799,0.112837367512624,0.115559203889487,0.142488116721254,0.156831307522512,0.0280285852180145,0.0426249961816442,1.24623789087004,1.37569018924523,114.191221683963,149.518012383793,35.3267906998294,112.837367512624,115.559203889487,142.488116721254,156.831307522512,28.0285852180145,42.6249961816442,23.5840484266589,47.0695329729998,supp_race_broad_nhw
45,13622,0.117840040057829,0.15407324698081,0.0362332069229807,1.30747789041144,0.000835128829545626,0.00438718487186148,0.00446549365526816,0.0293394065719847,0.116213041492063,0.119486737246628,0.145669365990954,0.162869531885918,0.027481000185463,0.0449854136604984,1.23441333741733,1.3848671122522,117.840040057829,154.07324698081,36.2332069229807,116.213041492063,119.486737246628,145.669365990954,162.869531885918,27.481000185463,44.9854136604984,22.1509906444362,50.3154232015252,supp_race_broad_nhw
15,2723,0.0799933144933203,0.067048563834543,-0.0129447506587773,0.838177093413748,0.00204977494275629,0.00761252001994637,0.00788224181874565,0.116375214584771,0.0760668308045061,0.0841040291585387,0.0535826802518856,0.08359963543391,-0.0283936607409542,0.0025041594233997,0.667232244211608,1.05291799971932,79.9933144933203,67.048563834543,-12.9447506587773,76.0668308045061,84.1040291585387,53.5826802518856,83.59963543391,-28.3936607409542,2.5041594233997,-37.8018980696605,11.9123967521059,supp_race_broad_other
16,6278,0.0792424827937519,0.067903578860758,-0.0113389039329939,0.856908775025309,0.00159770652807851,0.00600953564246873,0.00621588301934789,0.0907379394821922,0.0761670443764708,0.0824310197574177,0.0570307613697103,0.0806719432118949,-0.0235218107830298,0.000844002917042064,0.717295846489791,1.02369566519695,79.2424827937519,67.903578860758,-11.3389039329939,76.1670443764708,82.4310197574177,57.0307613697103,80.6719432118949,-23.5218107830298,0.844002917042064,-30.9410836242183,8.26327575823058,supp_race_broad_other
17,12223,0.0819222521345948,0.0718061514061187,-0.0101161007284761,0.876515837090809,0.00122694227027723,0.00466587464495799,0.00482330915562152,0.0666678221502533,0.0795494104145439,0.0843593853827703,0.0631814486276272,0.0815057544827594,-0.0195696129597966,-0.000662588497155647,0.769151717830573,0.998866666823511,81.9222521345948,71.8061514061187,-10.1161007284761,79.5494104145439,84.3593853827703,63.1814486276272,81.5057544827594,-19.5696129597966,-0.662588497155647,-25.3267107866976,5.09450932974537,supp_race_broad_other
18,22525,0.0838148812232147,0.0751144555546315,-0.00870042566858326,0.896194738432995,0.000885669189099307,0.00338485117926054,0.00349792207933453,0.0462743682059817,0.0820952531672026,0.0855671720394423,0.0687436010119873,0.0820237292793149,-0.0155562269648064,-0.00184462437236013,0.818490374053329,0.98127605975077,83.8148812232147,75.1144555546315,-8.70042566858326,82.0952531672026,85.5671720394423,68.7436010119873,82.0237292793149,-15.5562269648064,-1.84462437236013,-19.7313438714503,2.33049253428381,supp_race_broad_other
19,38737,0.0851443890973764,0.078001767772663,-0.00714262132471341,0.916111661608792,0.000648612494100773,0.0023935073678858,0.00247553909682325,0.0315660228561742,0.0838817089910079,0.0864242833625625,0.073437829262815,0.0828239875305591,-0.0119945887968078,-0.00229065385261904,0.861151106879334,0.974579919634499,85.1443890973764,78.001767772663,-7.14262132471341,83.8817089910079,86.4242833625625,73.4378292628151,82.8239875305591,-11.9945887968078,-2.29065385261904,-14.9493902194201,0.664147569993315,supp_race_broad_other
20,50736,0.0828688581740206,0.0775575083849164,-0.00531134978910421,0.935906564828604,0.000524336556439071,0.00186193918573305,0.0019313740734683,0.024790828744,0.0818469568853217,0.0839023524898921,0.0739859117601953,0.0812863855239257,-0.00909677341377648,-0.00152592616443193,0.891518791953119,0.982504357726807,82.8688581740206,77.5575083849164,-5.31134978910421,81.8469568853217,83.9023524898921,73.9859117601953,81.2863855239257,-9.09677341377648,-1.52592616443193,-11.4020599136763,0.779360335467852,supp_race_broad_other
21,59734,0.0789925086304148,0.0755172031231548,-0.00347530550725997,0.956004619076981,0.000488855691893689,0.00175333546379042,0.00181998929114492,0.0240255237908321,0.0780396659755836,0.0799559762887435,0.0721517276128454,0.0790262889998496,-0.00704241897015259,9.18079556326543e-05,0.912030637600684,1.00209882652723,78.9925086304148,75.5172031231548,-3.47530550725997,78.0396659755836,79.9559762887435,72.1517276128454,79.0262889998496,-7.04241897015259,0.0918079556326543,-9.21475668581025,2.26414567129032,supp_race_broad_other
22,69865,0.0749389049892465,0.0731846202865748,-0.00175428470267164,0.976590467889498,0.000457786775373931,0.00168532369520552,0.00174733259206908,0.0238374338329058,0.0740465810171782,0.0758411014644308,0.0699493326630482,0.0765572285426607,-0.00517899365214006,0.00167042424679678,0.932013108291582,1.02329992302453,74.9389049892465,73.1846202865749,-1.75428470267164,74.0465810171781,75.8411014644308,69.9493326630482,76.5572285426607,-5.17899365214006,1.67042424679678,-7.26460839175299,3.75603898640972,supp_race_broad_other
23,80214,0.070979153708521,0.0708140966147051,-0.00016505709381584,0.997674569430714,0.000400614885775439,0.00151018953451122,0.0015637546574906,0.0220791230834364,0.0701979629397947,0.0717683668628465,0.0679107229639697,0.0738317653648511,-0.00322995990315418,0.0028998457155225,0.955421738836646,1.04179600068629,70.979153708521,70.8140966147051,-0.16505709381584,70.1979629397947,71.7683668628465,67.9107229639697,73.8317653648511,-3.22995990315418,2.8998457155225,-5.09645617158287,4.76634198395119,supp_race_broad_other
24,91028,0.0673517445229554,0.0686386667230564,0.00128692220010102,1.01910748131643,0.000332463050540124,0.00129930344119794,0.00134292895270859,0.019588803695642,0.0667030461391487,0.0680062919136529,0.0661354243786437,0.0712294305962347,-0.00134517018100392,0.00391901458120595,0.980722117748134,1.05899524409608,67.3517445229554,68.6386667230564,1.28692220010102,66.7030461391487,68.0062919136529,66.1354243786437,71.2294305962347,-1.34517018100392,3.91901458120595,-2.94808907047843,5.52193347068046,supp_race_broad_other
25,104440,0.063562824325764,0.0661556693742254,0.0025928450484614,1.04079184768715,0.000275688938546738,0.00116177267731093,0.00119631464981391,0.0181246577877168,0.063024619961973,0.0641053102848686,0.0639147242520443,0.0684694383371753,0.000248111420648488,0.00493757867627431,1.00446809123779,1.07842915037466,63.562824325764,66.1556693742254,2.5928450484614,63.024619961973,64.1053102848686,63.9147242520443,68.4694383371753,0.248111420648488,4.93757867627431,-1.1798087579091,6.36549885483189,supp_race_broad_other
26,120458,0.0609974690104419,0.0648076767044626,0.00381020769402066,1.06246501298879,0.000252793178562836,0.00117484360972163,0.00120427793410707,0.0186374471000821,0.0605038809810676,0.0614948201433915,0.0625427466808393,0.0671487540052216,0.0014498663157945,0.00617054907224683,1.0243548166582,1.10199306477409,60.9974690104419,64.8076767044626,3.81020769402066,60.5038809810676,61.4948201433915,62.5427466808393,67.1487540052216,1.4498663157945,6.17054907224683,0.0124411676776341,7.60797422036369,supp_race_broad_other
27,138953,0.058410976609655,0.0633194197140313,0.00490844310437628,1.08403288883831,0.00024932710417085,0.00123716990998024,0.00126428245297537,0.0200375800383065,0.0579242174946407,0.0589015703995618,0.0609374681627326,0.0657879552852556,0.00243049503025859,0.00738639117849396,1.04228488450655,1.12745308077597,58.410976609655,63.3194197140313,4.90844310437628,57.9242174946407,58.9015703995618,60.9374681627326,65.7879552852556,2.43049503025859,7.38639117849396,0.921448537949366,8.89543767080319,supp_race_broad_other
28,160165,0.0565709455439582,0.0625234763382013,0.00595253079424302,1.10522240236585,0.000243665770450177,0.00124863259870171,0.00127406420021288,0.0204629052314703,0.0560952600706767,0.0570504210043278,0.0601204433391174,0.0650159150891176,0.00345541084783393,0.0084496507406521,1.06177286645861,1.1504499665409,56.5709455439582,62.5234763382013,5.95253079424302,56.0952600706767,57.0504210043278,60.1204433391174,65.0159150891176,3.45541084783393,8.4496507406521,1.93468887009605,9.97037271838998,supp_race_broad_other
29,177807,0.0559674418380138,0.0629851101039125,0.00701766826589875,1.12538840503395,0.000229373775470985,0.0012078148394586,0.00123105443819937,0.0196386446628609,0.0555195723390373,0.0564187084269593,0.0606589243988656,0.0653942915362364,0.0046048459040198,0.00943049062777771,1.08289411022489,1.16955023600768,55.9674418380138,62.9851101039125,7.01766826589875,55.5195723390373,56.4187084269593,60.6589243988656,65.3942915362364,4.6048459040198,9.43049062777771,3.13546034272019,10.8998761890773,supp_race_broad_other
30,193424,0.0559052020849609,0.0639684916081572,0.00806328952319631,1.14423147081988,0.000208163432603574,0.00115114013108954,0.00117108945716596,0.0183993818721601,0.0554986070763672,0.0563145982909363,0.0617490268188675,0.0662620973775247,0.00576799636447646,0.0103585826819162,1.10370321124139,1.18624793828589,55.9052020849609,63.9684916081572,8.06328952319631,55.4986070763672,56.3145982909363,61.7490268188675,66.2620973775247,5.76799636447646,10.3585826819162,4.37018495504213,11.7563940913505,supp_race_broad_other
31,207592,0.05607607664513,0.0651280056778241,0.00905192903269411,1.16142229582105,0.000188780708907701,0.00113981778909944,0.0011564616380426,0.017841855167364,0.0557072193678697,0.056447230261298,0.0629293326294958,0.0673979725109198,0.00678530587262843,0.0113185521927598,1.12150998432622,1.20275500716173,56.07607664513,65.1280056778242,9.05192903269411,55.7072193678697,56.447230261298,62.9293326294958,67.3979725109198,6.78530587262843,11.3185521927598,5.40495421602566,12.6989038493626,supp_race_broad_other
32,208686,0.0567318838780204,0.0667404628274523,0.0100085789494319,1.17641894231736,0.000182970457249886,0.00122483723775522,0.00123907015081956,0.0186447489238128,0.0563743318269571,0.0570915664845252,0.0643795425336122,0.0691815607108781,0.00758004607950695,0.0124371118193569,1.13420503190612,1.22020400977877,56.7318838780204,66.7404628274523,10.0085789494319,56.3743318269571,57.0915664845252,64.3795425336122,69.1815607108781,7.58004607950695,12.4371118193569,6.1010929702402,13.9160649286236,supp_race_broad_other
33,201771,0.0579919367579642,0.0689355943767463,0.0109436576187821,1.18870998677724,0.000195733103634018,0.00139453369106133,0.00140917202117057,0.0205257899822157,0.0576094955895499,0.0583767594961875,0.0662520257241039,0.0717195132174522,0.00818173120926624,0.0137055840282979,1.141837566671,1.23750651923602,57.9919367579642,68.9355943767463,10.9436576187821,57.6094955895499,58.3767594961875,66.2520257241039,71.7195132174522,8.18173120926624,13.7055840282979,6.49974464795376,15.3875705896104,supp_race_broad_other
34,189321,0.0596868715327069,0.071488965174246,0.0118020936415391,1.1977334937897,0.000219883421995333,0.00158872345024169,0.00160489763666091,0.0225438000361117,0.0592573622452695,0.0601192950390257,0.0684370330418783,0.0746660888274715,0.00865655207481026,0.0149476352082679,1.14596374254715,1.25184198145489,59.6868715327069,71.488965174246,11.8020936415391,59.2573622452695,60.1192950390258,68.4370330418783,74.6660888274715,8.65655207481026,14.9476352082679,6.74094758040407,16.8632397026741,supp_race_broad_other
35,170285,0.0622379139784732,0.0748974652460094,0.0126595512675362,1.20340577725524,0.000245752669874425,0.00175977777193231,0.00177817682071995,0.0238464601868805,0.0617579841822005,0.0627213240520776,0.0715205220504719,0.0784203885363112,0.00917438874078115,0.0161447137942912,1.14845490882008,1.26098591560652,62.2379139784732,74.8974652460094,12.6595512675362,61.7579841822005,62.7213240520776,71.5205220504719,78.4203885363112,9.17438874078115,16.1447137942912,7.05195835530994,18.2671441797624,supp_race_broad_other
36,144678,0.0653893111427538,0.0788154497983961,0.0134261386556424,1.20532619813552,0.00026390436151959,0.00187203702814835,0.00189210890134448,0.0241163806274346,0.0648739668116088,0.0659084607213343,0.0752235433784934,0.0825635563387965,0.00971767335417953,0.0171346039571052,1.14967925719747,1.26366657032092,65.3893111427538,78.8154497983961,13.4261386556424,64.8739668116087,65.9084607213343,75.2235433784934,82.5635563387965,9.71767335417953,17.1346039571052,7.45925373131654,19.3930235799682,supp_race_broad_other
37,115036,0.0689227480505894,0.0829590446893532,0.0140362966387638,1.20365259708538,0.000277139294875197,0.00197662232125367,0.00199809437812226,0.0241942826770571,0.0683815430075696,0.069467917058449,0.0791663030634169,0.0869163401325658,0.0101201036199322,0.0179524896575954,1.1479076402824,1.262104653397,68.9227480505894,82.9590446893532,14.0362966387638,68.3815430075696,69.4679170584491,79.1663030634169,86.9163401325658,10.1201036199322,17.9524896575954,7.73517981946966,20.337413458058,supp_race_broad_other
38,89593,0.0731767046599303,0.0877543949632061,0.0145776903032757,1.19921217238494,0.00030059071539567,0.00221789469280411,0.00223999038904048,0.0256302812643612,0.0725897376591069,0.0737680404001135,0.0835036012993121,0.0921998086788396,0.0101873898150405,0.0189679907915109,1.14045851762359,1.26099267283551,73.1767046599303,87.7543949632061,14.5776903032757,72.5897376591069,73.7680404001135,83.5036012993121,92.1998086788396,10.1873898150405,18.9679907915109,7.5137391356114,21.6416414709401,supp_race_broad_other
39,69446,0.0777616528318305,0.0927080996566205,0.01494644682479,1.19220845083005,0.000353077074916226,0.00272246836198424,0.00274649526406362,0.0297306971824794,0.0770724479446803,0.0784564968826673,0.0875082548754957,0.0981836792046347,0.00956341502351548,0.0203294786260645,1.12472249318006,1.26374372242863,77.7616528318305,92.7080996566204,14.94644682479,77.0724479446803,78.4564968826673,87.5082548754957,98.1836792046347,9.56341502351548,20.3294786260645,6.28520054333726,23.6076931062427,supp_race_broad_other
40,49163,0.0832665089426535,0.0985181858929873,0.0152516769503338,1.18316700368497,0.000453820806053253,0.00358559209201386,0.00361490026699676,0.0368094684876636,0.082381344867547,0.0841603115577084,0.0917103824320481,0.105772493475812,0.00816660261931596,0.0223367512813517,1.10081356628847,1.27168141952389,83.2665089426535,98.5181858929873,15.2516769503338,82.381344867547,84.1603115577084,91.7103824320481,105.772493475812,8.16660261931596,22.3367512813517,3.85186064443435,26.6514932562333,supp_race_broad_other
41,33708,0.0891305277822178,0.104504653939298,0.0153741261570807,1.17249001593086,0.000605920082153878,0.00478835901415344,0.00482677805086088,0.0463237654424557,0.0879500620585907,0.0903252685782434,0.0954849427123624,0.114268749200653,0.00591381501602489,0.0248344372981364,1.07072586202894,1.28392606007717,89.1305277822178,104.504653939298,15.3741261570807,87.9500620585907,90.3252685782434,95.4849427123624,114.268749200653,5.91381501602489,24.8344372981364,0.152576718629463,30.5956755955319,supp_race_broad_other
42,21426,0.0950068098446415,0.110286814953037,0.0152800051083953,1.16083063028199,0.000805171212163392,0.00628448611014734,0.00633577326136422,0.0576090203128367,0.093440390965766,0.0965966899083982,0.0985585935459798,0.123219893467779,0.00286211770190958,0.0276978925148811,1.03688829541158,1.29958816023284,95.0068098446415,110.286814953037,15.2800051083953,93.440390965766,96.5966899083982,98.5585935459798,123.219893467779,2.86211770190958,27.6978925148811,-4.70025603319,35.2602662499806,supp_race_broad_other
43,12987,0.102547114365422,0.117740011122616,0.0151928967571937,1.14815528307364,0.00106129819873267,0.0081396443291206,0.00820773412236513,0.0698948747027694,0.100485614954331,0.104645986061667,0.102699160272243,0.134653111904248,-0.000893966517322389,0.0312797600317098,1.00116579464098,1.31672552249214,102.547114365422,117.740011122616,15.1928967571937,100.485614954331,104.645986061667,102.699160272243,134.653111904248,-0.893966517322389,31.2797600317098,-10.6907111909615,41.0765047053489,supp_race_broad_other
44,7393,0.106524996021161,0.121052396041289,0.0145274000201283,1.13637550399197,0.00132509857011055,0.00999623114441106,0.010082351393979,0.083496977802175,0.103955597390766,0.109150164816887,0.102786322451157,0.142050590732886,-0.00523364559154773,0.0342884456318044,0.964826241631076,1.33842678645424,106.524996021161,121.052396041289,14.5274000201283,103.955597390766,109.150164816887,102.786322451157,142.050590732886,-5.23364559154773,34.2884456318044,-17.2679318932413,46.322731933498,supp_race_broad_other
45,3902,0.114980912687871,0.129202338032175,0.0142214253443045,1.12368509704659,0.00167057573213677,0.0123857496374783,0.0124958213616379,0.0969399033770804,0.111746986860384,0.118295963401133,0.106805414700075,0.155478323456087,-0.010269934481752,0.0387127851703611,0.929242844774247,1.3588140112409,114.980912687871,129.202338032175,14.2214253443045,111.746986860384,118.295963401133,106.805414700075,155.478323456087,-10.269934481752,38.7127851703611,-25.1849365447203,53.6277872333294,supp_race_broad_other
15,154,0.0660691998793357,0.0633542705364025,-0.0027149293429332,0.958907791408227,0.00900650005406816,0.00760884095797894,0.0117807477261035,0.181529711991874,0.0504607249686556,0.0860680575900786,0.0499792441482384,0.0800071731500528,-0.0258047705970481,0.0203749119111817,0.671828582124684,1.36865887651793,66.0691998793357,63.3542705364025,-2.7149293429332,50.4607249686556,86.0680575900786,49.9792441482384,80.0071731500528,-25.8047705970481,20.3749119111817,-39.8662613588776,34.4364026730112,supp_race_primary_hisp
16,471,0.0669478047936368,0.0639616912888007,-0.00298611350483603,0.955396394040991,0.00710013653791128,0.00600112371037716,0.00929097160484789,0.14151464689383,0.0543038617227536,0.0822795859493535,0.0531597482252364,0.0767805752925855,-0.0211960832317222,0.0152238562220501,0.723979238203096,1.26078514628684,66.9478047936368,63.9616912888007,-2.98611350483603,54.3038617227536,82.2795859493536,53.1597482252364,76.7805752925855,-21.1960832317222,15.2238562220501,-32.2857792703284,26.3135522606563,supp_race_primary_hisp
17,1182,0.0672628996980721,0.0640694500476891,-0.00319344965038297,0.952522866770276,0.00525334349325321,0.00445731453590357,0.00688409815931132,0.104511148431157,0.0576693786375684,0.0783196983555821,0.0558686119483272,0.0733805107869876,-0.0166860341086716,0.0102991348079057,0.776095847140764,1.16905639305103,67.2628996980721,64.0694500476891,-3.19344965038297,57.6693786375684,78.3196983555821,55.8686119483272,73.3805107869876,-16.6860341086716,10.2991348079057,-24.9028879893633,18.5159886885974,supp_race_primary_hisp
18,2612,0.0686810945938722,0.0653196422011591,-0.00336145239271309,0.951057093475429,0.0037022391973687,0.00318310889428711,0.00488572521372617,0.0727151629685116,0.0617703897811858,0.0763020734832703,0.0593511661177709,0.0718424798679798,-0.0129372978499756,0.00621439306454946,0.824729121954432,1.09673536555425,68.6810945938722,65.3196422011591,-3.36145239271309,61.7703897811858,76.3020734832703,59.3511661177709,71.8424798679798,-12.9372978499756,6.21439306454946,-18.768895432311,12.0459906468848,supp_race_primary_hisp
19,5101,0.0699800106164974,0.0665816107946923,-0.00339839982180508,0.951437563500398,0.00255780839210341,0.00225942494398563,0.00341623260640532,0.0499249154491123,0.0651298512707551,0.0751623178673709,0.0622876473807725,0.0711491296565388,-0.0100940926931709,0.00329729304956075,0.862748332626308,1.04924391390469,69.9800106164974,66.5816107946924,-3.39839982180508,65.1298512707551,75.1623178673709,62.2876473807725,71.1491296565388,-10.0940926931709,3.29729304956075,-14.1717051123546,7.37490546874439,supp_race_primary_hisp
20,6879,0.0703136427573752,0.0671008231590149,-0.00321281959836023,0.954307308334936,0.00200613087220405,0.00181363797621342,0.00271147184457316,0.0394039916520264,0.0664818868617738,0.0743486570105243,0.0636323530694397,0.0707440687681126,-0.008527206758818,0.00210156756209755,0.883379895870343,1.0309295502409,70.3136427573752,67.1008231590149,-3.21281959836023,66.4818868617738,74.3486570105244,63.6323530694397,70.7440687681126,-8.527206758818,2.10156756209755,-11.7636173144014,5.33797811768092,supp_race_primary_hisp
21,7769,0.0704294896676763,0.0676353602691696,-0.00279412939850672,0.960327280352436,0.00195178250193551,0.0017560124745219,0.00263718573847176,0.0381446760979356,0.0666987694451507,0.0743522593396235,0.0642737979692528,0.071159364501803,-0.00796291846645404,0.0023746596694406,0.891149276897035,1.03487542356572,70.4294896676763,67.6353602691696,-2.79412939850672,66.6987694451507,74.3522593396235,64.2737979692528,71.159364501803,-7.96291846645404,2.3746596694406,-11.1106611871119,5.52240239009848,supp_race_primary_hisp
22,8510,0.0695282325189593,0.067434419495131,-0.00209381302382834,0.969885427142746,0.00191330290658804,0.00171359215362525,0.00258109532799562,0.0376409224662438,0.0658705204705542,0.0733730994247985,0.0641524403863276,0.0708715863318218,-0.00715266690736435,0.00296504085970766,0.900907956907687,1.04414411546845,69.5282325189594,67.434419495131,-2.09381302382834,65.8705204705542,73.3730994247985,64.1524403863276,70.8715863318218,-7.15266690736435,2.96504085970766,-10.233460160376,6.04583411271928,supp_race_primary_hisp
23,9017,0.0673828645475426,0.066187172594307,-0.00119569195323554,0.982255251965551,0.00172564452408807,0.00155144845747286,0.00233555548964686,0.0349426380732032,0.0640784008805071,0.0708448372504159,0.0632105203815433,0.0692936300474603,-0.00577329659683821,0.00338191269036712,0.917236085343358,1.05188336506924,67.3828645475426,66.187172594307,-1.19569195323554,64.0784008805072,70.844837250416,63.2105203815433,69.2936300474603,-5.77329659683821,3.38191269036712,-8.56101370146989,6.1696297949988,supp_race_primary_hisp
24,9329,0.0672950505167666,0.0670796861901447,-0.00021536432662192,0.996799700349905,0.00153856860332015,0.00138174696312508,0.00208549265291112,0.031034830917682,0.0643414807365497,0.0703740051211652,0.0644217231043339,0.0698391274119126,-0.00430285481635061,0.00387212616310677,0.937974437550145,1.05931420179512,67.2950505167666,67.0796861901447,-0.21536432662192,64.3414807365497,70.3740051211652,64.4217231043339,69.8391274119126,-4.30285481635061,3.87212616310677,-6.79209712546101,6.36136847221717,supp_race_primary_hisp
25,9615,0.0678312449077436,0.0686714908775441,0.000840245969800466,1.01238729984896,0.00146339891587463,0.00128946513583528,0.00196966252148639,0.0288824814258243,0.0650186553903944,0.0707562945673432,0.0661868585003275,0.0712422796091827,-0.0030202216340112,0.00470071357361213,0.956669384110836,1.07135031382662,67.8312449077436,68.6714908775441,0.840245969800466,65.0186553903944,70.7562945673432,66.1868585003275,71.2422796091827,-3.0202216340112,4.70071357361213,-5.37120919386138,7.05170113346231,supp_race_primary_hisp
26,9666,0.0691019295617975,0.0710391189070642,0.00193718934526671,1.02803379525798,0.00156645981844778,0.00135613941667866,0.00209270395615062,0.0299320247186917,0.0660941535714292,0.0722359946134696,0.0684266244301397,0.073743461396837,-0.00216443503909299,0.00603881372962641,0.969458462782178,1.09014828872558,69.1019295617975,71.0391189070642,1.93718934526671,66.0941535714292,72.2359946134696,68.4266244301397,73.743461396837,-2.16443503909299,6.03881372962641,-4.66228475379771,8.53666344433113,supp_race_primary_hisp
27,9204,0.069995882887429,0.0729826661002853,0.0029867832128563,1.04267084133591,0.0017183724425518,0.00148406727485384,0.00229217423314972,0.0321794577724134,0.0667019511700948,0.0734396785672464,0.0701268169629604,0.0759453183377142,-0.00150579573040786,0.00747936215612045,0.978939887350543,1.11055080850213,69.995882887429,72.9826661002853,2.9867832128563,66.7019511700948,73.4396785672464,70.1268169629604,75.9453183377142,-1.50579573040786,7.47936215612045,-4.24173300309224,10.2152994288048,supp_race_primary_hisp
28,9041,0.0712968853057586,0.0752504123128729,0.00395352700711429,1.05545160900311,0.00178908931489958,0.00155332397342412,0.00239229680731746,0.032805113637139,0.0678689610460073,0.074884037858388,0.072261963532267,0.0783520129341712,-0.000735288575558074,0.00864234258978666,0.989725051189664,1.12554299561098,71.2968853057586,75.2504123128729,3.95352700711429,67.8689610460073,74.884037858388,72.261963532267,78.3520129341712,-0.735288575558074,8.64234258978666,-3.59073207012604,11.4977860843546,supp_race_primary_hisp
29,8676,0.0751447045747382,0.0801077084095391,0.00496300383480088,1.06604595577144,0.00180297735077695,0.0015717248086955,0.00242032410812472,0.0313588811355758,0.071686387813383,0.0787557044855357,0.0770807572441248,0.0832428062374327,0.000219255751962397,0.00970675191763935,1.00249727067181,1.13362301630513,75.1447045747382,80.1077084095391,4.96300383480088,71.686387813383,78.7557044855357,77.0807572441248,83.2428062374327,0.219255751962397,9.70675191763935,-2.66964110571487,12.5956487753166,supp_race_primary_hisp
30,7945,0.0771930857832188,0.0830251308500142,0.00583204506679538,1.07555139178104,0.00175677884591485,0.00150713373755643,0.0023475080945058,0.0295185250227608,0.073819466145624,0.080707447988569,0.0801185915663032,0.0860272524045747,0.00123101374814777,0.010433076385443,1.01509094223937,1.13961296296282,77.1930857832188,83.0251308500142,5.83204506679538,73.819466145624,80.707447988569,80.1185915663032,86.0272524045747,1.23101374814777,10.433076385443,-1.57096997577764,13.2350601093684,supp_race_primary_hisp
31,7358,0.0802809368627052,0.0869917547287207,0.0067108178660155,1.08359167354377,0.0017915236162766,0.00149638056718495,0.00237203804302604,0.0286241940034386,0.0768389656843239,0.0838630833901656,0.0841032827784089,0.0899696845462019,0.0020617087317256,0.0113599270003054,1.02447343413852,1.14612138865343,80.2809368627052,86.9917547287207,6.7108178660155,76.8389656843239,83.8630833901656,84.1032827784089,89.9696845462019,2.0617087317256,11.3599270003054,-0.769553918506093,14.1911896505371,supp_race_primary_hisp
32,6581,0.0835076192916571,0.0910996238487953,0.00759200455713824,1.09091391446118,0.00196649407531532,0.00160680587175194,0.0025787001145338,0.0298668168535718,0.079733323557501,0.0874436005127966,0.0879989389466356,0.094298266313928,0.00253784520572269,0.0126461639085538,1.02888728575937,1.15667982804031,83.5076192916571,91.0996238487953,7.59200455713824,79.733323557501,87.4436005127966,87.9989389466356,94.298266313928,2.53784520572269,12.6461639085538,-0.540089122477954,15.7240982367544,supp_race_primary_hisp
33,5819,0.0876049788892345,0.0961571157453344,0.00855213685609989,1.09762158457812,0.00227142300108848,0.00185106241439535,0.00297161712339093,0.0327397262099506,0.0832541322367355,0.0921603421119601,0.0925897567941011,0.0998467964375184,0.00272787431841116,0.0143763993937886,1.0294008755814,1.1703634332459,87.6049788892345,96.1571157453344,8.55213685609989,83.2541322367355,92.1603421119602,92.5897567941011,99.8467964375184,2.72787431841116,14.3763993937886,-0.819045427240371,17.9233191394401,supp_race_primary_hisp
34,5164,0.0911927491350989,0.100695271732223,0.00950252259712424,1.10420261136164,0.00259983262909216,0.0021267497457249,0.00339908666797145,0.0358947570982721,0.0862236350950545,0.0964180189670767,0.0966028611957169,0.104940911209874,0.00284043514756993,0.0161646100466785,1.02918890860654,1.1846837803457,91.1927491350989,100.695271732223,9.50252259712424,86.2236350950545,96.4180189670767,96.6028611957169,104.940911209874,2.84043514756993,16.1646100466785,-1.21671189365162,20.2217570879001,supp_race_primary_hisp
35,4461,0.0953552747402557,0.105955374487304,0.0106000997470482,1.11116427251584,0.00288708351667818,0.00237683114269304,0.00377714703355035,0.0380506667233509,0.0898449346254146,0.101166008313506,0.101386330895753,0.110704958344813,0.00319702759697724,0.0180031718971192,1.0313106029242,1.19720095673873,95.3552747402557,105.955374487304,10.6000997470482,89.8449346254146,101.166008313506,101.386330895753,110.704958344813,3.19702759697724,18.0031718971192,-1.31137198454125,22.5115714786377,supp_race_primary_hisp
36,3793,0.10042410966975,0.112258786379439,0.0118346767096899,1.11784696671555,0.0030734622884466,0.00253991960461301,0.00402869905118441,0.0384462621435778,0.0945586857758652,0.106610523834806,0.107376220251787,0.117334186528215,0.00393857166481777,0.019730781754562,1.03670891937316,1.20533528519337,100.42410966975,112.258786379439,11.8346767096899,94.5586857758653,106.610523834806,107.376220251787,117.334186528215,3.93857166481777,19.730781754562,-0.870080197313036,24.5394336166929,supp_race_primary_hisp
37,3054,0.105245495892539,0.118499575188761,0.0132540792962221,1.12593488380496,0.00328324007344938,0.0026781715169508,0.00427697110853065,0.0388749468959775,0.0989818657416614,0.111856285600729,0.113350256020953,0.12385014416739,0.00487136996058364,0.0216367886318605,1.04333279777608,1.21507669007542,105.245495892539,118.499575188761,13.2540792962221,98.9818657416614,111.856285600729,113.350256020953,123.85014416739,4.87136996058364,21.6367886318605,-0.233619224267278,26.7417778167114,supp_race_primary_hisp
38,2442,0.110375575794053,0.125132404275298,0.0147568284812444,1.13369650282757,0.00367242955349303,0.00293688708680649,0.0047366043413904,0.0410036520812673,0.103380657423947,0.117781610649199,0.119488751650884,0.131002957193383,0.00547325456310316,0.0240404023993857,1.04615114572033,1.22856794238704,110.375575794053,125.132404275298,14.7568284812444,103.380657423947,117.781610649199,119.488751650884,131.002957193383,5.47325456310316,24.0404023993857,-0.180352469099369,29.6940094315882,supp_race_primary_hisp
39,1830,0.11412550299891,0.130402331177907,0.0162768281789976,1.14262218129416,0.00441484720142091,0.00349012090145185,0.00565374383116034,0.0472490841466237,0.10575414287957,0.123068331343346,0.12371298940829,0.137396662588521,0.00519569389210782,0.0273579624658874,1.04155967463046,1.25349078020771,114.12550299891,130.402331177907,16.2768281789976,105.75414287957,123.068331343346,123.71298940829,137.396662588521,5.19569389210782,27.3579624658874,-1.55261007806016,34.1062664360553,supp_race_primary_hisp
40,1291,0.120604208251495,0.138851612173225,0.0182474039217305,1.15129989397782,0.00572345599226136,0.00452818041373703,0.00732320237162481,0.057771552494851,0.109828881090919,0.132279608783697,0.130212096677424,0.147966839148935,0.00389419102184758,0.0326006168216134,1.02804761534316,1.28932884634035,120.604208251495,138.851612173225,18.2474039217305,109.828881090919,132.279608783697,130.212096677424,147.966839148935,3.89419102184758,32.6006168216134,-4.84677728421675,41.3415851276778,supp_race_primary_hisp
41,883,0.124072165306923,0.144072212712103,0.0200000474051805,1.1611968917904,0.0073892753702027,0.00590891994140608,0.00947925210612812,0.0724434741280085,0.110299782556529,0.139294974384827,0.132873514217535,0.156044898203993,0.00142105467679389,0.038579040133567,1.0074926063858,1.33835048809018,124.072165306923,144.072212712103,20.0000474051805,110.299782556529,139.294974384827,132.873514217535,156.044898203993,1.42105467679389,38.579040133567,-9.89337281273016,49.8934676230911,supp_race_primary_hisp
42,497,0.130062384320145,0.152125043847563,0.0220626595274176,1.16963136300124,0.00954075721101483,0.00771119666592041,0.0122688871854553,0.0891757933988628,0.112477948402575,0.149931501857409,0.137619261061201,0.167862194784596,-0.00198391748645976,0.046109236541295,0.982069972033897,1.39301431086717,130.062384320145,152.125043847563,22.0626595274176,112.477948402575,149.931501857409,137.619261061201,167.862194784596,-1.98391748645976,46.109236541295,-16.6280511040522,60.7533701588875,supp_race_primary_hisp
43,312,0.136908228397849,0.161031966295536,0.0241237378976878,1.17620371090907,0.0119677116828796,0.00978854072957411,0.0154705987464382,0.106535021842825,0.115095679060224,0.162097379418608,0.14275715035428,0.181151837777243,-0.00619807846460159,0.0544455542599772,0.954552391985451,1.44932345376948,136.908228397849,161.031966295536,24.1237378976878,115.095679060224,162.097379418608,142.75715035428,181.151837777243,-6.19807846460159,54.4455542599772,-24.6637723586312,72.9112481540068,supp_race_primary_hisp
44,166,0.150405197110206,0.178371036280233,0.0279658391700271,1.18593665449962,0.0156281697209107,0.0128881899866368,0.0202658977434135,0.126613346904686,0.122267135081946,0.183663836531638,0.154493421938872,0.205044080405815,-0.0117545905214348,0.067686268861489,0.925311619930356,1.51996983307267,150.405197110206,178.371036280233,27.9658391700271,122.267135081946,183.663836531638,154.493421938872,205.044080405815,-11.7545905214348,67.6862688614891,-35.9439493401253,91.8756276801795,supp_race_primary_hisp
45,78,0.147863111979673,0.177369895972914,0.0295067839932414,1.19955473409283,0.0181894393130288,0.0152341705244965,0.0236969003092221,0.149855450966428,0.115637907920985,0.187168013475035,0.149452014917282,0.209220057287413,-0.0169382871580701,0.0759518551445528,0.894258090383596,1.609078604441,147.863111979673,177.369895972914,29.5067839932414,115.637907920985,187.168013475035,149.452014917282,209.220057287413,-16.9382871580701,75.9518551445528,-45.2228878072967,104.236455793779,supp_race_primary_hisp
15,79,0.121486309278106,0.0747906354606833,-0.0466956738174223,0.615630155406838,0.0161431478104114,0.00811983036885201,0.0180605365765676,0.171480569484245,0.0932243551639034,0.156834284557635,0.0603516874870149,0.092344564953241,-0.0820936750489631,-0.0112976725858815,0.439901415408677,0.861557783109537,121.486309278106,74.7906354606833,-46.6956738174223,93.2243551639034,156.834284557635,60.3516874870149,92.344564953241,-82.0936750489631,-11.2976725858815,-103.650716599252,10.2593689644078,supp_race_primary_nhb
16,302,0.117159161319689,0.0791764005226049,-0.0379827607970838,0.675802042544147,0.0122989276346481,0.00676429728320849,0.0140301134723339,0.13527733503585,0.095119781219466,0.143495301281256,0.0668924700748137,0.0934901027714347,-0.0654812779018685,-0.0104842436922991,0.518407437565083,0.880983503732051,117.159161319689,79.1764005226049,-37.9827607970838,95.1197812194661,143.495301281256,66.8924700748137,93.4901027714347,-65.4812779018685,-10.4842436922991,-82.2276097617304,6.26208816756278,supp_race_primary_nhb
17,728,0.107597712781732,0.0795034941020443,-0.0280942186796879,0.738895763177805,0.00849028571648307,0.00508906415036438,0.00988988128230757,0.101505965815711,0.0920530529886025,0.125404783662502,0.070083557835115,0.0900669334360888,-0.0474780298043876,-0.00871040755498829,0.605593411399331,0.90154043714009,107.597712781732,79.5034941020443,-28.0942186796879,92.0530529886025,125.404783662502,70.083557835115,90.0669334360888,-47.4780298043876,-8.71040755498829,-59.2825839396585,3.09414658028261,supp_race_primary_nhb
18,2000,0.102363376655732,0.0821837621992246,-0.0201796144565077,0.802862946536283,0.00572062567613693,0.00371666257683071,0.00682317094608957,0.0719050958047182,0.0916826492812573,0.114132028516271,0.0751869948808021,0.089768435478542,-0.0335527837712033,-0.00680644514181206,0.697325724066047,0.924372769675524,102.363376655732,82.1837621992246,-20.1796144565077,91.6826492812573,114.132028516271,75.1869948808022,89.768435478542,-33.5527837712033,-6.80644514181206,-41.696914980484,1.33768606746861,supp_race_primary_nhb
19,4383,0.0955997370105828,0.0826278063860338,-0.012971930624549,0.864309975841115,0.00367698088598848,0.0025390361393429,0.00446992086758563,0.0492470772717468,0.0886318930425654,0.103053421183514,0.0777858024567581,0.0877425383144533,-0.0217328145387609,-0.00421104671033714,0.784784356540584,0.951894272754706,95.5997370105828,82.6278063860338,-12.971930624549,88.6318930425654,103.053421183514,77.7858024567581,87.7425383144533,-21.7328145387609,-4.21104671033714,-27.0681083967555,1.12424714765748,supp_race_primary_nhb
20,6416,0.0900214977474342,0.0827798212972898,-0.00724167645014441,0.919556143461845,0.00261141060482635,0.00183191121021172,0.00319319550093122,0.0365250156749552,0.0850326431036433,0.0952725704481993,0.0792594529864897,0.0864418698929638,-0.0135002246275649,-0.00098312827272389,0.856028256570142,0.987798585488791,90.0214977474342,82.7798212972898,-7.24167645014441,85.0326431036434,95.2725704481993,79.2594529864897,86.4418698929638,-13.5002246275649,-0.98312827272389,-17.3116201417537,2.82826724146483,supp_race_primary_nhb
21,8468,0.0868364596520061,0.0836732741603432,-0.00316318549166289,0.963573071675892,0.00232515253684767,0.00161912570078314,0.00283877142309571,0.0331004368064578,0.0823861417516683,0.091503201924317,0.0805540407943422,0.0869018753161217,-0.00872707524127199,0.00240070425794621,0.903045248096151,1.02815785412345,86.8364596520061,83.6732741603432,-3.16318549166289,82.3861417516683,91.503201924317,80.5540407943422,86.9018753161217,-8.72707524127199,2.40070425794621,-12.1154304687044,5.78905948537867,supp_race_primary_nhb
22,10246,0.0838915110689545,0.0832546335807358,-0.000636877488218737,0.992408320220919,0.00219375394919934,0.00154649095458592,0.00269158465430244,0.0321660269874152,0.0796907211722651,0.0882924956079778,0.0802733011494584,0.0863362979926432,-0.00591228647199222,0.00463853149555474,0.931774079471334,1.05698827188078,83.8915110689545,83.2546335807358,-0.636877488218737,79.6907211722651,88.2924956079778,80.2733011494584,86.3362979926433,-5.91228647199222,4.63853149555474,-9.12495969368373,7.85120471724625,supp_race_primary_nhb
23,11981,0.0818390050305569,0.0824510520494109,0.000612047018854034,1.00747867130869,0.00196711735124767,0.00140594303070311,0.00242622546719465,0.0295718503034895,0.078065320781042,0.0857781368567417,0.0797370316623135,0.0852488925022649,-0.00414326751522135,0.00536736155292941,0.950745450976757,1.06759729652048,81.8390050305569,82.4510520494109,0.612047018854034,78.065320781042,85.7781368567417,79.7370316623135,85.2488925022649,-4.14326751522135,5.36736155292941,-7.03920823021339,8.26330226792146,supp_race_primary_nhb
24,13433,0.0815381928807227,0.0825108488917514,0.000972656011028666,1.0119288394391,0.00171742782827847,0.00121453342727525,0.00211234789056877,0.0258043970106321,0.0782347853287338,0.0849682268189443,0.0801614431409214,0.0849227548701474,-0.00316746977730528,0.00511278179936262,0.962022502564845,1.06442414118015,81.5381928807227,82.5108488917514,0.972656011028666,78.2347853287338,84.9682268189443,80.1614431409214,84.9227548701474,-3.16746977730528,5.11278179936262,-5.68876647591705,7.63407849797438,supp_race_primary_nhb
25,14533,0.0837841535980505,0.0845712662021054,0.000787112604054965,1.00939452832371,0.0015907459925002,0.00107190003336404,0.00192827014886274,0.022947638700345,0.0807185925803351,0.0869551269620081,0.0824939267149944,0.0866959737707931,-0.00299222744017969,0.00456645264828962,0.965001260723204,1.05583003388645,83.7841535980505,84.5712662021054,0.787112604054965,80.7185925803351,86.9551269620081,82.4939267149944,86.6959737707931,-2.99222744017969,4.56645264828962,-5.29380909823231,6.86803430634224,supp_race_primary_nhb
26,15142,0.0871059553908949,0.0874412474421472,0.00033529205125224,1.00384924371414,0.00167342649117817,0.00105956070286215,0.00199100691827887,0.0228320569955698,0.0838814711589079,0.0904421549257099,0.085386722007551,0.0895403680164511,-0.00356700980154444,0.00423759390404892,0.959917289433142,1.04979180518826,87.1059553908949,87.4412474421472,0.33529205125224,83.8814711589079,90.44215492571,85.386722007551,89.5403680164511,-3.56700980154444,4.23759390404892,-5.94347401578807,6.61405811829255,supp_race_primary_nhb
27,15599,0.090460257768722,0.0903823730563655,-7.78847123565213e-05,0.999139017351071,0.0018548728390759,0.00114435551532999,0.00218966466840803,0.0242116152012897,0.0868899621752281,0.094162127914679,0.0881644007253616,0.0926504738634936,-0.0043695486006561,0.00421377917594306,0.952833361572243,1.04769502858929,90.460257768722,90.3823730563655,-0.0778847123565213,86.8899621752281,94.162127914679,88.1644007253616,92.6504738634936,-4.3695486006561,4.21377917594306,-6.9831305414781,6.82736111676506,supp_race_primary_nhb
28,15475,0.0943717844775431,0.0942045356417478,-0.000167248835795275,0.998227766522365,0.00196558261063159,0.00121137883123369,0.00231930277068528,0.024588336935282,0.0905891167879446,0.0982953300888357,0.0918569350312491,0.0966057517940716,-0.00471299873558238,0.00437850106399183,0.951261709229083,1.04751264997702,94.3717844775431,94.2045356417478,-0.167248835795275,90.5891167879446,98.2953300888357,91.8569350312491,96.6057517940716,-4.71299873558238,4.37850106399183,-7.48131660827681,7.14681893668626,supp_race_primary_nhb
29,14527,0.099556291959327,0.099646377200901,9.00852415739173e-05,1.00090486738508,0.00197400641906233,0.00122084797340799,0.0023329254133938,0.0234273217993438,0.0957536213291782,0.103492694294179,0.0972789779170271,0.10206487596828,-0.00448236454729615,0.00466253503044398,0.955985772138732,1.04793458517055,99.556291959327,99.646377200901,0.0900852415739173,95.7536213291782,103.492694294179,97.2789779170271,102.06487596828,-4.48236454729615,4.66253503044398,-7.26694239508309,7.44711287823092,supp_race_primary_nhb
30,13627,0.104554812744922,0.105202454070151,0.000647641325229389,1.00619427559791,0.00193637178333669,0.00118513747518056,0.00228303301114505,0.0217988594594563,0.100819975564998,0.108411324427488,0.102902153162062,0.107548011854268,-0.00382702115213095,0.00512230380258973,0.964110070845124,1.05011549081581,104.554812744922,105.202454070151,0.647641325229389,100.819975564998,108.411324427488,102.902153162062,107.548011854268,-3.82702115213095,5.12230380258973,-6.5520474697759,7.84733012023468,supp_race_primary_nhb
31,12633,0.108836731823776,0.1102729619527,0.00143623012892344,1.01319618941929,0.00196946254173059,0.00117092297258244,0.00230518168615657,0.0211076832047369,0.105036320981158,0.11275732414001,0.10799883009755,0.112588935961189,-0.00308184295376475,0.00595430321161163,0.972135169735347,1.05599154337071,108.836731823776,110.2729619527,1.43623012892344,105.036320981158,112.75732414001,107.99883009755,112.588935961189,-3.08184295376475,5.95430321161163,-5.83330591162152,8.7057661694684,supp_race_primary_nhb
32,11477,0.114919386941235,0.117319785664644,0.002400398723409,1.02088767428455,0.00219251513645069,0.00126561452906666,0.00254517121442895,0.0220338421922702,0.110691548647134,0.119287046314879,0.114861875113102,0.119823172544935,-0.00258804519135981,0.0073888426381778,0.977738507542031,1.06594108288337,114.919386941235,117.319785664644,2.400398723409,110.691548647134,119.287046314879,114.861875113102,119.823172544935,-2.58804519135981,7.3888426381778,-5.62595945207068,10.4267568988887,supp_race_primary_nhb
33,10196,0.120826668175173,0.12426229607826,0.00343562790308685,1.02843435108304,0.00255858156088419,0.00146187269379799,0.00296012731196623,0.0243324222197387,0.115901023170237,0.125931829121754,0.12142530852305,0.127155973960992,-0.00236611501802031,0.00923737082419401,0.980538789782155,1.07866942696125,120.826668175173,124.26229607826,3.43562790308685,115.901023170238,125.931829121754,121.42530852305,127.155973960992,-2.36611501802031,9.23737082419401,-5.89932053423922,12.7705763404129,supp_race_primary_nhb
34,8719,0.125798181083909,0.130180470021775,0.00438228893786594,1.03483586885046,0.00293410602367792,0.001681898463993,0.00339310548493121,0.0267493780032307,0.120159069345633,0.131662336056825,0.126919349817762,0.133512569175957,-0.00226807560834454,0.0110326534840764,0.981979364914389,1.09053745294623,125.798181083909,130.180470021775,4.38228893786594,120.159069345633,131.662336056825,126.919349817762,133.512569175957,-2.26807560834454,11.0326534840764,-6.31808351442624,15.0826613901581,supp_race_primary_nhb
35,7449,0.131100596600095,0.136252519288007,0.00515192268791195,1.03929747706357,0.00323291494833821,0.00187070038729539,0.00374695690228292,0.0283118304666984,0.124893176109407,0.137568037486459,0.132627388458747,0.139960747783426,-0.00219197789218633,0.0124958232680102,0.983197576173255,1.09859836110942,131.100596600095,136.252519288007,5.15192268791195,124.893176109407,137.568037486459,132.627388458747,139.960747783426,-2.19197789218633,12.4958232680102,-6.66434255794352,16.9681879337674,supp_race_primary_nhb
36,6376,0.138944232632153,0.144612290896952,0.00566805826479855,1.04079376421333,0.00344439897247174,0.0019978249421749,0.00399655282765605,0.0284820022048956,0.132329847323968,0.145833663946256,0.14074050555715,0.148572172535782,-0.00216504133971903,0.0135011578693161,0.984284752007894,1.10054702911488,138.944232632153,144.612290896952,5.66805826479855,132.329847323968,145.833663946256,140.74050555715,148.572172535782,-2.16504133971903,13.5011578693161,-6.93532349598048,18.2714400255776,supp_race_primary_nhb
37,5008,0.144470817069785,0.150249622824926,0.00577880575514084,1.03999981361183,0.00362860129519974,0.00208344898698016,0.00419735798796877,0.0287785064427723,0.137503346894533,0.151729229676241,0.146211651800078,0.154378947447327,-0.00244786473149946,0.0140054762417811,0.982962505764835,1.10034676396031,144.470817069785,150.249622824926,5.77880575514084,137.503346894533,151.729229676241,146.211651800078,154.378947447327,-2.44786473149946,14.0054762417811,-7.45782776136187,19.0154392716435,supp_race_primary_nhb
38,3888,0.152826973691342,0.158448404331675,0.0056214306403336,1.03678297426531,0.00412227668950273,0.00232145309053737,0.0047447753383453,0.0307834087322826,0.144921301779597,0.161082668331767,0.153951288109969,0.163051570001704,-0.00367815813755704,0.0149210194182242,0.976079005700257,1.10126222308742,152.826973691342,158.448404331675,5.6214306403336,144.921301779597,161.082668331767,153.951288109969,163.051570001704,-3.67815813755704,14.9210194182242,-9.34151806498044,20.5843793456476,supp_race_primary_nhb
39,2951,0.162177793627254,0.167309644668881,0.00513185104162689,1.03164336452512,0.0051442055399487,0.00284953984245529,0.00589591759718162,0.0360943730058794,0.152346297947916,0.172514627427588,0.161798884277791,0.172969365953303,-0.00642393510466502,0.0166876371879188,0.961182827649362,1.10726908653945,162.177793627254,167.309644668881,5.13185104162689,152.346297947916,172.514627427588,161.798884277791,172.969365953303,-6.42393510466502,16.6876371879188,-13.4612974820613,23.7249995653151,supp_race_primary_nhb
40,2097,0.171338618420527,0.17563013739504,0.00429151897451321,1.02504700349562,0.00677811774889507,0.00372101128174103,0.00774467446300683,0.0449466631113344,0.15845921440671,0.18503467557835,0.16845582803275,0.183042733444103,-0.0108877640449673,0.0194708019939937,0.938609858454984,1.11944419708621,171.338618420527,175.63013739504,4.29151897451321,158.45921440671,185.03467557835,168.45582803275,183.042733444103,-10.8877640449673,19.4708019939937,-20.1318010914143,28.7148390404407,supp_race_primary_nhb
41,1371,0.181721080665324,0.184867245536398,0.00314616487107444,1.01731315299004,0.00902487038493323,0.00493549113925575,0.0102991586255585,0.0564543863555466,0.164697265294059,0.200083054221774,0.175388857709079,0.194736898904585,-0.0170398151060853,0.0233321448482342,0.910752975529113,1.13634111449956,181.721080665324,184.867245536398,3.14616487107444,164.697265294059,200.083054221774,175.388857709079,194.736898904585,-17.0398151060853,23.3321448482342,-29.3328823404355,35.6252120825844,supp_race_primary_nhb
42,880,0.180602589815343,0.182240097557102,0.00163750774175889,1.00906691173938,0.0113572563359872,0.00619177047332901,0.0129406927139843,0.0715057160686134,0.159401318777433,0.203939609370613,0.170416916324241,0.19469104218237,-0.0237257839126502,0.027000799396168,0.877110256796799,1.16087575590071,180.602589815343,182.240097557102,1.63750774175889,159.401318777433,203.939609370613,170.416916324241,194.69104218237,-23.7257839126502,27.000799396168,-39.1717840545741,42.4467995380919,supp_race_primary_nhb
43,467,0.188315273830446,0.18830807679279,-7.1970376561703e-06,0.999961781975993,0.0144417577810256,0.00786436610408807,0.0164508575171373,0.0873588271786964,0.161626587822422,0.218263622597409,0.173376198950865,0.204208259027516,-0.0322502852860453,0.032235891210733,0.84260383862554,1.18670663433445,188.315273830446,188.30807679279,-0.0071970376561703,161.626587822422,218.263622597409,173.376198950865,204.208259027516,-32.2502852860453,32.235891210733,-51.8860152396576,51.8716211643452,supp_race_primary_nhb
44,215,0.202524125990775,0.200643802674872,-0.00188032331590218,0.990715558915742,0.0180664175120053,0.00979376118549602,0.0205473359742567,0.101672893564781,0.169407027952202,0.240242673520482,0.182133650533795,0.220527895293226,-0.0421523618036896,0.0383917151718853,0.811717407474304,1.2091859921198,202.524125990775,200.643802674872,-1.88032331590218,169.407027952202,240.242673520482,182.133650533795,220.527895293226,-42.1523618036896,38.3917151718853,-66.6776450624103,62.916998430606,supp_race_primary_nhb
45,79,0.213971349591223,0.210087036888827,-0.00388431270239653,0.981846575675588,0.0216542944278892,0.0117389456027778,0.0246033191432547,0.115469165053878,0.174581607143146,0.259454807094734,0.188002180257487,0.234018539688937,-0.0521059321233206,0.0443373067185275,0.782989788763168,1.23120724178112,213.971349591223,210.087036888827,-3.88431270239653,174.581607143146,259.454807094734,188.002180257487,234.018539688937,-52.1059321233206,44.3373067185275,-81.4724335446735,73.7038081398805,supp_race_primary_nhb
15,832,0.0697104870720925,0.0650868667240303,-0.00462362034806219,0.933673962953658,0.00385853748544359,0.00238142740203767,0.00453077766206004,0.0662984111261167,0.0625169992638237,0.0776631203078814,0.0605721772147756,0.0699130118424964,-0.0135037813876585,0.00425654069153408,0.819901985455282,1.06323327002741,69.7104870720925,65.0868667240303,-4.62362034806219,62.5169992638237,77.6631203078814,60.5721772147756,69.9130118424964,-13.5037813876585,4.25654069153408,-18.9117138653054,9.66447316918105,supp_race_primary_nhw
16,2970,0.0716637089043959,0.06497011551009,-0.00669359339430592,0.90659716756726,0.0031004307389788,0.00186546966208249,0.00361499143532045,0.0518739075984168,0.0658196842721165,0.0779833000633289,0.0614081983109762,0.068723510332078,-0.0137788464119547,0.000391659623342908,0.818953432805481,1.00362046401752,71.6637089043959,64.97011551009,-6.69359339430592,65.8196842721166,77.9833000633289,61.4081983109762,68.723510332078,-13.7788464119547,0.391659623342908,-18.0936972052723,4.70651041666042,supp_race_primary_nhw
17,8341,0.0751709028589153,0.0663057684760846,-0.00886513438283071,0.882066942850623,0.00239243434297797,0.00140676404278015,0.00277210490981409,0.0382023660570488,0.0706141170366176,0.0799964312670586,0.0636012467452356,0.0691168061952403,-0.014298360167433,-0.00343190859822844,0.818433944512382,0.950647388083833,75.1709028589153,66.3057684760846,-8.86513438283071,70.6141170366176,79.9964312670586,63.6012467452356,69.1168061952403,-14.298360167433,-3.43190859822844,-17.6071422996403,-0.12312646602114,supp_race_primary_nhw
18,22873,0.0793858028776597,0.0683262103301272,-0.0110595925475324,0.860685511179169,0.00174501091361783,0.00100688436196388,0.00201587859170004,0.0264810351548618,0.0760322667847778,0.0828739856447436,0.0663789678604092,0.0703262727574995,-0.0150106419844698,-0.00710854311059501,0.817153780172118,0.906536281332157,79.3858028776597,68.3262103301272,-11.0595925475324,76.0322667847778,82.8739856447436,66.3789678604092,70.3262727574995,-15.0106419844698,-7.10854311059501,-17.4167930075794,-4.70239208748542,supp_race_primary_nhw
19,46715,0.0836131896921766,0.0705106624429958,-0.0131025272491809,0.843295928579952,0.00123417092602119,0.000704031936704775,0.0014229207534161,0.0178483039739193,0.0812258395632737,0.0860641348320456,0.0691432011317386,0.0719030793247881,-0.015891400678731,-0.0103136538196307,0.81430574666584,0.873318192916243,83.6131896921766,70.5106624429958,-13.1025272491809,81.2258395632737,86.0641348320456,69.1432011317386,71.9030793247881,-15.891400678731,-10.3136538196307,-17.5897977155033,-8.61525678285844,supp_race_primary_nhw
20,62937,0.0835196160742691,0.069304247897681,-0.0142153681765881,0.829796054570615,0.000937691084463919,0.000527047165424761,0.00107934868254419,0.0136109116520837,0.0817000579270655,0.0853759303988262,0.0682783526194634,0.0703443936804448,-0.0163308527211354,-0.0120998836320407,0.807952327835996,0.852230346343811,83.5196160742691,69.304247897681,-14.2153681765881,81.7000579270655,85.3759303988262,68.2783526194634,70.3443936804448,-16.3308527211354,-12.0998836320407,-17.6191624177058,-10.8115739354704,supp_race_primary_nhw
21,73564,0.0828120894917157,0.0680362275205904,-0.0147758619711253,0.821573612478364,0.000882137948017591,0.000488465840979089,0.0010131380856822,0.0129125852531944,0.0810994687627168,0.0845575485080177,0.0670850736962838,0.0689998696821075,-0.0167615761304283,-0.0127901478118223,0.8010419668911,0.842631508234713,82.8120894917157,68.0362275205904,-14.7758619711253,81.0994687627168,84.5575485080177,67.0850736962838,68.9998696821075,-16.7615761304283,-12.7901478118223,-17.9708569132356,-11.580867029015,supp_race_primary_nhw
22,84268,0.0814767066969216,0.0667141608070651,-0.0147625458898565,0.818812682933167,0.000857649893096962,0.000472600545835664,0.000984310396119213,0.0127599711236306,0.0798114679958034,0.0831735495475438,0.0657938300990594,0.0676464330026806,-0.0166917588158585,-0.0128333329638545,0.798588871467887,0.839548650984641,81.4767066969216,66.7141608070651,-14.7625458898565,79.8114679958034,83.1735495475438,65.7938300990594,67.6464330026806,-16.6917588158585,-12.8333329638545,-17.8666308921983,-11.6584608875146,supp_race_primary_nhw
23,90137,0.0808922787749822,0.0664623069159505,-0.0144299718590317,0.821614966501667,0.000787838265036434,0.000434439417321588,0.000905019192471268,0.0118056859549061,0.0793615234336668,0.082449915658395,0.0656158706523895,0.067318875430907,-0.0162037768815929,-0.0126561668364705,0.802822108235631,0.84084773731892,80.8922787749822,66.4623069159505,-14.4299718590317,79.3615234336668,82.449915658395,65.6158706523895,67.318875430907,-16.2037768815929,-12.6561668364705,-17.284007042707,-11.5759366753564,supp_race_primary_nhw
24,94393,0.0803300483644327,0.0665869184781462,-0.0137431298862865,0.828916698469567,0.000696430812904935,0.000382246140545506,0.000800680074379741,0.0104870613557966,0.0789756098549596,0.0817056549498253,0.0658416324518884,0.0673400325428084,-0.0153124339952096,-0.0121738257773634,0.812052832881646,0.846130775215004,80.3300483644327,66.5869184781462,-13.7431298862865,78.9756098549596,81.7056549498253,65.8416324518884,67.3400325428084,-15.3124339952096,-12.1738257773634,-16.2681250710931,-11.2181347014799,supp_race_primary_nhw
25,98086,0.0807228462208191,0.0678513210826196,-0.0128715251381994,0.840546688567087,0.000654348390892742,0.000353009133211663,0.000750750250690643,0.00973426299687719,0.0794496049028917,0.0820146742993035,0.0671626981687948,0.0685464856689532,-0.0143429685909375,-0.0114000816854613,0.824662073858875,0.856737272219945,80.7228462208191,67.8513210826196,-12.8715251381994,79.4496049028917,82.0146742993035,67.1626981687948,68.5464856689532,-14.3429685909375,-11.4000816854613,-15.2390634704787,-10.5039868059202,supp_race_primary_nhw
26,98551,0.0814704837258683,0.0697099337399475,-0.0117605499859209,0.855646493698347,0.000688743562078343,0.000367082686573561,0.000788140380830349,0.0100657394488426,0.080130722476326,0.0828306283067196,0.0689938904555476,0.0704328461780672,-0.01330527674711,-0.0102158232247317,0.838931307948833,0.872694719152058,81.4704837258683,69.7099337399475,-11.7605499859209,80.1307224763261,82.8306283067196,68.9938904555476,70.4328461780672,-13.30527674711,-10.2158232247317,-14.2460004551235,-9.2750995167183,supp_race_primary_nhw
27,98067,0.0826216689132881,0.0721736756393078,-0.0104479932739803,0.87354415117243,0.000753738598277698,0.000405667158677233,0.000863785489517506,0.0108199251868051,0.0811563352498244,0.0841110382554398,0.0713826103038536,0.0729728186961574,-0.0121409817238029,-0.00875500482415766,0.855214239229271,0.892266930372041,82.6216689132881,72.1736756393078,-10.4479932739803,81.1563352498244,84.1110382554398,71.3826103038536,72.9728186961574,-12.1409817238029,-8.75500482415766,-13.1719953711064,-7.72399117685413,supp_race_primary_nhw
28,94556,0.084296001397575,0.0753504051542882,-0.00894559624328678,0.893878759431356,0.000780589893649161,0.000429620388763582,0.000899674100641798,0.0109864228799812,0.0827786251919253,0.0858385889003554,0.0745126742383411,0.0761967790749574,-0.0107089250783682,-0.00718226740820539,0.874836627034827,0.913335372423463,84.296001397575,75.3504051542882,-8.94559624328678,82.7786251919253,85.8385889003554,74.5126742383411,76.1967790749574,-10.7089250783682,-7.18226740820539,-11.7827753422865,-6.10841714428703,supp_race_primary_nhw
29,89800,0.0868106717387431,0.0795095144997102,-0.00730115723903294,0.915895625586151,0.000769510899288365,0.000432020135890528,0.000892598212523745,0.0105213134479995,0.0853142664742396,0.0883307891851714,0.0786668792894584,0.0803603882928178,-0.0090506175882443,-0.00555169688982157,0.897201986619199,0.934978755596413,86.8106717387431,79.5095144997102,-7.30115723903294,85.3142664742396,88.3307891851714,78.6668792894584,80.3603882928178,-9.0506175882443,-5.55169688982157,-10.1160220779455,-4.48629240012034,supp_race_primary_nhw
30,83191,0.0886666351327724,0.0832504875646851,-0.00541614756808735,0.938915607206961,0.000743451177568237,0.000420862040059206,0.000866507170580746,0.00993504333405923,0.0872202652293582,0.0901346216608704,0.0824293198874068,0.0840790861805593,-0.00711447041477132,-0.00371782472140338,0.920809590608292,0.957377645116024,88.6666351327724,83.2504875646851,-5.41614756808735,87.2202652293582,90.1346216608704,82.4293198874068,84.0790861805593,-7.11447041477132,-3.71782472140338,-8.14873265834541,-2.68356247782929,supp_race_primary_nhw
31,75881,0.0908668795282003,0.0874578328041404,-0.00340904672405991,0.962483065977831,0.000757308390026858,0.000425511252614516,0.000882286432006374,0.00980474032893736,0.0893934533026907,0.0923621281963117,0.0866274334639922,0.0882954227443879,-0.00513829635484075,-0.00167979709327907,0.944163673721015,0.981157905221223,90.8668795282003,87.4578328041404,-3.40904672405991,89.3934533026907,92.3621281963117,86.6274334639922,88.2954227443879,-5.13829635484075,-1.67979709327907,-6.19139271182797,-0.626700736291844,supp_race_primary_nhw
32,68099,0.0934834219988997,0.0921638821590451,-0.00131953983985461,0.985884771741987,0.000835175183254948,0.000467004799045364,0.000971276020633631,0.0104265808672224,0.0918593121165799,0.0951332387404726,0.0912526442043134,0.0930832875605785,-0.00322320585934391,0.000584126179634688,0.965941970471812,1.00623931133047,93.4834219988998,92.1638821590451,-1.31953983985461,91.8593121165799,95.1332387404726,91.2526442043134,93.0832875605785,-3.22320585934391,0.584126179634688,-4.38252011586297,1.74344043615375,supp_race_primary_nhw
33,60260,0.0958159328118061,0.0966175052095519,0.000801572397745781,1.00836575269084,0.000956968487343776,0.000539525367208431,0.00111275074354337,0.0115896207304706,0.0939566512121005,0.0977080394607818,0.0955652104418406,0.0976801356612303,-0.00137937898336939,0.00298252377886095,0.98571867407741,1.03153315234841,95.8159328118061,96.6175052095519,0.801572397745781,93.9566512121005,97.7080394607818,95.5652104418406,97.6801356612304,-1.37937898336939,2.98252377886095,-2.70755735237765,4.31070214786921,supp_race_primary_nhw
34,52479,0.099024177442784,0.101913367090671,0.00288918964788711,1.02917660840512,0.0010887495612169,0.000624238060263983,0.00126913225865198,0.0127253883217575,0.0969106381055949,0.101178647040352,0.100696377196218,0.103143378282063,0.000401736129311261,0.00537664316646295,1.00382506739679,1.05516840103932,99.024177442784,101.913367090671,2.88918964788711,96.9106381055949,101.178647040352,100.696377196218,103.143378282063,0.401736129311261,5.37664316646295,-1.11309908705044,6.89147838282465,supp_race_primary_nhw
35,44124,0.102144472532567,0.10700385686652,0.00485938433395237,1.04757363970334,0.00118835053116095,0.000691940066679594,0.00138945049538675,0.0134458310608565,0.0998387692235705,0.104497242896538,0.105655224175328,0.108367618248273,0.002136111404693,0.00758265726321175,1.02032716529344,1.07554769482757,102.144472532567,107.00385686652,4.85938433395237,99.8387692235706,104.497242896538,105.655224175328,108.367618248273,2.136111404693,7.58265726321175,0.477664440277578,9.24110422762717,supp_race_primary_nhw
36,36882,0.105697316533514,0.11234499129407,0.00664767476055574,1.06289350551722,0.00125324695674972,0.000733489189022338,0.00146675974610562,0.0136679817353762,0.103266045911335,0.108178923010634,0.110915392859757,0.113790657646478,0.00377287848421562,0.00952247103689585,1.03479791810062,1.09175191050281,105.697316533514,112.34499129407,6.64767476055574,103.266045911335,108.178923010634,110.915392859757,113.790657646478,3.77287848421562,9.52247103689585,2.02215526195465,11.2731942591568,supp_race_primary_nhw
37,29041,0.109970430897002,0.118231067924886,0.00826063702788357,1.07511689242739,0.00134355368500722,0.000776985296644918,0.0015661908679217,0.0139944870252793,0.107364615365279,0.112631511256998,0.116716676916257,0.119762443873542,0.0051909593338415,0.0113303147219256,1.04602859449069,1.10501408706281,109.970430897002,118.231067924886,8.26063702788357,107.364615365279,112.631511256998,116.716676916257,119.762443873542,5.1909593338415,11.3303147219256,3.32155520665314,13.199718849114,supp_race_primary_nhw
38,22136,0.114219744164475,0.123878875930766,0.0096591317662915,1.08456621783693,0.00154611911380319,0.000873937348865228,0.00178783407893273,0.0153615798367325,0.111224242856613,0.117285274475105,0.122176133045733,0.125601954105752,0.00615504136125001,0.013163222171333,1.05239862600128,1.11771704353372,114.219744164475,123.878875930766,9.6591317662915,111.224242856613,117.285274475105,122.176133045733,125.601954105752,6.15504136125001,13.163222171333,4.0210840803473,15.2971794522357,supp_race_primary_nhw
39,16613,0.118128296267647,0.128974100653447,0.0108458043858002,1.09181377136962,0.00193379019748404,0.00107906512076072,0.00222435353664892,0.0184624026604591,0.114390481237029,0.121971426492562,0.12687390378423,0.131103842772854,0.006486151565084,0.0152054572065164,1.05301205302925,1.13204526759508,118.128296267647,128.974100653447,10.8458043858002,114.390481237029,121.971426492562,126.87390378423,131.103842772854,6.486151565084,15.2054572065164,3.83116501976251,17.8604437518379,supp_race_primary_nhw
40,11429,0.122845519597623,0.134751544901053,0.0119060253034299,1.09691867755884,0.00254154366995757,0.00141747531437317,0.00291755595594588,0.0232660758566161,0.117950405089664,0.127914327187277,0.131997444048429,0.137554003136324,0.00618772070689564,0.0176243298999641,1.04802178839441,1.1480969179284,122.845519597623,134.751544901053,11.9060253034299,117.950405089664,127.914327187277,131.997444048429,137.554003136324,6.18772070689564,17.6243298999642,2.70532832608342,21.1067222807764,supp_race_primary_nhw
41,7395,0.127273261791693,0.14002882290547,0.0127555611137776,1.10022184498308,0.00333025676990652,0.00186840658432796,0.0038234535304031,0.0294074049173594,0.120887776302392,0.133944647893825,0.136406742492027,0.143731074900976,0.00526172989762503,0.0202493923299302,1.03860075795254,1.16549896474588,127.273261791693,140.02882290547,12.7555611137776,120.887776302392,133.944647893825,136.406742492027,143.731074900976,5.26172989762503,20.2493923299302,0.698058919685336,24.8130633078699,supp_race_primary_nhw
42,4449,0.13329327539432,0.146871681645507,0.0135784062511869,1.10186865174569,0.00431573211829763,0.00243831009843491,0.00496127507106963,0.0364162778537722,0.125059353195075,0.141981346849324,0.142156755890067,0.15171533084677,0.003854485794494,0.0233023267078797,1.02596426816185,1.18338870404826,133.29327539432,146.871681645507,13.5784062511869,125.059353195075,141.981346849324,142.156755890067,151.71533084677,3.854485794494,23.3023267078797,-2.06728803520626,29.22410053758,supp_race_primary_nhw
43,2286,0.138347595984484,0.152577538639982,0.0142299426554981,1.10285645048067,0.00543006273864699,0.00308598438597487,0.00624877358590537,0.0441747546080552,0.12804438112218,0.149337878063778,0.146626915525042,0.158724740815168,0.0019825714795784,0.0264773138314178,1.01138700304457,1.20259835918935,138.347595984484,152.577538639982,14.2299426554981,128.04438112218,149.337878063778,146.626915525042,158.724740815168,1.9825714795784,26.4773138314178,-5.47595951470465,33.9358448257009,supp_race_primary_nhw
44,1196,0.140721348202461,0.155306482899105,0.0145851346966449,1.1036455014321,0.00656382444214886,0.00375150107703406,0.00756281484357757,0.0525445360676283,0.128341382948034,0.154084401771025,0.148094888626921,0.162802140648513,-0.000237710018512097,0.0294079794118018,0.995642913999408,1.22336369365456,140.721348202461,155.306482899105,14.5851346966449,128.341382948034,154.084401771025,148.094888626921,162.802140648513,-0.237710018512097,29.4079794118018,-9.26467957331866,38.4349489666084,supp_race_primary_nhw
45,504,0.139501131967366,0.154183782324138,0.0146826503567722,1.10525111982752,0.0076480956519753,0.00439344269012905,0.00882162673652476,0.0617970460482142,0.12517468652334,0.155176415161061,0.145768016671413,0.16299271546324,-0.00260742033187191,0.0319727210454164,0.979172533366628,1.24756362770911,139.501131967366,154.183782324138,14.6826503567722,125.17468652334,155.176415161061,145.768016671413,162.99271546324,-2.60742033187191,31.9727210454164,-13.1369067230536,42.502207436598,supp_race_primary_nhw
15,134,0.0665194395892451,0.0649853455924215,-0.00153409399682358,0.976937659031758,0.0108178673097438,0.00736788703817039,0.0130813146755929,0.19813594548552,0.0482051893073341,0.0911255269480303,0.0519531772917216,0.0810072330081955,-0.0271729996314209,0.0241048116377737,0.662541716544677,1.44052391842121,66.5194395892451,64.9853455924215,-1.53409399682358,48.2051893073341,91.1255269480303,51.9531772917216,81.0072330081955,-27.1729996314209,24.1048116377737,-42.7868460306488,39.7186580370017,supp_race_primary_other
16,427,0.067609314114694,0.0655854693715508,-0.00202384474314313,0.970065592742003,0.00854745034466442,0.00579811325585665,0.0103204008452489,0.154146279951257,0.0526620698654083,0.0864120978084478,0.0550963638352362,0.0779068216319085,-0.0222514587058477,0.0182037692195615,0.717119528799864,1.31223208465226,67.609314114694,65.5854693715509,-2.02384474314313,52.6620698654083,86.4120978084478,55.0963638352362,77.9068216319085,-22.2514587058477,18.2037692195615,-34.5698806360866,30.5221911498003,supp_race_primary_other
17,981,0.0715256212656676,0.0689216019418713,-0.00260401932379632,0.963593195309353,0.00663317980036247,0.00448830579318841,0.00800106752961128,0.113205810819583,0.0595661682467895,0.0856675133491435,0.0606277852518495,0.0782554860153168,-0.0182858235197073,0.0130777848721146,0.771849742436005,1.20296969085725,71.5256212656676,68.9216019418713,-2.60401932379632,59.5661682467895,85.6675133491435,60.6277852518495,78.2554860153168,-18.2858235197073,13.0777848721146,-27.8358911188218,22.6278524712292,supp_race_primary_other
18,2437,0.0757360279273332,0.0725413083724621,-0.00319471955487102,0.957817703907891,0.00483247391954992,0.00327231375569532,0.00584028986115549,0.0781981634704629,0.0667916532941847,0.0857681003347202,0.0663832873477582,0.0792221027736401,-0.0146414773420102,0.00825203823226817,0.821713576790909,1.1164653716715,75.7360279273332,72.5413083724621,-3.19471955487102,66.7916532941847,85.7681003347202,66.3832873477582,79.2221027736401,-14.6414773420102,8.25203823226817,-21.6124424996019,15.2230033898598,supp_race_primary_other
19,4575,0.0780342934921122,0.0743437091745132,-0.00369058431759897,0.952705609899934,0.00339256918740927,0.00229740021153283,0.00410334973957002,0.053419742080575,0.0716389441326041,0.0849483265618142,0.0699644199521215,0.0789738353545348,-0.011733002023128,0.00435183338793008,0.858000924142344,1.05786363813313,78.0342934921122,74.3437091745132,-3.69058431759897,71.6389441326041,84.9483265618143,69.9644199521215,78.9738353545348,-11.733002023128,4.35183338793008,-16.6307568852978,9.24958825009989,supp_race_primary_other
20,5973,0.0780775979096388,0.0740548384441248,-0.00402275946551402,0.948477417681706,0.00268994388800847,0.0017908740176971,0.00324260539276239,0.0422390070881389,0.0729656648299526,0.0835154057979195,0.0706204223830165,0.0776423237785068,-0.0103781492514037,0.00233263032037562,0.873118292671895,1.03034081338417,78.0775979096388,74.0548384441248,-4.02275946551402,72.9656648299526,83.5154057979196,70.6204223830165,77.6423237785068,-10.3781492514037,2.33263032037562,-14.2485203716982,6.20300144067019,supp_race_primary_other
21,6939,0.0784260089726319,0.0741424309504117,-0.00428357802222022,0.945380645039389,0.002632944573057,0.00172754468305099,0.00316619769193621,0.0410923590013953,0.073418391305005,0.0837443096706407,0.0708268234167833,0.0776002889289028,-0.010489211466349,0.0019220554219086,0.872225596204741,1.02467133262769,78.4260089726319,74.1424309504117,-4.28357802222022,73.418391305005,83.7443096706407,70.8268234167833,77.6002889289028,-10.489211466349,1.9220554219086,-14.2683824180058,5.70122637356537,supp_race_primary_other
22,7658,0.0783588679653942,0.0739382935058589,-0.00442057445953525,0.943585524212939,0.00260075424756572,0.00170115824847766,0.0031258926771252,0.0406265720727227,0.0734107945603536,0.0836103596788277,0.070672485719084,0.0773424560371301,-0.0105472115262381,0.00170606260716763,0.87136451263871,1.02179240557777,78.3588679653942,73.9382935058589,-4.42057445953525,73.4107945603536,83.6103596788277,70.672485719084,77.3424560371301,-10.5472115262381,1.70606260716763,-14.278274445485,5.43712552641448,supp_race_primary_other
23,8112,0.078052239514229,0.0736526447859648,-0.00439959472826416,0.943632690674275,0.00238527843060138,0.00156577421631229,0.00287359636106204,0.0374979445995794,0.0735034741419253,0.0828573305910025,0.0706420256439628,0.076780970057189,-0.0100317401020511,0.00123255064552279,0.876767957457523,1.0155967121464,78.052239514229,73.6526447859648,-4.39959472826416,73.5034741419253,82.8573305910025,70.6420256439628,76.780970057189,-10.0317401020511,1.23255064552279,-13.461662346695,4.66247289016671,supp_race_primary_other
24,8270,0.0783420716089354,0.0741256098831772,-0.00421646172575826,0.946178832916165,0.00212635836926469,0.00139221122701718,0.00256444314026595,0.0333097714147942,0.0742746077756671,0.0826124020826677,0.071442706982453,0.076900920386554,-0.00924267792108031,0.000809754469563785,0.886379900242917,1.01001205421428,78.3420716089354,74.1256098831772,-4.21646172575826,74.2746077756671,82.6124020826677,71.442706982453,76.900920386554,-9.24267792108031,0.809754469563785,-12.3035951365628,3.87067168504629,supp_race_primary_other
25,8271,0.0778013028091509,0.0740376584596482,-0.00376364434950269,0.951624918688893,0.00200561812961859,0.00128070836175623,0.00240089798829965,0.0313273461028797,0.0739601749438807,0.0818242932229674,0.0715663359425989,0.0765872807445341,-0.00846931793712466,0.000942029238119286,0.894952365621343,1.01188624183469,77.8013028091509,74.0376584596482,-3.76364434950269,73.9601749438807,81.8242932229674,71.5663359425989,76.5872807445341,-8.46931793712466,0.942029238119286,-11.3350277942134,3.80773909520802,supp_race_primary_other
26,8518,0.079224006681383,0.0761028696559879,-0.00312113702539513,0.960603645837461,0.00216674723567819,0.00135211683330575,0.00257657657794134,0.0329068799833396,0.0750799437517717,0.0835761341697225,0.0734947483455748,0.0787956744027045,-0.00817113432156961,0.00192886027077935,0.900603942043231,1.02460062777732,79.224006681383,76.1028696559879,-3.12113702539513,75.0799437517717,83.5761341697226,73.4947483455748,78.7956744027045,-8.17113432156961,1.92886027077935,-11.2465339982463,5.00425994745605,supp_race_primary_other
27,8014,0.0799819285692784,0.0778840521437562,-0.00209787642552216,0.9737706196506,0.00238767534804652,0.00148280896572453,0.00283292876690027,0.0356909483633373,0.0754254190879763,0.0847884573705004,0.0750269932598775,0.0808404003295831,-0.00765031477941415,0.00345456192836983,0.907980406026253,1.04432784386241,79.9819285692784,77.8840521437562,-2.09787642552216,75.4254190879763,84.7884573705004,75.0269932598775,80.8404003295831,-7.65031477941415,3.45456192836983,-11.0316962172344,6.83594336619006,supp_race_primary_other
28,7808,0.0811483807524664,0.0804564431969977,-0.000691937555468702,0.991473180991998,0.00248537614366697,0.00155637438763239,0.00295523713602127,0.0365072321425877,0.0764085189953682,0.0861548434071592,0.0774582933981555,0.0835601300935972,-0.00648409590784568,0.00510022079690828,0.923009049129529,1.06501563506171,81.1483807524664,80.4564431969977,-0.691937555468702,76.4085189953682,86.1548434071592,77.4582933981555,83.5601300935972,-6.48409590784568,5.10022079690828,-10.0114645140931,8.62758940315573,supp_race_primary_other
29,7279,0.0844257362440989,0.0854835315957001,0.00105779535160125,1.0125292996977,0.00248154091837096,0.00157194749482697,0.0029665939811044,0.0350127086429402,0.0796874680592007,0.0894183707562397,0.0824524796269138,0.0886152474122638,-0.00475662200811666,0.00687221271131916,0.945376337155876,1.08445234183736,84.4257362440989,85.4835315957001,1.05779535160125,79.6874680592007,89.4183707562397,82.4524796269138,88.6152474122638,-4.75662200811666,6.87221271131916,-8.29754613528118,10.4131368384837,supp_race_primary_other
30,6814,0.0857999150455332,0.0888323889812551,0.00303247393572184,1.03534355405961,0.00238469258878146,0.00151839859364517,0.00286216512150746,0.0330280628173242,0.0812398983426388,0.0905906492688903,0.0859010278237382,0.0918537306477935,-0.00257726662023949,0.00864221449168318,0.970445042820594,1.10458215317089,85.7999150455332,88.8323889812551,3.03247393572184,81.2398983426388,90.5906492688903,85.9010278237382,91.8537306477935,-2.57726662023949,8.64221449168318,-5.99354454678664,12.0584924182303,supp_race_primary_other
31,6155,0.0879777089355659,0.0931257958085729,0.00514808687300701,1.05851580968967,0.00240621603386147,0.00154204397652312,0.00289919133772572,0.0324225563325868,0.0833744165492092,0.0928094258019171,0.0901471350051032,0.0961924727241952,-0.000534223733225896,0.0108303974792399,0.993342961631644,1.12796462313736,87.9777089355659,93.1257958085729,5.14808687300701,83.3744165492092,92.8094258019171,90.1471350051032,96.1924727241952,-0.534223733225896,10.8303974792399,-3.99469612088902,14.290869866903,supp_race_primary_other
32,5607,0.0906770261730983,0.0979141329024599,0.00723710672936154,1.07981191085321,0.00260385289290664,0.00168678804274049,0.00314976705565904,0.0339805199886398,0.0857012171287298,0.0959114248987568,0.0946574816245331,0.101270294864197,0.00106367674057904,0.013410536718144,1.01023833069145,1.15417691785898,90.6770261730984,97.9141329024599,7.23710672936154,85.7012171287298,95.9114248987568,94.6574816245331,101.270294864197,1.06367674057904,13.410536718144,-2.69588261717945,17.1700960759025,supp_race_primary_other
33,5123,0.0937388990426549,0.102893961419816,0.00915506237716154,1.09766556328975,0.00296391671597295,0.00194861611770417,0.00359397255519392,0.0373243654820118,0.0880888927099345,0.0997116707187853,0.0991370080724245,0.10677641510799,0.00211100560755607,0.016199119146767,1.02023327020939,1.18097470844576,93.7388990426549,102.893961419816,9.15506237716154,88.0888927099345,99.7116707187853,99.1370080724245,106.77641510799,2.11100560755607,16.199119146767,-2.1787570677918,20.4888818221149,supp_race_primary_other
34,4385,0.0972526663438025,0.107962075913821,0.0107094095700185,1.1101194442542,0.0033680812210184,0.00224529858310371,0.00409474942523809,0.040844360687592,0.090848307212335,0.104056827712921,0.103639557809312,0.112442259327348,0.00268384817083573,0.0187349709692012,1.02471460641196,1.20264234822063,97.2526663438025,107.962075913821,10.7094095700185,90.848307212335,104.056827712921,103.639557809312,112.442259327348,2.68384817083573,18.7349709692012,-2.20364136324635,23.6224605032833,supp_race_primary_other
35,3750,0.101565553559326,0.113229121219717,0.0116635676603909,1.11483782888633,0.00368218226523271,0.00248990452234926,0.00450130598179387,0.0429153236148047,0.09457261592506,0.109013310831932,0.108439967948375,0.118201741612304,0.00284117005268023,0.0204859652681016,1.02490144906989,1.21266623814796,101.565553559326,113.229121219717,11.6635676603909,94.57261592506,109.013310831932,108.439967948375,118.201741612304,2.84117005268023,20.4859652681016,-2.5315850517275,25.8587203725093,supp_race_primary_other
36,3249,0.108370624474589,0.120425665407146,0.0120550409325575,1.11123900956559,0.00397681851608365,0.00267323956380475,0.00484784591180513,0.0433681258660401,0.100818865375434,0.116414807784846,0.115283801498091,0.125764265009252,0.00255343754281969,0.0215566443222953,1.02068671714636,1.20982483227832,108.370624474589,120.425665407146,12.0550409325575,100.818865375434,116.414807784846,115.283801498091,125.764265009252,2.55343754281969,21.5566443222953,-3.23294733600899,27.3430292011239,supp_race_primary_other
37,2479,0.117092443623231,0.128685887479322,0.0115934438560915,1.09901103348219,0.00430831620455971,0.002843769334013,0.00521991905448417,0.0433809069824469,0.108908796662817,0.125804211036806,0.123214321326833,0.13436319413045,0.00136259050708815,0.0218242972050948,1.00942988343664,1.19654200012736,117.092443623231,128.685887479322,11.5934438560915,108.908796662817,125.804211036806,123.214321326833,134.36319413045,1.36259050708815,21.8242972050948,-4.86790056772617,28.0547882799092,supp_race_primary_other
38,1919,0.124657964380669,0.134759914706284,0.0101019503256151,1.08103734386972,0.00490946571414927,0.00315718288924298,0.00588958303534075,0.0462238116239903,0.115349711171958,0.134603067143475,0.12869101000059,0.141068683942609,-0.00144142030761081,0.0216453209588411,0.987404078836361,1.18354963675876,124.657964380669,134.759914706284,10.1019503256151,115.349711171958,134.603067143475,128.69101000059,141.068683942609,-1.44142030761081,21.6453209588411,-8.47122175722247,28.6751224084528,supp_race_primary_other
39,1443,0.131737963755342,0.139325002153279,0.00758703839793753,1.05759189061118,0.00605126050791996,0.00378336012757201,0.00717699392864311,0.0536544677523866,0.120323782617799,0.14405760204677,0.132073790717128,0.146906939760559,-0.00647961121946559,0.0216536880153407,0.95202279319453,1.17486746649561,131.737963755342,139.325002153279,7.58703839793753,120.323782617799,144.05760204677,132.073790717128,146.906939760559,-6.47961121946559,21.6536880153407,-15.0460652486701,30.2201420445452,supp_race_primary_other
40,1036,0.143040987098015,0.147389402006137,0.00434841490812232,1.0303997825822,0.00813615253967408,0.00495570334657902,0.00955218133399652,0.0662494917594903,0.127822576322866,0.159739437232222,0.137938677377976,0.157369430754674,-0.0143735164803066,0.0230703462965513,0.904928130291641,1.17326854631347,143.040987098015,147.389402006137,4.34841490812232,127.822576322866,159.739437232222,137.938677377976,157.369430754674,-14.3735164803066,23.0703462965513,-25.7749922360172,34.4718220522619,supp_race_primary_other
41,721,0.158631297046279,0.158731713020524,0.000100415974245621,1.00063301489754,0.0111410347573153,0.00665048057103381,0.0129905154360905,0.0818776151091497,0.137993879701194,0.181704516567604,0.146126906831674,0.172204523945032,-0.0253605264211034,0.0255613583695947,0.852276425135334,1.17481418114309,158.631297046279,158.731713020524,0.100415974245621,137.993879701194,181.704516567604,146.126906831674,172.204523945032,-25.3605264211034,25.5613583695947,-40.8659949230087,41.0668268715,supp_race_primary_other
42,407,0.172287649223418,0.167192225076423,-0.0050954241469956,0.970424901785107,0.0146208373058641,0.00856444296062063,0.0169487650142014,0.0991497107127168,0.145486419320154,0.202854085209559,0.15107249542242,0.184657827258574,-0.0383143931572628,0.0281235448632716,0.799034526192113,1.17857797020678,172.287649223418,167.192225076423,-5.0954241469956,145.486419320154,202.854085209559,151.07249542242,184.657827258574,-38.3143931572628,28.1235448632716,-58.5444250883886,48.3535767943974,supp_race_primary_other
43,208,0.186889401170022,0.175381884823783,-0.0115075163462393,0.938426062290336,0.0195406528770949,0.011195521275583,0.0225151405555263,0.122473136176176,0.151564794554492,0.228232274989043,0.154507223483952,0.198414969817935,-0.055636380941928,0.0326213482494494,0.738160391829083,1.19302455690369,186.889401170022,175.381884823783,-11.5075163462393,151.564794554492,228.232274989043,154.507223483952,198.414969817935,-55.636380941928,32.6213482494494,-82.5104341245896,59.4954014321111,supp_race_primary_other
44,127,0.220773239278915,0.201560875703571,-0.0192123635753437,0.912976936706212,0.0254064352489622,0.0143761316100845,0.0291940582120135,0.135400714968674,0.174996550172162,0.274539661259305,0.174848154637395,0.231211141036497,-0.076431666233456,0.0380069390827687,0.700174853423179,1.19045533109668,220.773239278915,201.560875703571,-19.2123635753437,174.996550172162,274.539661259305,174.848154637395,231.211141036497,-76.431666233456,38.0069390827687,-111.277670017998,72.852942867311,supp_race_primary_other
45,40,0.196047316396908,0.171578668746712,-0.0244686476501963,0.875190091351936,0.0283280055567769,0.015513662310143,0.0322420363371353,0.170138911393204,0.14635853128834,0.25751651438557,0.143269212788752,0.20414901874831,-0.0876618776592131,0.0387245823588206,0.627017826295878,1.22158838852401,196.047316396908,171.578668746712,-24.4686476501963,146.35853128834,257.51651438557,143.269212788752,204.14901874831,-87.6618776592131,38.7245823588206,-126.145945618043,77.2086503176506,supp_race_primary_other
15,1199,0.0731258057383805,0.0659637913740925,-0.00716201436428804,0.902059002400448,0.00344084568112659,0.00210228318956322,0.00402965827888658,0.0567930074667088,0.0666617572811742,0.0801628239827724,0.0619610690978882,0.0702057391151533,-0.0150599994609094,0.000735970732333316,0.807035519519352,1.00827091761254,73.1258057383805,65.9637913740925,-7.16201436428804,66.6617572811742,80.1628239827724,61.9610690978882,70.2057391151533,-15.0599994609094,0.735970732333316,-19.8697962564337,5.54576752785767,supp_strict_continued_vs_stopped
16,4170,0.0746026230641885,0.0663192061421515,-0.00828341692203694,0.888966143792158,0.00274377952466438,0.00165754856245458,0.00320335730577106,0.044434786198995,0.0693999442758988,0.0801617321833803,0.063143458248839,0.0696428024697608,-0.0145618818709615,-0.0020049519731124,0.814821092472534,0.969858061001701,74.6026230641885,66.3192061421515,-8.28341692203694,69.3999442758988,80.1617321833803,63.143458248839,69.6428024697609,-14.5618818709615,-2.0049519731124,-18.3854065070193,1.81857266294542,supp_strict_continued_vs_stopped
17,11232,0.0766516809258461,0.0672317131243466,-0.00941996780149953,0.87710683330464,0.00208012826695769,0.00124470131097768,0.00242200871097022,0.0328212582802338,0.0726728345801826,0.0808293816138386,0.0648328317723875,0.0697127387888525,-0.0141670176452434,-0.00467291795775562,0.822460385179048,0.935384136297599,76.6516809258461,67.2317131243466,-9.41996780149953,72.6728345801826,80.8293816138386,64.8328317723875,69.7127387888525,-14.1670176452434,-4.67291795775562,-17.0579252434866,-1.78201035951247,supp_strict_continued_vs_stopped
18,29922,0.0799656491137533,0.0693291968333499,-0.0106364522804035,0.866987232664456,0.00150333336430205,0.000893720531088579,0.0017502762257948,0.0228135602608647,0.0770682967258395,0.0829621350987316,0.0675978853353976,0.0711014691698856,-0.014066930645958,-0.00720597391484896,0.829074894570734,0.906633244506043,79.9656491137533,69.3291968333499,-10.6364522804035,77.0682967258395,82.9621350987316,67.5978853353976,71.1014691698856,-14.066930645958,-7.20597391484896,-16.1560589043562,-5.11684565645074,supp_strict_continued_vs_stopped
19,60774,0.0828962326446322,0.0712059713773962,-0.0116902612672359,0.858977170683366,0.00105206239141092,0.000624042411921904,0.00122525837730369,0.0154506184071325,0.0808574184795647,0.0849817022556531,0.0699925279588762,0.0724388133716308,-0.0140917235585071,-0.00928879897596471,0.833354972952621,0.885387144377369,82.8962326446322,71.2059713773963,-11.6902612672359,80.8574184795647,84.9817022556531,69.9925279588761,72.4388133716308,-14.0917235585071,-9.28879897596471,-15.5541909463058,-7.82633158816601,supp_strict_continued_vs_stopped
20,82205,0.0825374913484553,0.0704223607567306,-0.0121151305917246,0.853216636539422,0.000798953804921084,0.000469919910732305,0.000930542845491425,0.0118063654169218,0.0809850279688868,0.0841169911251319,0.0695068828156858,0.0713489719186744,-0.0139389610549592,-0.01029130012849,0.833699840743633,0.873190317774694,82.5374913484553,70.4223607567306,-12.1151305917246,80.9850279688868,84.1169911251319,69.5068828156858,71.3489719186744,-13.9389610549592,-10.29130012849,-15.0496562272505,-9.18060495619876,supp_strict_continued_vs_stopped
21,96740,0.0819884287680763,0.0697453349161808,-0.0122430938518955,0.850672905483676,0.000752116810981765,0.000437556843745319,0.000874989114901082,0.0111799802939839,0.0805263237914767,0.0834746708784887,0.0688926012613199,0.070607823073149,-0.0139580410039662,-0.0105281466998248,0.832235397988092,0.869518881164429,81.9884287680763,69.7453349161808,-12.2430938518955,80.5263237914767,83.4746708784887,68.8926012613199,70.607823073149,-13.9580410039662,-10.5281466998248,-15.0024272892798,-9.48376041451107,supp_strict_continued_vs_stopped
22,110682,0.0807512541878472,0.0687531628365155,-0.0119980913513318,0.851419133089608,0.00073112056189965,0.000424305738654247,0.000850454507918199,0.0110285229904742,0.0793298323767984,0.0821958710373394,0.0679261827308799,0.06958945946458,-0.0136649515573412,-0.0103312311453224,0.833212755051827,0.870023335331644,80.7512541878473,68.7531628365155,-11.9980913513318,79.3298323767984,82.1958710373394,67.9261827308799,69.58945946458,-13.6649515573412,-10.3312311453224,-14.6800533560114,-9.31612934665215,supp_strict_continued_vs_stopped
23,119247,0.0800097734437174,0.0684645219236168,-0.0115452515201006,0.855701984605392,0.000669814663279991,0.000389636445699818,0.000780386853510944,0.0101995666052197,0.0787067557306416,0.0813324586836664,0.0677047833570493,0.069232152689924,-0.0130747816469906,-0.0100157213932106,0.838765680752584,0.872980265240008,80.0097734437175,68.4645219236168,-11.5452515201006,78.7067557306416,81.3324586836664,67.7047833570493,69.232152689924,-13.0747816469906,-10.0157213932106,-14.0062507511955,-9.08425228900575,supp_strict_continued_vs_stopped
24,125425,0.079625414359277,0.0687209536599443,-0.0109044606993327,0.863053011565744,0.00059222926980807,0.000342791389796867,0.000690516902533522,0.00904254400033896,0.0784723676624972,0.080793918124743,0.0680521291890244,0.0693958619495448,-0.0122578489590146,-0.00955107243965089,0.847891818985291,0.878485302127467,79.625414359277,68.7209536599443,-10.9044606993327,78.4723676624972,80.793918124743,68.0521291890245,69.3958619495448,-12.2578489590146,-9.55107243965089,-13.0820493639132,-8.72687203475234,supp_strict_continued_vs_stopped
25,130505,0.0802165360595516,0.0700693381375451,-0.0101471979220065,0.873502417076782,0.00055572865737827,0.00031512632920907,0.000645755709717764,0.00835451548110984,0.0791340557756835,0.0813125161794117,0.0694542132655326,0.0706894970430934,-0.0114128558558644,-0.00888153998814859,0.859315676281518,0.887923371700498,80.2165360595516,70.0693381375451,-10.1471979220065,79.1340557756835,81.3125161794117,69.4542132655326,70.6894970430934,-11.4128558558644,-8.88153998814859,-12.1836293379648,-8.11076650604821,supp_strict_continued_vs_stopped
26,131877,0.0813620407744674,0.072124649341778,-0.00923739143268938,0.886465588316607,0.000585918034898425,0.000326653538808181,0.000677957598125001,0.00860300544526956,0.0802210241843238,0.082517830516901,0.0714870350148206,0.0727675050467252,-0.0105661639080597,-0.0079086189573191,0.871643688644323,0.901539527569694,81.3620407744674,72.124649341778,-9.23739143268938,80.2210241843238,82.517830516901,71.4870350148206,72.7675050467252,-10.5661639080597,-7.9086189573191,-11.3753735375829,-7.09940932779587,supp_strict_continued_vs_stopped
27,130884,0.082796627122561,0.0746586789619118,-0.00813794816064913,0.901711598123402,0.00064291088319332,0.000359937990463587,0.00074380305769176,0.00923105174301656,0.0815452365171064,0.0840654638192351,0.0739562704178517,0.0753672157706881,-0.00959577536531574,-0.00668012095598251,0.885544051844999,0.918174318370982,82.796627122561,74.6586789619118,-8.13794816064913,81.5452365171064,84.0654638192351,73.9562704178517,75.3672157706881,-9.59577536531574,-6.68012095598251,-10.4835780810278,-5.79231824027046,supp_strict_continued_vs_stopped
28,126880,0.0846923060061873,0.0778303623896032,-0.0068619436165841,0.918977957500853,0.000668543431044478,0.000380658789603628,0.000776840872638078,0.00938067370561582,0.0833911500436562,0.0860118588860419,0.077087551348857,0.0785797216851342,-0.0083845237486734,-0.0053393634844948,0.902236205264352,0.936030367042296,84.6923060061873,77.8303623896032,-6.8619436165841,83.3911500436562,86.011858886042,77.087551348857,78.5797216851342,-8.3845237486734,-5.3393634844948,-9.31176037303534,-4.41212686013285,supp_strict_continued_vs_stopped
29,120282,0.0876667038305573,0.0822090269339799,-0.00545767689657736,0.937745156848534,0.00066233905695635,0.000382928477936491,0.00077378209649362,0.00897990558185081,0.086377201442327,0.0889735821262383,0.0814616132225658,0.0829626788212014,-0.00697426193758675,-0.00394109185556797,0.921384963124266,0.954395843634235,87.6667038305573,82.2090269339799,-5.45767689657736,86.377201442327,88.9735821262383,81.4616132225658,82.9626788212014,-6.97426193758675,-3.94109185556797,-7.89784760926745,-3.01750618388728,supp_strict_continued_vs_stopped
30,111577,0.0900046528217732,0.0861578450814963,-0.00384680774027693,0.957259901353163,0.000642041006747135,0.000372436970476929,0.000752472258634253,0.00845832187520335,0.0887541771711491,0.0912709820270329,0.0854306772417704,0.0868906143733763,-0.00532162626656558,-0.00237198921398829,0.941521258840322,0.973261633908656,90.0046528217732,86.1578450814963,-3.84680774027693,88.7541771711491,91.2709820270329,85.4306772417704,86.8906143733763,-5.32162626656558,-2.37198921398829,-6.21977653336686,-1.473838947187,supp_strict_continued_vs_stopped
31,102027,0.0925817587140193,0.0904543312995595,-0.00212742741445979,0.977021095256666,0.000653096591317388,0.00037507516870331,0.000764572808871819,0.008308377122561,0.0913096345352981,0.0938697752559235,0.0897218827038034,0.091192160254889,-0.00362596258340718,-0.000628892245512397,0.961240005867745,0.993061269557556,92.5817587140193,90.4543312995595,-2.12742741445979,91.3096345352981,93.8697752559235,89.7218827038034,91.192160254889,-3.62596258340718,-0.628892245512397,-4.53855605698401,0.283701228064431,supp_strict_continued_vs_stopped
32,91764,0.0957932671910083,0.0954490555442823,-0.000344211646726017,0.996406724012872,0.000719720799636363,0.00041030663037875,0.000840469202474255,0.00878178105520706,0.0943918963113805,0.0972132099018408,0.0946478939943162,0.0962562776393433,-0.00199150101369066,0.00130307772023862,0.979403347414214,1.01370529545288,95.7932671910083,95.4490555442823,-0.344211646726017,94.3918963113805,97.2132099018408,94.6478939943162,96.2562776393433,-1.99150101369066,1.30307772023862,-2.99468436002506,2.30626106657303,supp_strict_continued_vs_stopped
33,81398,0.098853998839096,0.100306251348092,0.00145225250899619,1.01469088277714,0.000826832741182566,0.000474194492069662,0.000965030389188641,0.00972650598874939,0.0972452209965138,0.100486429001776,0.0993806654117719,0.101239488730497,-0.000439172297800214,0.0033436773157926,0.995530434060724,1.03422010253505,98.853998839096,100.306251348092,1.45225250899619,97.2452209965138,100.486429001776,99.3806654117719,101.239488730497,-0.439172297800214,3.3436773157926,-1.5910317737818,4.49553679177418,supp_strict_continued_vs_stopped
34,70747,0.10234316525017,0.105531940655079,0.0031887754049089,1.03115767816165,0.000941850474966178,0.000547401453977817,0.0011010118660355,0.0106751634214289,0.100511866691699,0.104203964206127,0.104463853785412,0.10660964808873,0.00103083180092808,0.00534671900888972,1.00980697084975,1.05295981105871,102.34316525017,105.531940655079,3.1887754049089,100.511866691699,104.203964206127,104.463853785412,106.60964808873,1.03083180092808,5.34671900888972,-0.283335053576281,6.66088586339409,supp_strict_continued_vs_stopped
35,59784,0.106004817540291,0.110789870507152,0.00478505296686162,1.04513995757828,0.00103172125899547,0.000607568377087003,0.00120933286962475,0.0112810229849589,0.103999614832854,0.10804402023899,0.10960464879783,0.111986296787031,0.00241480409707663,0.0071553018366466,1.02228509252695,1.0685057807374,106.004817540291,110.789870507152,4.78505296686162,103.999614832854,108.04402023899,109.60464879783,111.986296787031,2.41480409707663,7.1553018366466,0.971345382098301,8.59876055162493,supp_strict_continued_vs_stopped
36,50300,0.110574885435067,0.116763819534677,0.00618893409960998,1.05597052237729,0.00109340404938392,0.000645977629325911,0.00128242016263912,0.0114388830595786,0.108449968330268,0.112736172473358,0.115503671297523,0.118035881321989,0.0036754367677893,0.00870243143143066,1.03255929384699,1.07991255395645,110.574885435067,116.763819534677,6.18893409960998,108.449968330268,112.736172473358,115.503671297523,118.035881321989,3.6754367677893,8.70243143143066,2.14474112019663,10.2331270790233,supp_strict_continued_vs_stopped
37,39582,0.11537893221084,0.122747910635939,0.00736897842509868,1.06386762543124,0.00116875080997567,0.000682436645056399,0.00136555526577807,0.0116556086280724,0.113107921758369,0.117689489814542,0.121416614977071,0.12409174181494,0.00469253928527463,0.0100454175649227,1.03983952447932,1.08845095593712,115.37893221084,122.747910635939,7.36897842509868,113.107921758369,117.689489814542,121.416614977071,124.09174181494,4.69253928527463,10.0454175649227,3.06261364719657,11.6753432030008,supp_strict_continued_vs_stopped
38,30385,0.120522640223199,0.128843762062111,0.0083211218389118,1.06904198102117,0.00133671589727951,0.000764760232985549,0.00155061677963486,0.012662927542128,0.117927201264988,0.123167225496355,0.127352274198105,0.130350108319368,0.00528196879700399,0.0113602748808196,1.0428360998316,1.09590640117869,120.522640223199,128.843762062111,8.3211218389118,117.927201264988,123.167225496355,127.352274198105,130.350108319368,5.28196879700399,11.3602748808196,3.43115388873967,13.2110897890839,supp_strict_continued_vs_stopped
39,22837,0.125483500756982,0.134516873411643,0.00903337265466089,1.0719885291705,0.00166279175808803,0.000939828872436487,0.00191915293114451,0.015049191049325,0.122260572681886,0.128778923841445,0.132685471279907,0.136369579099649,0.00527190202879317,0.0127948432805286,1.04083105951892,1.10407870342022,125.483500756982,134.516873411643,9.03337265466089,122.260572681886,128.778923841445,132.685471279907,136.369579099649,5.27190202879317,12.7948432805286,2.9812026742835,15.0855426350383,supp_strict_continued_vs_stopped
40,15853,0.131532434987235,0.141122760537714,0.0095903255504787,1.07291224823299,0.00218645401131555,0.00123357312843331,0.00251738397975738,0.0188311273955078,0.127305981657178,0.135877356243017,0.138722265517446,0.143557870785609,0.00465634361489613,0.0145243074860613,1.03403471302958,1.11325149717236,131.532434987235,141.122760537714,9.5903255504787,127.305981657178,135.877356243017,138.722265517446,143.557870785609,4.65634361489613,14.5243074860613,1.65159617455315,17.5290549264043,supp_strict_continued_vs_stopped
41,10370,0.137510777025345,0.147430766487387,0.00991998946204242,1.07213972371208,0.00287779827595161,0.00162947458974523,0.00331203842184768,0.0237011058980027,0.131967010104526,0.143248997959004,0.144265579737806,0.150653171690601,0.0034285134398081,0.0164114654842767,1.02347436509091,1.12311907984067,137.510777025345,147.430766487387,9.91998946204242,131.967010104526,143.248997959004,144.265579737806,150.653171690601,3.4285134398081,16.4114654842767,-0.524732886691357,20.3647118107762,supp_strict_continued_vs_stopped
42,6233,0.143275410948889,0.15334411543897,0.0100687044900808,1.07027517438894,0.00371718838513106,0.00211389432704837,0.00428004006288379,0.0294046364914015,0.136142964798678,0.150716328674389,0.149246635070574,0.157533259360842,0.00167998011444004,0.0184574288657216,1.01033681881517,1.13376938025144,143.275410948889,153.34411543897,10.0687044900808,136.142964798678,150.716328674389,149.246635070574,157.533259360842,1.67998011444004,18.4574288657216,-3.42867217179361,23.5660811519553,supp_strict_continued_vs_stopped
43,3273,0.149031579323865,0.159120928894364,0.0100893495704992,1.06769940717446,0.00469285132346812,0.00267832768977668,0.00540682284363157,0.035727459271784,0.140065904351545,0.158465395298098,0.15394143636696,0.164440818913677,-0.000507828473807115,0.0206865276148055,0.995491905634329,1.14514444329339,149.031579323865,159.120928894364,10.0893495704992,140.065904351545,158.465395298098,153.94143636696,164.440818913677,-0.507828473807115,20.6865276148055,-6.96140775707392,27.1401068980723,supp_strict_continued_vs_stopped
44,1704,0.155833877531573,0.165827602728947,0.00999372519737396,1.06413063292575,0.00578025339592914,0.00330552197804071,0.00666160716020935,0.0421272773854574,0.144837513159329,0.167501582449483,0.159449883095148,0.172408096151298,-0.00306278491579051,0.0230502353105384,0.979797082184222,1.15572298032018,155.833877531573,165.827602728947,9.99372519737396,144.837513159329,167.501582449483,159.449883095148,172.408096151298,-3.06278491579051,23.0502353105384,-11.0140737236023,31.0015241183502,supp_strict_continued_vs_stopped
45,701,0.154445414155119,0.163938392765105,0.00949297860998596,1.06146494320933,0.00672216718395598,0.00385080333430527,0.00774892745343208,0.0494702594057864,0.141724479132527,0.16808454592312,0.156529925762547,0.171626151472354,-0.00569464011755458,0.0246805973375265,0.963377489411484,1.16953929072048,154.445414155119,163.938392765105,9.49297860998596,141.724479132527,168.08454592312,156.529925762547,171.626151472354,-5.69464011755458,24.6805973375265,-14.9437535298627,33.9297107498346,supp_strict_continued_vs_stopped
15,1199,0.0730919283354212,0.082253087859414,0.00916115952399284,1.12533749940147,0.00346243086727505,0.0163657373231196,0.0167258123728472,0.204499759541731,0.0665891942280957,0.0801751386325488,0.0553550082168443,0.120553467203771,-0.0236208303389621,0.0419431493869478,0.753723888687022,1.68017029387933,73.0919283354212,82.253087859414,9.16115952399284,66.5891942280957,80.1751386325488,55.3550082168443,120.553467203771,-23.6208303389621,41.9431493869478,-43.5847461813969,61.9070652293826,supp_strict_relapse_vs_stopped
16,4170,0.0744907202725919,0.0776430975323567,0.00315237725976472,1.04231905998799,0.00276390952496912,0.012046703985156,0.012356227933339,0.159483198612845,0.0692514269844795,0.0800922886144305,0.0570811547629172,0.104788779910658,-0.0210653844743476,0.027370138993877,0.762514900269707,1.42479710551227,74.4907202725919,77.6430975323567,3.15237725976472,69.2514269844795,80.0922886144305,57.0811547629172,104.788779910658,-21.0653844743476,27.370138993877,-35.8137679365214,42.1185224560508,supp_strict_relapse_vs_stopped
17,11232,0.0769262172300744,0.0744717655439629,-0.00245445168611153,0.96809343063405,0.00210985620235028,0.0084692049043028,0.00872371565899025,0.116927780331142,0.0728915222733368,0.0811646892712276,0.0594810558217905,0.0928674625800097,-0.0195526201891005,0.0146437168168775,0.769818185029332,1.2174366735713,76.9262172300744,74.4717655439629,-2.45445168611153,72.8915222733368,81.1646892712276,59.4810558217905,92.8674625800097,-19.5526201891005,14.6437168168775,-29.9652399989546,25.0563366267315,supp_strict_relapse_vs_stopped
18,29922,0.0807592336379154,0.0730701348010122,-0.00768909883690316,0.90478984890598,0.00152651239929174,0.00575691347844595,0.00595660753753405,0.0810311430138454,0.0778174279890697,0.0838021449082146,0.0625586914289253,0.0851872694036607,-0.0193638350805097,0.00398563740670339,0.77192282981431,1.06052656957981,80.7592336379154,73.0701348010122,-7.68909883690316,77.8174279890697,83.8021449082146,62.5586914289253,85.1872694036607,-19.3638350805097,3.98563740670339,-26.473636920616,11.0954392468097,supp_strict_relapse_vs_stopped
19,60774,0.0839002624190876,0.0715870492253515,-0.0123132131937361,0.853239872692761,0.00107042386045462,0.00395249066581779,0.00409612814227609,0.0566823667514355,0.0818259585776272,0.0860222237540646,0.0642166918566964,0.0797312517063023,-0.0203414768286582,-0.00428494955881398,0.76352458247626,0.953496844845064,83.9002624190876,71.5870492253515,-12.3132131937361,81.8259585776272,86.0222237540646,64.2166918566964,79.7312517063023,-20.3414768286582,-4.28494955881398,-25.2306119982588,0.604185610786638,supp_strict_relapse_vs_stopped
20,82205,0.0834529300593375,0.0678864637240766,-0.0155664663352608,0.813470104354723,0.000815719422391631,0.00316668156517196,0.00327153618059574,0.0476777595505229,0.0818680066236597,0.0850656939804343,0.0619368187287872,0.0743623252302912,-0.0219785594233482,-0.00915437324717347,0.740897645103713,0.893151186337288,83.4529300593375,67.8864637240766,-15.5664663352608,81.8680066236597,85.0656939804343,61.9368187287872,74.3623252302912,-21.9785594233482,-9.15437324717347,-25.8834623081206,-5.24947036240103,supp_strict_relapse_vs_stopped
21,96740,0.0827975374798137,0.0651345332474939,-0.0176630042323198,0.786672348357871,0.000770994810699615,0.00306883000180056,0.00316521024864958,0.0480389898350681,0.0812989059620288,0.0843212586467936,0.0593719542627075,0.0714139583647066,-0.0238667023231701,-0.0114593061414696,0.715983514234818,0.864340269527386,82.7975374798137,65.1345332474939,-17.6630042323198,81.2989059620288,84.3212586467936,59.3719542627075,71.4139583647066,-23.8667023231701,-11.4593061414696,-27.6446946633349,-7.68131380130468,supp_strict_relapse_vs_stopped
22,110682,0.0815480626636603,0.0630027475290758,-0.0185453151345845,0.77258423402315,0.000754902837259674,0.00293965299629049,0.00303518171543625,0.0475703892387705,0.0800806581147863,0.0830399288329498,0.0574810208913178,0.0690160602599586,-0.024494161983374,-0.0125964682857949,0.703807438577536,0.848081969505043,81.5480626636603,63.0027475290758,-18.5453151345845,80.0806581147863,83.0399288329498,57.4810208913178,69.0160602599586,-24.494161983374,-12.5964682857949,-28.1169523736235,-8.97367789554551,supp_strict_relapse_vs_stopped
23,119247,0.0808126342477926,0.0621679178434599,-0.0186447164043327,0.769284635034131,0.000697645022281826,0.00266567517787291,0.00275546318271706,0.0437391391222949,0.0794557832728757,0.0821905871141182,0.0571437734581864,0.0676021190042422,-0.0240453250031843,-0.0132441078054812,0.706083780850782,0.838142534567952,80.8126342477926,62.1679178434599,-18.6447164043327,79.4557832728757,82.1905871141182,57.1437734581864,67.6021190042422,-24.0453250031843,-13.2441078054812,-27.3342435836649,-9.9551892250005,supp_strict_relapse_vs_stopped
24,125425,0.0804433805231643,0.0622382083708752,-0.0182051721522891,0.77368961828939,0.0006231832804904,0.00240029913090683,0.00248063150401692,0.0393461849861603,0.0792303944345529,0.0816732897406444,0.0576964283155079,0.0671120476392811,-0.0230671205590777,-0.0133432237455006,0.716267483640115,0.835715202938828,80.4433805231643,62.2382083708752,-18.2051721522891,79.2303944345529,81.6732897406444,57.6964283155079,67.1120476392811,-23.0671205590777,-13.3432237455006,-26.0280002747131,-10.3823440298652,supp_strict_relapse_vs_stopped
25,130505,0.0811086426250295,0.0635651701184937,-0.0175434725065358,0.783704030313509,0.000587830978484832,0.00237560663632588,0.00244936763139655,0.0380953684768723,0.079963950283523,0.0822682561108245,0.0590649906654503,0.0683833012124027,-0.0223441448489712,-0.0127428001641004,0.727319520533224,0.844459676648512,81.1086426250295,63.5651701184937,-17.5434725065358,79.963950283523,82.2682561108245,59.0649906654503,68.3833012124027,-22.3441448489712,-12.7428001641004,-25.2677080320527,-9.81923698101893,supp_strict_relapse_vs_stopped
26,131877,0.0823139339897561,0.0655431273680859,-0.0167708066216702,0.796257986846342,0.000617298393796274,0.00263049322727244,0.00270519664806493,0.0408682067758422,0.0811121172097914,0.0835319390170731,0.0605721862772582,0.070891231114587,-0.022072894622976,-0.0114687186203645,0.734965106560775,0.862662425680968,82.3139339897561,65.5431273680859,-16.7708066216702,81.1121172097914,83.5319390170731,60.5721862772582,70.891231114587,-22.072894622976,-11.4687186203645,-25.3018151091868,-8.23979813415369,supp_strict_relapse_vs_stopped
27,130884,0.0838039706641588,0.0677757400250396,-0.0160282306391192,0.808741393610672,0.000674487671771062,0.00294486710209975,0.00302470629146072,0.0442324449527897,0.0824914369484872,0.0851354504867751,0.0622268604697574,0.0737804937262824,-0.0219565460341939,-0.0100999152440444,0.741581601767775,0.881983371998689,83.8039706641588,67.7757400250397,-16.0282306391192,82.4914369484872,85.1354504867751,62.2268604697574,73.7804937262824,-21.9565460341939,-10.0999152440444,-25.5668329670327,-6.48962831120559,supp_strict_relapse_vs_stopped
28,126880,0.0857117849550827,0.0701989323737292,-0.0155128525813535,0.81901143944811,0.000701518676352919,0.00307569841991345,0.00315838095890681,0.0446153963196045,0.0843467905832841,0.0870967680123925,0.0644047922340065,0.0764717328081751,-0.021703165510268,-0.0093225396524391,0.750435332441175,0.893854152315578,85.7117849550827,70.1989323737292,-15.5128525813535,84.3467905832841,87.0967680123925,64.4047922340065,76.4717328081751,-21.703165510268,-9.3225396524391,-25.4730064158329,-5.55269874687415,supp_strict_relapse_vs_stopped
29,120282,0.0887671474187182,0.0734085101423377,-0.0153586372763805,0.826978361668724,0.000699402157414976,0.00305372585269786,0.00313641316531204,0.0423797513956342,0.0874058639789689,0.0901475375981845,0.0676434382276996,0.079622963492588,-0.0215058941210294,-0.00921138043173164,0.761062697993907,0.898602983001228,88.7671474187182,73.4085101423377,-15.3586372763805,87.4058639789689,90.1475375981845,67.6434382276996,79.622963492588,-21.5058941210294,-9.21138043173164,-25.2495142862922,-5.46776026646878,supp_strict_relapse_vs_stopped
30,111577,0.0910944954346993,0.0758508113153504,-0.0152436841193489,0.83266075467451,0.000684639143694399,0.00297949881121225,0.00306033482827087,0.0400288506805902,0.0897614904723149,0.0924452857210074,0.0702135545591598,0.0819008006433008,-0.0212418301633933,-0.00924553807530438,0.769831143193352,0.900618192061097,91.0944954346993,75.8508113153504,-15.2436841193489,89.7614904723149,92.4452857210074,70.2135545591598,81.9008006433008,-21.2418301633933,-9.24553807530438,-24.8946432883603,-5.59272495033739,supp_strict_relapse_vs_stopped
31,102027,0.0936856046320829,0.0783943111591989,-0.015291293472884,0.836780756948358,0.000701455934610093,0.00308534519582503,0.00316645075490092,0.0400881319177882,0.0923197917671985,0.0950695074422458,0.0725565567934261,0.0846588848790898,-0.0214974229113094,-0.00908516403445849,0.773550381450128,0.905179613364601,93.6856046320829,78.3943111591989,-15.291293472884,92.3197917671985,95.0695074422458,72.5565567934261,84.6588848790898,-21.4974229113094,-9.08516403445849,-25.276895918712,-5.30569102705592,supp_strict_relapse_vs_stopped
32,91764,0.0969289271354756,0.0814309804927538,-0.0154979466427219,0.840110201353403,0.000770943775207336,0.00347588593758492,0.00356182392422741,0.0434350043013566,0.0954283829731141,0.098450498299097,0.0748729107428604,0.0885085118461763,-0.0224789932534807,-0.00851690003196302,0.77155042643858,0.914762180452557,96.9289271354756,81.4309804927538,-15.4979466427219,95.4283829731142,98.450498299097,74.8729107428604,88.5085118461763,-22.4789932534807,-8.51690003196302,-26.730383349443,-4.2655099360007,supp_strict_relapse_vs_stopped
33,81398,0.100023437962936,0.0842802233620301,-0.0157432146009062,0.842604744232648,0.000879583767500951,0.00404490179475459,0.00414008997681892,0.0487990924233269,0.0983126423814872,0.101760644316048,0.0766834528890527,0.0925541402242196,-0.0238576418482266,-0.00762878735358587,0.765748292882185,0.927175106497562,100.023437962936,84.2802233620301,-15.7432146009062,98.3126423814872,101.760644316048,76.6834528890527,92.5541402242196,-23.8576418482266,-7.62878735358587,-28.7992498272506,-2.68717937456185,supp_strict_relapse_vs_stopped
34,70747,0.103658307826126,0.0876282979872511,-0.0160300098388751,0.845357210868583,0.000997004148993878,0.00462778897845274,0.0047339282697133,0.0536798994853604,0.101720440327772,0.105628752266518,0.0789722426398542,0.0971330735758467,-0.0253083387529092,-0.00675168092484103,0.76093550436008,0.939145052205821,103.658307826126,87.6282979872511,-16.0300098388751,101.720440327772,105.628752266518,78.9722426398542,97.1330735758467,-25.3083387529092,-6.75168092484103,-30.9587516281668,-1.10126804958342,supp_strict_relapse_vs_stopped
35,59784,0.107364196514801,0.0910877316794751,-0.0162764648353262,0.848399509671902,0.00108837093098684,0.00506099964225889,0.00517645930738673,0.0564767057193291,0.105249596307483,0.109516081664235,0.0816424044548893,0.10150502270077,-0.0264221386452413,-0.00613079102541106,0.759499250779973,0.947705645887521,107.364196514801,91.0877316794751,-16.2764648353262,105.249596307483,109.516081664235,81.6424044548893,101.50502270077,-26.4221386452413,-6.13079102541106,-32.6007562017926,0.0478265311402333,supp_strict_relapse_vs_stopped
36,50300,0.11204869435675,0.0955275823445702,-0.0165211120121795,0.85255417649421,0.00115229015206134,0.0053480966803281,0.00547098987302695,0.0569230168534149,0.10981005728851,0.114327108013153,0.0855474630472345,0.106536355993447,-0.0272440551230957,-0.00579816890126331,0.76255123094888,0.953180054477478,112.04869435675,95.5275823445702,-16.5211120121795,109.81005728851,114.327108013153,85.5474630472345,106.536355993447,-27.2440551230957,-5.79816890126331,-33.7742241196841,0.732000095325161,supp_strict_relapse_vs_stopped
37,39582,0.116970589888672,0.100307169572178,-0.0166634203164943,0.857541794630993,0.00123178767557616,0.00572258384901904,0.00585398874655758,0.0580172480015709,0.114577861228546,0.119406547373143,0.0896349886900515,0.112093552191228,-0.0281370274256499,-0.00518981320733867,0.765369100193432,0.960814761600766,116.970589888672,100.307169572178,-16.6634203164943,114.577861228546,119.406547373143,89.6349886900515,112.093552191228,-28.1370274256499,-5.18981320733867,-35.1243435615502,1.7975029285616,supp_strict_relapse_vs_stopped
38,30385,0.122295024613011,0.105592202076595,-0.0167028225364163,0.863421896440428,0.00140330418022178,0.0066409882229601,0.00678820856044147,0.0639357173398239,0.11957111062218,0.125072176186372,0.0932656491731258,0.119333497422842,-0.030007466834428,-0.00339817823840449,0.761729678560626,0.978690199732648,122.295024613011,105.592202076595,-16.7028225364163,119.57111062218,125.072176186372,93.2656491731258,119.333497422842,-30.007466834428,-3.39817823840449,-38.1098669690577,4.70422189622522,supp_strict_relapse_vs_stopped
39,22837,0.1273046884182,0.110730650576864,-0.0165740378413364,0.869808111175843,0.00172506301446477,0.00845989843572852,0.00863601170499013,0.0776090679083273,0.123961800971115,0.130724271708168,0.0952039740062469,0.128430116920011,-0.0335003097531834,0.000352234070510611,0.747072060849161,1.01270839844731,127.3046884182,110.730650576864,-16.5740378413364,123.961800971115,130.724271708168,95.2039740062469,128.430116920011,-33.5003097531834,0.352234070510611,-43.8082461959354,10.6601705132626,supp_strict_relapse_vs_stopped
40,15853,0.133401906291577,0.116970116986511,-0.0164317893050661,0.876824928804607,0.00224825479921333,0.0113728524375172,0.011595236099166,0.0986957623830108,0.129056652184876,0.137870302711309,0.096455084516389,0.141166778087663,-0.0391580344516701,0.00629445584153794,0.722608229704457,1.06395405445029,133.401906291577,116.970116986511,-16.4317893050661,129.056652184876,137.870302711309,96.455084516389,141.166778087663,-39.1580344516701,6.29445584153794,-52.9980986887117,20.1345200785796,supp_strict_relapse_vs_stopped
41,10370,0.13945466786655,0.123344123294227,-0.0161105445723236,0.884474684004551,0.00294152376372831,0.0152257907873953,0.0155098413927746,0.125248810358962,0.13378861870073,0.145320421233592,0.0964664413367512,0.156414121262077,-0.0465092751080904,0.0142881859634431,0.691947948574132,1.1305698185203,139.45466786655,123.344123294227,-16.1105445723236,133.78861870073,145.320421233592,96.4664413367512,156.414121262077,-46.5092751080904,14.2881859634431,-65.0218089923954,32.8007198477482,supp_strict_relapse_vs_stopped
42,6233,0.145612424319279,0.12993094302536,-0.0156814812939185,0.892306708254961,0.00379054968402129,0.0199592588089343,0.0203185748482783,0.155822119677312,0.138339168038971,0.153200087494117,0.0955558736350768,0.174289059970285,-0.0555051562137254,0.0241421936258884,0.657473312748417,1.21101685217978,145.612424319279,129.93094302536,-15.6814812939185,138.339168038971,153.200087494117,95.5558736350768,174.289059970285,-55.5051562137254,24.1421936258884,-79.757390381302,48.3944277934649,supp_strict_relapse_vs_stopped
43,3273,0.151332523962936,0.136208878888809,-0.0151236450741268,0.900063484847244,0.00476848801593954,0.0254472277953804,0.0258929101609807,0.189481938785941,0.14222164896127,0.16091755951205,0.0935489556240289,0.194155616781829,-0.0658728164445801,0.0356255262963265,0.62084876882563,1.30484961464568,151.332523962936,136.208878888809,-15.1236450741268,142.22164896127,160.91755951205,93.5489556240289,194.155616781829,-65.8728164445801,35.6255262963265,-96.7785726402384,66.5312824919849,supp_strict_relapse_vs_stopped
44,1704,0.158109198985523,0.143641599360664,-0.0144675996248586,0.908496155077079,0.00586162134739446,0.0316451037639264,0.0321856578684724,0.223417888509198,0.146956644493416,0.169939512183838,0.091989105215085,0.217354680505894,-0.0775503298657927,0.0486151306160754,0.58633989128066,1.40765667842777,158.109198985523,143.641599360664,-14.4675996248586,146.956644493416,169.939512183838,91.989105215085,217.354680505894,-77.5503298657927,48.6151306160754,-115.967104530962,87.0319052812452,supp_strict_relapse_vs_stopped
45,701,0.156552312858637,0.143319733477588,-0.0132325793810489,0.915475031065191,0.00681542583426596,0.037050220045173,0.0376755029210005,0.262177818052696,0.14365348368032,0.170378908124021,0.0847546616776053,0.232090936915797,-0.0870752082056435,0.0606100494435458,0.547621310734119,1.53042716942534,156.552312858637,143.319733477588,-13.2325793810489,143.65348368032,170.378908124021,84.7546616776053,232.090936915797,-87.0752082056435,60.6100494435458,-132.044657394091,105.579498631993,supp_strict_relapse_vs_stopped
15,1199,0.0732006480838466,0.0642331201637348,-0.00896752792011175,0.877493872597411,0.00336565524376847,0.00329435087952861,0.00470560268504123,0.0688215492488737,0.0668717168393662,0.0800771648863717,0.0580707031031222,0.0710001949242649,-0.0181903397083475,0.000255283868124024,0.766766417549403,1.00421129410821,73.2006480838466,64.2331201637348,-8.96752792011175,66.8717168393662,80.0771648863717,58.0707031031222,71.0001949242649,-18.1903397083475,0.255283868124024,-23.806943189121,5.87188734889752,supp_t1change_reduced
16,4170,0.0743899433726863,0.0649168836916897,-0.00947305968099661,0.87265671606258,0.00267486424617765,0.00260754872322511,0.00373149110332908,0.0538526478053045,0.0693142386196402,0.0798054577284823,0.0599895826433841,0.0702186615901256,-0.0167866478521532,-0.00215947150983999,0.785242828047491,0.969801591162154,74.3899433726863,64.9168836916897,-9.47305968099661,69.3142386196402,79.8054577284824,59.9895826433841,70.2186615901256,-16.7866478521532,-2.15947150983999,-21.2405525530449,2.29443319105165,supp_t1change_reduced
17,11232,0.0764066703635791,0.0663679281670797,-0.0100387421964994,0.868614321907626,0.00202745982142782,0.00196857155435585,0.00282316963021978,0.0397598259822905,0.0725264998788684,0.0804764176976172,0.0626122216682174,0.0703320126925316,-0.0155720529939774,-0.00450543139902135,0.803495336761755,0.939010851343321,76.4066703635791,66.3679281670797,-10.0387421964994,72.5264998788684,80.4764176976172,62.6122216682174,70.3320126925316,-15.5720529939774,-4.50543139902135,-18.9417859343112,-1.1356984586876,supp_t1change_reduced
18,29922,0.0798794307036053,0.0691310235890507,-0.0107484071145546,0.865442116701647,0.00146539639811979,0.0014224444529782,0.0020475493561572,0.0276378574846938,0.0770540507210761,0.0827991162204317,0.0663945917787188,0.0719715422713146,-0.0147615301091909,-0.00673528411991835,0.819808919947891,0.913615403707286,79.8794307036053,69.1310235890507,-10.7484071145546,77.0540507210761,82.7991162204317,66.3945917787188,71.9715422713146,-14.7615301091909,-6.73528411991835,-17.2054833306149,-4.29133089849433,supp_t1change_reduced
19,60774,0.0827689993564646,0.0714433368307732,-0.0113256625256914,0.863165404756016,0.00102593766199211,0.000996149392122708,0.00143879072472349,0.0187703251800203,0.0807802918350937,0.084802149586682,0.0695153759970937,0.0734205491833272,-0.0141456405274397,-0.00850568452394307,0.831987298026023,0.895511887904224,82.7689993564646,71.4433368307732,-11.3256625256914,80.7802918350937,84.8021495866821,69.5153759970937,73.4205491833272,-14.1456405274397,-8.50568452394307,-15.8629799488651,-6.78834510251766,supp_t1change_reduced
20,82205,0.0822153384444964,0.0708424460359705,-0.011372892408526,0.861669457017393,0.00078116763457576,0.000755936198487597,0.00109959284935396,0.0144517452538898,0.080697199630585,0.0837594354788101,0.0693750747433235,0.0723384415818793,-0.0135280547909175,-0.00921773002613443,0.837605173720022,0.886425103917552,82.2153384444964,70.8424460359705,-11.372892408526,80.697199630585,83.7594354788101,69.3750747433235,72.3384415818793,-13.5280547909175,-9.21773002613443,-14.840527908282,-7.90525690876987,supp_t1change_reduced
21,96740,0.081496080349539,0.0702238951106672,-0.0112721852388717,0.861684326528036,0.00073744058265346,0.000711836666652655,0.00103841321168346,0.0137653688969845,0.080062353638756,0.0829531665533359,0.0688414689680563,0.0716319465813493,-0.0133074377348419,-0.00923693274290159,0.838747213266171,0.885248698106193,81.496080349539,70.2238951106672,-11.2721852388717,80.062353638756,82.9531665533359,68.8414689680563,71.6319465813493,-13.3074377348419,-9.23693274290159,-14.5468868871818,-7.99748359056173,supp_t1change_reduced
22,110682,0.0801870243450978,0.0692127865581485,-0.0109742377869492,0.863141974944477,0.000718210774439666,0.00069369947115898,0.00101156494462402,0.0136162048944658,0.0787905880194461,0.0816060177960886,0.0678654600881037,0.0705848358832836,-0.0129568686464355,-0.00899160692746289,0.840411724202796,0.886487000901568,80.1870243450978,69.2127865581485,-10.9742377869492,78.7905880194461,81.6060177960886,67.8654600881037,70.5848358832836,-12.9568686464355,-8.99160692746289,-14.1642717293743,-7.78420384452412,supp_t1change_reduced
23,119247,0.0794521954631225,0.0688458881460779,-0.0106063073170446,0.866507058046402,0.00065981160841241,0.000639358048677557,0.000932171459588127,0.0126390625499144,0.0781685667978503,0.080755056400142,0.0676032816679389,0.0701096173811545,-0.0124333298052534,-0.00877928482883572,0.845305539486761,0.888240342184566,79.4521954631225,68.8458881460779,-10.6063073170446,78.1685667978503,80.755056400142,67.6032816679389,70.1096173811545,-12.4333298052534,-8.77928482883572,-13.5459688899862,-7.66664574410294,supp_t1change_reduced
24,125425,0.0791021173396085,0.0689462741050831,-0.0101558432345254,0.871610981145759,0.000585744745320526,0.0005679264965916,0.000830679647859554,0.0112763986973175,0.0779616673565521,0.0802577980719628,0.0678414444336225,0.0700677439863845,-0.0117839454270206,-0.00852774104203027,0.852558532398245,0.891089202188642,79.1021173396085,68.9462741050831,-10.1558432345254,77.9616673565521,80.2577980719628,67.8414444336226,70.0677439863845,-11.7839454270206,-8.52774104203027,-12.7754439690473,-7.53624250000349,supp_t1change_reduced
25,130505,0.0797884719366797,0.0701170174077045,-0.00967145452897514,0.87878631719316,0.000551923016575873,0.000531501565440868,0.000782579489061609,0.0104801917138176,0.0787133980225756,0.080876940281754,0.0690824214367933,0.0711659232524003,-0.0112052821425756,-0.00813762691537463,0.860919472520782,0.897023956287939,79.7884719366797,70.1170174077045,-9.67145452897514,78.7133980225756,80.876940281754,69.0824214367933,71.1659232524003,-11.2052821425756,-8.13762691537463,-12.139368374764,-7.20354068318631,supp_t1change_reduced
26,131877,0.0810241173933611,0.071929284094793,-0.0090948332985681,0.887751528913127,0.000582127908659546,0.000557511847802747,0.000822927025930221,0.0107896096296814,0.0798904679042195,0.0821724167779753,0.070844208284551,0.0730296730721022,-0.010707740631296,-0.00748192596584021,0.869175140706935,0.906724939747586,81.0241173933611,71.929284094793,-9.0948332985681,79.8904679042195,82.1724167779753,70.844208284551,73.0296730721022,-10.707740631296,-7.48192596584021,-11.6899856501871,-6.49968094694912,supp_t1change_reduced
27,130884,0.0825428772221495,0.0741713872024396,-0.00837149001970994,0.89858010404484,0.000638503651502213,0.000613399089946631,0.000901876446646975,0.0115342063939014,0.0813000351553828,0.0838029856311823,0.0729780739423929,0.0753826264142611,-0.010139135373643,-0.00660384466577691,0.878494130394776,0.919125325313656,82.5428772221495,74.1713872024396,-8.37149001970994,81.3000351553828,83.8029856311823,72.9780739423929,75.3826264142611,-10.139135373643,-6.60384466577691,-11.2156143559353,-5.52736568348462,supp_t1change_reduced
28,126880,0.0844762491249769,0.0769830769078353,-0.00749317221714169,0.911298473893461,0.000664252526699623,0.000644803120898768,0.00094259659720518,0.0116973114392581,0.0831834117147107,0.0857872996808738,0.0757287561370718,0.0782564143691183,-0.00934062759961385,-0.00564571683466953,0.890643439921537,0.932432521586542,84.4762491249769,76.9830769078353,-7.49317221714169,83.1834117147107,85.7872996808738,75.7287561370718,78.2564143691183,-9.34062759961385,-5.64571683466953,-10.4657101200012,-4.52063431428213,supp_t1change_reduced
29,120282,0.0875025616281677,0.0809874298904728,-0.00651513173769493,0.9255435313382,0.000659857142475448,0.000646575357514378,0.000942498898718722,0.011203604299292,0.0862178769607104,0.0888045283454832,0.0797291727379588,0.0822637693391889,-0.00836239563465229,-0.00466786784073757,0.905441350981893,0.946092010789019,87.5025616281677,80.9874298904728,-6.51513173769493,86.2178769607104,88.8045283454832,79.7291727379588,82.2637693391889,-8.36239563465229,-4.66786784073757,-9.48736154220688,-3.54290193318297,supp_t1change_reduced
30,111577,0.089853403325402,0.0845214162781245,-0.00533198704727751,0.940659041839875,0.000642148611067526,0.00063187225703727,0.000921423777083029,0.010577724608744,0.0886027342628031,0.0911199611721061,0.0832911765685155,0.0857681269549696,-0.00713794446485911,-0.00352602962969591,0.921358101365109,0.960364305348929,89.853403325402,84.5214162781245,-5.33198704727751,88.6027342628031,91.1199611721061,83.2911765685155,85.7681269549696,-7.13794446485911,-3.52602962969591,-8.23775512462514,-2.42621896992988,supp_t1change_reduced
31,102027,0.0924235713671403,0.0883834134112406,-0.00404015795589963,0.956286498172088,0.000655249132017052,0.000644688435486813,0.00094063958693225,0.0104088567147631,0.0911472957974949,0.0937158750401972,0.0871279770845376,0.0896551628233702,-0.00588377766871947,-0.00219653824307978,0.936974969237507,0.975996047504263,92.4235713671403,88.3834134112406,-4.04015795589963,91.1472957974949,93.7158750401972,87.1279770845376,89.6551628233702,-5.88377766871947,-2.19653824307978,-7.00652430326044,-1.07379160853881,supp_t1change_reduced
32,91764,0.0956368799304802,0.0929592503819672,-0.00267762954851306,0.972002123548369,0.000722103859245835,0.00071300489737851,0.00103584643666925,0.0109861456762169,0.0942309167879665,0.0970615726702481,0.0915711824174473,0.0943661734779086,-0.00470785125789893,-0.000647407839127183,0.951296260553491,0.993158669238156,95.6368799304802,92.9592503819672,-2.67762954851306,94.2309167879665,97.0615726702481,91.5711824174473,94.3661734779086,-4.70785125789893,-0.647407839127183,-5.94423670970048,0.588977612674372,supp_t1change_reduced
33,81398,0.0986898414960846,0.0974224688321782,-0.00126737266390642,0.987158023108622,0.000827906451903811,0.000825152202904815,0.00118848120068718,0.0121209043314216,0.0970790120152635,0.10032442960371,0.0958171319928663,0.0990517553402969,-0.00359675301355621,0.00106200768574337,0.96398293785674,1.0108902598985,98.6898414960846,97.4224688321782,-1.26737266390642,97.0790120152635,100.32442960371,95.8171319928663,99.0517553402969,-3.59675301355621,1.06200768574337,-5.015323193702,2.48057786588916,supp_t1change_reduced
34,70747,0.102231401570885,0.102364392230641,0.000132990659756332,1.00130087876829,0.000941601828978544,0.000948862291410799,0.00135501938104305,0.0132457624371201,0.100400600860079,0.10409172396046,0.100519566433448,0.104239152204337,-0.0025227985254418,0.00278877984495446,0.975640418652038,1.02763623836676,102.231401570885,102.364392230641,0.132990659756332,100.400600860079,104.09172396046,100.519566433448,104.239152204337,-2.5227985254418,2.78877984495446,-4.14014854019666,4.40612985970932,supp_t1change_reduced
35,59784,0.105903314387637,0.107370514237026,0.00146719984938898,1.01385414477226,0.00103008346159024,0.00104784974343563,0.00148750649752788,0.0139486373450654,0.103901286590397,0.107939271688781,0.105333978681513,0.109441607773035,-0.00144825931253498,0.00438265901131294,0.986512015707373,1.04195408723415,105.903314387637,107.370514237026,1.46719984938898,103.901286590397,107.939271688781,105.333978681513,109.441607773035,-1.44825931253498,4.38265901131294,-3.22374584016881,6.15814553894677,supp_t1change_reduced
36,50300,0.110522605197312,0.113214861907848,0.0026922567105364,1.02435933088738,0.00109130742885517,0.00111427715075909,0.00157834130985424,0.0141084324372307,0.108401737958251,0.112679722898679,0.111049225329825,0.115417248461189,-0.000401235412089677,0.00578574883316247,0.996421771848538,1.0530801999934,110.522605197312,113.214861907848,2.6922567105364,108.401737958251,112.679722898679,111.049225329825,115.417248461189,-0.401235412089677,5.78574883316247,-2.28514229673951,7.6696557178123,supp_t1change_reduced
37,39582,0.115379066770818,0.119175226141318,0.0037961593705006,1.03290163005081,0.00116662858737944,0.00118930331900543,0.00168388530151319,0.0143593547320709,0.113112144432851,0.117685392718246,0.116863875371645,0.121526000530281,0.000495804825438369,0.00709651391556282,1.00423709123873,1.06238435790656,115.379066770818,119.175226141318,3.7961593705006,113.112144432851,117.685392718246,116.863875371645,121.526000530281,0.495804825438369,7.09651391556282,-1.51407928053762,9.10639802153882,supp_t1change_reduced
38,30385,0.120600838942032,0.125380583199245,0.00477974425721263,1.03963276125724,0.00133289514036379,0.00136054248961458,0.00191965400485312,0.0156107419198788,0.118012730584881,0.12323777566041,0.122738170548594,0.128071578871046,0.00101729154492243,0.00854219696950283,1.00830534427249,1.07193350151209,120.600838942032,125.380583199245,4.77974425721263,118.012730584881,123.23777566041,122.738170548594,128.071578871046,1.01729154492243,8.54219696950283,-1.27400589075224,10.8334944051775,supp_t1change_reduced
39,22837,0.125617283825662,0.131250852388801,0.00563356856313829,1.0448470814809,0.00165269000780223,0.00170244584836438,0.00238584410657613,0.0185777671337506,0.122413673839858,0.128892419788021,0.127949974691105,0.134623740594865,0.000957400041521929,0.0103097370847547,1.00748667274098,1.08359291811676,125.617283825662,131.250852388801,5.63356856313829,122.413673839858,128.892419788021,127.949974691105,134.623740594865,0.957400041521929,10.3097370847547,-1.89034151476737,13.157478641044,supp_t1change_reduced
40,15853,0.131712331155273,0.138125680157512,0.00641334900223928,1.04869209242587,0.00216818898453566,0.00225789988212297,0.00313973659677712,0.0232686249739895,0.127520604580162,0.136020362879557,0.13375951486093,0.1426109020601,0.000259578351613772,0.0125671196528648,1.00193997387149,1.09762573946132,131.712331155273,138.125680157512,6.41334900223928,127.520604580162,136.020362879557,133.75951486093,142.6109020601,0.259578351613772,12.5671196528648,-3.48800865870258,16.3147066631811,supp_t1change_reduced
41,10370,0.137771509127634,0.144844594888756,0.00707308576112201,1.05133924862919,0.00284974985582464,0.00299222921713095,0.0041391678385206,0.0292836300003039,0.132280632068433,0.143452628198212,0.139077980096288,0.15080842812072,-0.00103953412834488,0.0151857056505889,0.992696765368313,1.11344597289797,137.771509127634,144.844594888756,7.07308576112201,132.280632068433,143.452628198212,139.077980096288,150.80842812072,-1.03953412834488,15.1857056505889,-5.98004144385718,20.1262129661012,supp_t1change_reduced
42,6233,0.143817724206441,0.151467709714394,0.00764998550795235,1.05319223030516,0.00368239483871237,0.00389027383373369,0.00536220864380341,0.0363037852034628,0.136749941778934,0.151186821903786,0.143999521399469,0.159251160312986,-0.0028597503114917,0.0181597213273964,0.980857254581636,1.13086167104739,143.817724206441,151.467709714394,7.64998550795235,136.749941778934,151.186821903786,143.999521399469,159.251160312986,-2.8597503114917,18.1597213273964,-9.260078122669,24.5600491385737,supp_t1change_reduced
43,3273,0.149563022235259,0.157722917476205,0.00815989524094626,1.05455823985765,0.00464408151335385,0.00492980107028846,0.00677719400439644,0.0440868229825285,0.140687165265255,0.158895306721695,0.148299432825034,0.167627351336528,-0.00512316092391154,0.0214429514058041,0.967261267953937,1.14973391171146,149.563022235259,157.722917476205,8.15989524094626,140.687165265255,158.895306721695,148.299432825034,167.627351336528,-5.12316092391154,21.4429514058041,-13.2124140935375,29.5322045754301,supp_t1change_reduced
44,1704,0.156436516152884,0.165062559843819,0.00862604369093464,1.05514085779374,0.00571927803956276,0.00608830542368038,0.00835704155069339,0.0519569774926824,0.145551156763681,0.167975919938058,0.153473042056675,0.177343913009682,-0.00775345676572916,0.0250055441475984,0.952981743752967,1.16825137216302,156.436516152884,165.062559843819,8.62604369093464,145.551156763681,167.975919938058,153.473042056675,177.343913009682,-7.75345676572916,25.0055441475984,-17.7284146625797,34.980502044449,supp_t1change_reduced
45,701,0.154974855588645,0.163738535297761,0.0087636797091161,1.05654904259035,0.00665025477387441,0.00710015862787903,0.00973022617010258,0.0610188449126293,0.142383385601203,0.16846110831647,0.15029352506392,0.178134163147995,-0.0103072131457141,0.0278345725639463,0.937454775711149,1.19077304668033,154.974855588645,163.738535297761,8.7636797091161,142.383385601203,168.46110831647,150.29352506392,178.134163147995,-10.3072131457141,27.8345725639463,-21.9212030708394,39.4485624890716,supp_t1change_reduced
15,1199,0.0733942143624225,0.0665440104706952,-0.00685020389172736,0.906665614568733,0.00336223528836373,0.00271296311997709,0.00431700348040545,0.0612778338025419,0.0670707007422039,0.0802626252493522,0.0614199578510193,0.0720627235158455,-0.0153113752344561,0.00161096745100138,0.804057965453633,1.02236725703914,73.3942143624225,66.5440104706952,-6.85020389172736,67.0707007422039,80.2626252493522,61.4199578510193,72.0627235158455,-15.3113752344561,1.61096745100138,-20.4641470253333,6.76373924187859,supp_t1change_same_or_more
16,4170,0.0746734198263207,0.0666257497907412,-0.0080476700355795,0.89222845218155,0.00267371504939941,0.0021331428386626,0.00341742726391805,0.0479899620593576,0.0695991476329002,0.0800857984007014,0.0625647192771543,0.0709304338339828,-0.0147457043926441,-0.00134963567851487,0.812132589866214,0.980223698464588,74.6734198263208,66.6257497907412,-8.0476700355795,69.5991476329002,80.0857984007015,62.5647192771543,70.9304338339829,-14.7457043926441,-1.34963567851487,-18.8247427540489,2.72940268288987,supp_t1change_same_or_more
17,11232,0.0765360662538347,0.0672854974952688,-0.00925056875856589,0.879134515120152,0.0020218775876747,0.00159957120140335,0.00257471013774087,0.0354912675087907,0.0726661555553951,0.0805941613034981,0.0642173556890793,0.070489185353545,-0.0142969078991682,-0.00420422961796363,0.820059018857828,0.942465698081101,76.5360662538347,67.2854974952688,-9.25056875856589,72.6661555553951,80.5941613034982,64.2173556890793,70.489185353545,-14.2969078991682,-4.20422961796363,-17.3700797943622,-1.13105772276962,supp_t1change_same_or_more
18,29922,0.0796225420992159,0.0691082391876002,-0.0105143029116157,0.867948163492268,0.00145676345078156,0.00114862275845533,0.00185496255449533,0.0247158603843903,0.0768136982033637,0.0825249154234675,0.0668906447509613,0.0713937274513798,-0.0141499627110969,-0.00687864311213442,0.826904984956597,0.911028507766394,79.6225420992159,69.1082391876002,-10.5143029116157,76.8136982033637,82.5249154234675,66.8906447509613,71.3937274513798,-14.1499627110969,-6.87864311213442,-16.3640444850221,-4.66456133820929,supp_t1change_same_or_more
19,60774,0.0823639455238986,0.0707603059192187,-0.0116036396046799,0.859117487258876,0.0010189460007763,0.000803439685521304,0.00129666021096891,0.0167795040894923,0.080388760022667,0.0843832089599769,0.0692016897957225,0.0723512977702999,-0.0141450469183651,-0.00906223229099472,0.831323044395978,0.887841209129817,82.3639455238986,70.7603059192187,-11.6036396046799,80.388760022667,84.3832089599769,69.2016897957225,72.3512977702999,-14.1450469183651,-9.06223229099472,-15.6927394758902,-7.51453973346962,supp_t1change_same_or_more
20,82205,0.0818892067383472,0.0698376816128799,-0.0120515251254673,0.852831336320372,0.000776348082436334,0.000604528711822311,0.000984052337619278,0.0128390752547227,0.0803804114184206,0.0834237540140657,0.0686620834562261,0.0710318726426344,-0.0139802322661036,-0.0101228179848311,0.831638351677385,0.874564390570746,81.8892067383472,69.8376816128799,-12.0515251254673,80.3804114184206,83.4237540140657,68.6620834562261,71.0318726426344,-13.9802322661036,-10.1228179848311,-15.1547963240309,-8.94825392690377,supp_t1change_same_or_more
21,96740,0.081277743669547,0.0690960706572853,-0.0121816730122617,0.850122893890989,0.000732736665461333,0.000559459070349056,0.000924043656751103,0.0121465141407001,0.0798531228043223,0.0827254954909484,0.0680075732653583,0.0702006777493232,-0.0139927652996365,-0.0103705807248868,0.830123255052019,0.870604371482525,81.277743669547,69.0960706572853,-12.1816730122617,79.8531228043223,82.7254954909485,68.0075732653583,70.2006777493232,-13.9927652996365,-10.3705807248868,-15.0957030456119,-9.26764297891147,supp_t1change_same_or_more
22,110682,0.0800379132705696,0.068120640481786,-0.0119172727887836,0.851104654009444,0.000712828361069055,0.000541157130426298,0.00089776762939836,0.0119727640360138,0.0786518815556707,0.0814462109766858,0.0670676151070179,0.0691889731845638,-0.0136768650088903,-0.0101576805686769,0.831364986801964,0.87131301362958,80.0379132705696,68.1206404817861,-11.9172727887836,78.6518815556707,81.4462109766858,67.0676151070179,69.1889731845638,-13.6768650088903,-10.1576805686769,-14.7484397103061,-9.08610586726107,supp_t1change_same_or_more
23,119247,0.0793175583954836,0.0678949989730943,-0.0114225594223893,0.855989522957382,0.000653463454223927,0.000496861657800737,0.000824177838574221,0.011064723534729,0.0780462063121709,0.0806078097627759,0.0669276194198599,0.0688753290066392,-0.0130379183028508,-0.00980720054192776,0.837625980533423,0.874755655198507,79.3175583954836,67.8949989730943,-11.4225594223893,78.0462063121709,80.6078097627759,66.9276194198599,68.8753290066392,-13.0379183028508,-9.80720054192776,-14.0216562906814,-8.82346255409724,supp_t1change_same_or_more
24,125425,0.0789814134824489,0.0682614202570489,-0.0107199932254,0.864271950162272,0.000578816667470475,0.000436499307274546,0.000728908586247103,0.00978075319709322,0.0778543765631166,0.0801233480366466,0.0674108497789368,0.0691219275296046,-0.0121486278024664,-0.0092913586483337,0.847861716562131,0.880999801319087,78.981413482449,68.2614202570489,-10.7199932254,77.8543765631166,80.1233480366466,67.4108497789368,69.1219275296046,-12.1486278024664,-9.2913586483337,-13.0186524893562,-8.42133396144382,supp_t1change_same_or_more
25,130505,0.0796252365507988,0.0697462326756919,-0.0098790038751069,0.875931246134454,0.00054450423296324,0.000398625363045163,0.000679380369479908,0.00897437470721974,0.0785645398540129,0.0806989994933359,0.0689689776887604,0.0705315834610282,-0.011210564931091,-0.00854744281912277,0.860658806887921,0.891474695679927,79.6252365507988,69.7462326756919,-9.8790038751069,78.5645398540129,80.6989994933359,68.9689776887604,70.5315834610282,-11.210564931091,-8.54744281912277,-12.0214727793291,-7.73653497088471,supp_t1change_same_or_more
26,131877,0.0808240885236734,0.0719616289074627,-0.00886245961621073,0.890348783659776,0.000575039725792896,0.000409998398268973,0.000710914372538924,0.00917714464530267,0.079704174612308,0.0819583368392002,0.0711621740195178,0.0727693614504257,-0.0102558261824789,-0.00746909304994254,0.874477359719698,0.906508267770979,80.8240885236734,71.9616289074627,-8.86245961621073,79.704174612308,81.9583368392002,71.1621740195178,72.7693614504257,-10.2558261824789,-7.46909304994254,-11.1043729907395,-6.62054624168199,supp_t1change_same_or_more
27,130884,0.0823050965710589,0.0746717382245773,-0.00763335834648166,0.907255338192923,0.00063127188124661,0.000450809080333403,0.000780357851492425,0.00982094390851248,0.0810762618864269,0.0835508627038165,0.0737929602438313,0.0755601275610767,-0.00916283163045986,-0.00610388506250345,0.889958857071569,0.924887978965709,82.3050965710589,74.6717382245773,-7.63335834648166,81.0762618864269,83.5508627038165,73.7929602438313,75.5601275610767,-9.16283163045986,-6.10388506250345,-10.0942661178794,-5.17245057508393,supp_t1change_same_or_more
28,126880,0.0842390005313678,0.0780334775881219,-0.00620552294324586,0.926334323720578,0.000656688729949436,0.000477716171972294,0.000817405313082475,0.0099785727522778,0.0829608104079785,0.0855350470771499,0.0771022979175405,0.0789749409441878,-0.0078076079176592,-0.00460343796883252,0.908393420281546,0.944629562636971,84.2390005313678,78.0334775881219,-6.20552294324586,82.9608104079785,85.5350470771499,77.1022979175405,78.9749409441878,-7.8076079176592,-4.60343796883252,-8.78326222465294,-3.62778366183878,supp_t1change_same_or_more
29,120282,0.0872354635407051,0.0826110498402781,-0.00462441370042704,0.946989291823167,0.000651143839762754,0.000481802932240224,0.000816598686941198,0.00955065955259597,0.0859676596123618,0.0885201536332993,0.0816716312903261,0.0835602907280206,-0.00622491771665449,-0.0030239096841996,0.92942752946498,0.964882888011694,87.2354635407051,82.6110498402781,-4.62441370042704,85.9676596123618,88.5201536332993,81.6716312903261,83.5602907280206,-6.22491771665449,-3.0239096841996,-7.1996092353518,-2.04921816550228,supp_t1change_same_or_more
30,111577,0.089579109330212,0.0867486571792058,-0.00283045215100629,0.968402765196375,0.000632156269944003,0.000468606320341735,0.000795023387451131,0.00897967239279297,0.0883478069546285,0.090825862676155,0.0858345950893397,0.0876715196991034,-0.00438866935727754,-0.00127223494473504,0.951508144179,0.98559736075529,89.5791093302121,86.7486571792058,-2.83045215100629,88.3478069546285,90.825862676155,85.8345950893397,87.6715196991034,-4.38866935727754,-1.27223494473504,-5.33760861631216,-0.323295685700417,supp_t1change_same_or_more
31,102027,0.0921624002335507,0.0912387398591228,-0.00092366037442794,0.989977904524109,0.000644173600247288,0.000469340158583193,0.000806666886219054,0.00878381355908863,0.090907589428757,0.0934327512635733,0.0903230122612917,0.0921628108418218,-0.00250469841893835,0.000657377670082475,0.973080357363559,1.0071688777084,92.1624002335508,91.2387398591228,-0.92366037442794,90.907589428757,93.4327512635733,90.3230122612918,92.1628108418218,-2.50469841893835,0.657377670082475,-3.46753534849161,1.62021459963573,supp_t1change_same_or_more
32,91764,0.0953737824177517,0.0964190955478399,0.00104531313008817,1.01096017273919,0.000710336460380693,0.000509279064512377,0.00088482797511628,0.00924305356752,0.0939906097312092,0.0967751357750005,0.0954255318882225,0.0974218899815054,-0.000688917833653243,0.00277954409382958,0.992810462506164,1.02944168042397,95.3737824177517,96.4190955478399,1.04531313008817,93.9906097312092,96.7751357750005,95.4255318882225,97.4218899815054,-0.688917833653243,2.77954409382958,-1.74504777439862,3.83567403457495,supp_t1change_same_or_more
33,81398,0.098430577439026,0.101439273356498,0.00300869591747194,1.03056667953955,0.000815809189326273,0.000585660304032626,0.00101552005208428,0.0102129537398227,0.0968431495787416,0.100041143736903,0.100297147907932,0.102592921608567,0.00101831318980851,0.00499907864513536,1.01014289773926,1.05140340377003,98.430577439026,101.439273356498,3.00869591747194,96.8431495787416,100.041143736903,100.297147907932,102.592921608567,1.01831318980851,4.99907864513536,-0.193810706130199,6.21120254107408,supp_t1change_same_or_more
34,70747,0.101913161071921,0.106795996501755,0.00488283542983368,1.04791172581123,0.000928850974991707,0.000675469531239276,0.00115992188089493,0.0112025262835909,0.100107007543312,0.10374814469513,0.105479307058738,0.108127135317509,0.00260943031839967,0.0071562405412677,1.02515395693946,1.07117470274518,101.913161071921,106.795996501755,4.88283542983368,100.107007543312,103.74814469513,105.479307058738,108.127135317509,2.60943031839967,7.1562405412677,1.22494851878451,8.54072234088285,supp_t1change_same_or_more
35,59784,0.105572905449584,0.112145858947546,0.0065729534979624,1.06225985227906,0.00101708743429444,0.000750478748003823,0.00127590166157403,0.0118385151929188,0.103595985455775,0.107583023291051,0.110683353907476,0.113625219618108,0.00407223219346249,0.00907367480246231,1.03789592156718,1.08719571039465,105.572905449584,112.145858947546,6.5729534979624,103.595985455775,107.583023291051,110.683353907476,113.625219618108,4.07223219346249,9.07367480246231,2.54931702336062,10.5965899725642,supp_t1change_same_or_more
36,50300,0.110142831695215,0.118162863881234,0.00802003218601859,1.0728148356328,0.00107771602251535,0.000797727721456682,0.00135337180346254,0.0119963670243349,0.108048226994708,0.112272930880685,0.116608282314009,0.119735361498942,0.00536747219354,0.0106725921784972,1.04788456765636,1.09833822071448,110.142831695215,118.162863881234,8.02003218601859,108.048226994708,112.272930880685,116.608282314009,119.735361498942,5.36747219354,10.6725921784972,3.75208872602529,12.2879756460119,supp_t1change_same_or_more
37,39582,0.114944261208906,0.124124748600407,0.00918048739150086,1.07986903647861,0.00115193614464125,0.000839073726443086,0.00143745307240473,0.0121902806281045,0.112705729313244,0.117221380435298,0.122489523056786,0.125778675237219,0.00636313114012114,0.0119978436428806,1.05437403625194,1.10598051151802,114.944261208906,124.124748600407,9.18048739150086,112.705729313244,117.221380435298,122.489523056786,125.778675237219,6.36313114012114,11.9978436428806,4.64738833939928,13.7135864436024,supp_t1change_same_or_more
38,30385,0.120101935848541,0.130151947855558,0.0100500120070175,1.08367901762792,0.00131718422170397,0.000930823223525042,0.00162381781886395,0.0131792136245798,0.117544167222886,0.122707622413828,0.128338415715986,0.131987226351288,0.00686738756458982,0.0132326364494453,1.05604517731831,1.11203596064815,120.101935848541,130.151947855558,10.0500120070175,117.544167222886,122.707622413828,128.338415715986,131.987226351288,6.86738756458982,13.2326364494453,4.92919995632315,15.1708240577119,supp_t1change_same_or_more
39,22837,0.125069576514976,0.135683269259626,0.0106136927446504,1.08486230656885,0.00163719763472905,0.00113175540987436,0.00199986627384776,0.0155942460949755,0.121895849018864,0.128313861665295,0.13348031559056,0.137916793669243,0.00669402687401251,0.0145333586152884,1.05220599916086,1.11853213643763,125.069576514976,135.683269259626,10.6136927446504,121.895849018864,128.313861665295,133.48031559056,137.916793669243,6.69402687401251,14.5333586152884,4.30698814027453,16.9203973490263,supp_t1change_same_or_more
40,15853,0.131122397136558,0.142093234740747,0.0109708376041894,1.08366867784429,0.00215188410380164,0.00147506045700817,0.00261640948104153,0.0194729747361742,0.126962069076332,0.135397909294216,0.139226635922605,0.145008912231845,0.00584276925253891,0.01609890595584,1.04308834936614,1.12582774417374,131.122397136558,142.093234740747,10.9708376041894,126.962069076332,135.397909294216,139.226635922605,145.008912231845,5.84276925253891,16.09890595584,2.71982505560065,19.2218501527782,supp_t1change_same_or_more
41,10370,0.137108238656937,0.148147272809703,0.011039034152766,1.08051328104642,0.00283200481946123,0.0019432167280735,0.00343954249754326,0.024502424218114,0.131651515401838,0.142753951529404,0.144378938894171,0.151996489202383,0.0042976547342863,0.0177804135712458,1.02984913378751,1.13366988640746,137.108238656937,148.147272809703,11.039034152766,131.651515401838,142.753951529404,144.378938894171,151.996489202383,4.2976547342863,17.7804135712458,0.192219648280834,21.8858486572512,supp_t1change_same_or_more
42,6233,0.142877970842368,0.153750739383999,0.0108727685416307,1.07609828497373,0.00365743320951127,0.00251717020758464,0.0044438119765222,0.0304118079501636,0.13585827862746,0.150197323522768,0.148881685953603,0.158749330302488,0.0021630571135794,0.0195824799696819,1.0138305210476,1.14219043013899,142.877970842368,153.750739383999,10.8727685416307,135.85827862746,150.197323522768,148.881685953603,158.749330302488,2.1630571135794,19.5824799696819,-3.14107319359268,24.886610276854,supp_t1change_same_or_more
43,3273,0.148683183516475,0.159218979547229,0.0105357960307534,1.0708607105496,0.00461791889466526,0.00318642293420429,0.00561422897180683,0.0369715803784445,0.13985769571754,0.157963312309981,0.153072537733765,0.16556397731128,-0.000467890554949359,0.0215394826164561,0.996007751801228,1.15133909281826,148.683183516475,159.218979547229,10.5357960307534,139.85769571754,157.963312309981,153.072537733765,165.56397731128,-0.467890554949359,21.5394826164561,-7.16902962160929,28.240621683116,supp_t1change_same_or_more
44,1704,0.155494726140495,0.165537257092597,0.0100425309521013,1.06458438302935,0.00568883912456998,0.00392961839371328,0.00691714775569611,0.0436308342028857,0.144668008969168,0.16697352352541,0.157978268415054,0.17338345472374,-0.00351482952480518,0.0235998914290077,0.977330512076815,1.15962808342251,155.494726140495,165.537257092597,10.0425309521013,144.668008969168,166.97352352541,157.978268415054,173.38345472374,-3.51482952480518,23.5998914290077,-11.771131376462,31.8561932806645,supp_t1change_same_or_more
45,701,0.154195187121796,0.163321938552682,0.00912675143088587,1.05918959989119,0.00661884308335264,0.00457492889272546,0.00804807105205782,0.0512689629410581,0.141663863210839,0.16761853794087,0.154552135890384,0.172487843241059,-0.00664717797616683,0.0249006808379386,0.957929366812145,1.17115379002433,154.195187121796,163.321938552682,9.12675143088587,141.663863210839,167.61853794087,154.552135890384,172.487843241059,-6.64717797616683,24.9006808379386,-16.2533489408759,34.5068518026477,supp_t1change_same_or_more
15,1199,0.0731100306994172,0.0627296176624683,-0.0103804130369488,0.858016568483925,0.00335938328738461,0.00308067450790443,0.00455279718175464,0.067176819922139,0.0667927578603199,0.0799735891584744,0.0569559534630883,0.0690457104174037,-0.0193037315421034,-0.00145709453179429,0.752167668287495,0.978761069947427,73.1100306994172,62.7296176624683,-10.3804130369488,66.7927578603199,79.9735891584744,56.9559534630883,69.0457104174038,-19.3037315421034,-1.45709453179429,-24.7379465002825,3.97712042638483,supp_t1dose_1_5
16,4170,0.0743514447846229,0.0642075032156015,-0.0101439415690214,0.863567660340618,0.00267156804491469,0.00246255432324296,0.00362723737359028,0.0524661479614124,0.069281885194896,0.0797601691166569,0.059546651364269,0.0692063244075587,-0.017253196184636,-0.00303468695340682,0.779178757506264,0.957096297610724,74.3514447846229,64.2075032156015,-10.1439415690214,69.281885194896,79.7601691166569,59.546651364269,69.2063244075587,-17.253196184636,-3.03468695340682,-21.5826637197644,1.29478058172155,supp_t1dose_1_5
17,11232,0.076368624382819,0.0664069818772012,-0.0099616425056178,0.869558439920532,0.00202495339654785,0.00187922555996325,0.00275340000413585,0.0386507986527065,0.0724931868688279,0.0804332737297087,0.0628172919395055,0.0701864418446454,-0.0153582073487565,-0.0045650776624791,0.806118995859596,0.937990401318774,76.368624382819,66.4069818772012,-9.9616425056178,72.4931868688279,80.4332737297087,62.8172919395055,70.1864418446454,-15.3582073487565,-4.5650776624791,-18.6446633209856,-1.27862169024997,supp_t1dose_1_5
18,29922,0.0797609872383128,0.0698467592394372,-0.00991422799887562,0.875700786284735,0.00146238556731699,0.00137350077914366,0.00200056427504644,0.0268095811023033,0.0769413927325234,0.0826746540398681,0.0672022604604928,0.0725872246213877,-0.0138352619267241,-0.00599319407102711,0.830874408963694,0.922945584587395,79.7609872383128,69.8467592394372,-9.91422799887562,76.9413927325234,82.6746540398681,67.2022604604928,72.5872246213877,-13.8352619267241,-5.99319407102711,-16.2231337941167,-3.60532220363453,supp_t1dose_1_5
19,60774,0.0826405117208292,0.0728687382411138,-0.00977177347971538,0.881755651359884,0.00102398345969511,0.000985493923363932,0.00141152857018219,0.018218102576269,0.0806555881515313,0.0846697851330291,0.0709606370343943,0.0748240151705028,-0.0125383186404218,-0.00700522831900898,0.850826434858201,0.913809205792566,82.6405117208292,72.8687382411139,-9.77177347971538,80.6555881515314,84.6697851330291,70.9606370343943,74.8240151705028,-12.5383186404218,-7.00522831900898,-14.2231179766894,-5.32042898274138,supp_t1dose_1_5
20,82205,0.0821437081506315,0.0728944647690078,-0.00924924338162374,0.887401681883378,0.000780445506713632,0.000778595391103955,0.00109008779676132,0.0141366036461874,0.0806269732349995,0.0836863783329449,0.0713830862730359,0.0744352783162776,-0.0113857762032626,-0.00711271055998492,0.863151736628152,0.912332920843902,82.1437081506315,72.8944647690078,-9.24924338162374,80.6269732349995,83.6863783329449,71.3830862730359,74.4352783162776,-11.3857762032626,-7.11271055998492,-12.6869040976982,-5.81158266554929,supp_t1dose_1_5
21,96740,0.0814694360170549,0.0727558965940796,-0.00871353942297533,0.893045295892914,0.000737056460962025,0.000749270015275651,0.00103872718156485,0.0135487849968592,0.0800364542627446,0.0829257613763311,0.0713009434059762,0.0742381659611815,-0.0107494072886052,-0.00667767155734543,0.869642469204659,0.917077912772419,81.4694360170549,72.7558965940796,-8.71353942297533,80.0364542627446,82.9257613763311,71.3009434059762,74.2381659611815,-10.7494072886052,-6.67767155734543,-11.9892311951364,-5.4378476508143,supp_t1dose_1_5
22,110682,0.0802173224088935,0.0720757200880867,-0.00814160232080685,0.898505683357187,0.000718463408132794,0.000733838227389095,0.00101317835626839,0.0133793627359386,0.0788203941562601,0.0816368142475066,0.0706505934850249,0.0735273192269763,-0.0101273954090084,-0.00615580923260531,0.875250352422916,0.922378906549788,80.2173224088935,72.0757200880867,-8.14160232080685,78.8203941562601,81.6368142475066,70.6505934850249,73.5273192269763,-10.1273954090084,-6.15580923260531,-11.3367242587541,-4.94648038285956,supp_t1dose_1_5
23,119247,0.079510830286861,0.0719045638776483,-0.00760626640921276,0.904336725176046,0.000660349551708307,0.000678286837586969,0.000930423626257228,0.0123545349151395,0.0782261551050031,0.0808147534493405,0.0705864308842132,0.0732453718724337,-0.00942986320704208,-0.00578266961138344,0.882701711674887,0.926502012724489,79.510830286861,71.9045638776483,-7.60626640921276,78.2261551050031,80.8147534493405,70.5864308842132,73.2453718724337,-9.42986320704208,-5.78266961138344,-10.5404160793538,-4.67211673907173,supp_t1dose_1_5
24,125425,0.0792043082099998,0.0721320014363851,-0.00707230677361467,0.910708054480277,0.000586775969607663,0.000606601246927722,0.00082499965501433,0.0109574755472197,0.0780618529823061,0.080362026129737,0.0709520839298435,0.0733299919596102,-0.00868927638470073,-0.00545533716252862,0.891357981162865,0.930478189484801,79.2043082099998,72.1320014363851,-7.07230677361467,78.0618529823061,80.362026129737,70.9520839298435,73.3299919596102,-8.68927638470073,-5.45533716252862,-9.67399529195582,-4.47061825527353,supp_t1dose_1_5
25,130505,0.0798963876965342,0.0733543414917001,-0.00654204620483415,0.918118373139942,0.000552945310789956,0.0005738926394888,0.000775823152867683,0.0101705773471734,0.0788193248926312,0.0809868745639803,0.0722374434079185,0.0744871220119279,-0.00806263164282712,-0.00502146076684117,0.899997840413311,0.936603744193458,79.8963876965342,73.3543414917001,-6.54204620483415,78.8193248926313,80.9868745639803,72.2374434079186,74.4871220119279,-8.06263164282712,-5.02146076684117,-8.98865351771117,-4.09543889195712,supp_t1dose_1_5
26,131877,0.0811471858954773,0.0751956724630327,-0.0059515134324446,0.926657796363875,0.000583591843567389,0.000605013034407509,0.000819771507827174,0.0105255747193487,0.0800106916041426,0.0822983791778562,0.074018424831497,0.0763900993213593,-0.00755823606333796,-0.00434479080155124,0.90773691763813,0.945973062102858,81.1471858954773,75.1956724630327,-5.9515134324446,80.0106916041426,82.2983791778562,74.018424831497,76.3900993213593,-7.55823606333796,-4.34479080155124,-8.53671465842587,-3.36631220646333,supp_t1dose_1_5
27,130884,0.0826850034141656,0.0774477878475262,-0.00523721556663936,0.93666063553984,0.000640242926805536,0.000665138400500724,0.000902736317053673,0.01130821058648,0.0814387828831365,0.0839485514247584,0.0761541500549483,0.0787615273197149,-0.00700654623560089,-0.00346788489767783,0.916129150961157,0.957652253778241,82.6850034141655,77.4477878475262,-5.23721556663936,81.4387828831365,83.9485514247584,76.1541500549483,78.7615273197149,-7.00654623560089,-3.46788489767783,-8.08405155850086,-2.39037957477787,supp_t1dose_1_5
28,126880,0.0846505331680532,0.0802801065367888,-0.00437042663126445,0.948370949742419,0.000666222790912867,0.000697972130836777,0.00094417853555879,0.0114765605790298,0.0833538671420228,0.0859654786344872,0.078922700945185,0.0816587886089673,-0.00622098255593545,-0.00251987070659346,0.927276761881862,0.969944999473551,84.6505331680533,80.2801065367888,-4.37042663126445,83.3538671420229,85.9654786344872,78.922700945185,81.6587886089673,-6.22098255593545,-2.51987070659346,-7.34795327663595,-1.39289998589296,supp_t1dose_1_5
29,120282,0.0877016228388646,0.0843276432394615,-0.00337397959940312,0.961528880650223,0.000661954694292473,0.000700806748810351,0.000940979946854197,0.0109591133678364,0.0864128599319593,0.0890077337765153,0.0829642046543504,0.0857113943838823,-0.00521826640541176,-0.00152969279339448,0.941095981781911,0.982405414773858,87.7016228388646,84.3276432394615,-3.37397959940312,86.4128599319593,89.0077337765153,82.9642046543504,85.7113943838823,-5.21826640541176,-1.52969279339448,-6.34141929327464,-0.406539905531613,supp_t1dose_1_5
30,111577,0.0900772875599842,0.0878838340799871,-0.00219345347999718,0.975649205927338,0.000644383193771456,0.000685391522272162,0.000914781909875737,0.0102913814499428,0.0888222718098835,0.091348258313632,0.0865497363222232,0.0892364869900493,-0.00398639307706239,-0.000400513882931969,0.956166790282677,0.995528586330876,90.0772875599842,87.8838340799871,-2.19345347999718,88.8222718098835,91.348258313632,86.5497363222233,89.2364869900493,-3.98639307706239,-0.400513882931969,-5.07827600961212,0.691369049617759,supp_t1dose_1_5
31,102027,0.0926893513450331,0.0918018571121622,-0.000887494232870961,0.990425068036486,0.000657770678652678,0.000696529482200559,0.000929951981672681,0.0100845680410213,0.091408169288594,0.0939866329995155,0.0904457785334275,0.0931761849033965,-0.00271016662430107,0.000935178158559146,0.971041126780635,1.01019595189265,92.6893513450331,91.8018571121622,-0.887494232870961,91.408169288594,93.9866329995155,90.4457785334275,93.1761849033965,-2.71016662430107,0.935178158559146,-3.82015654202597,2.04516807628405,supp_t1dose_1_5
32,91764,0.0959129413656182,0.096436395818317,0.000523454452698802,1.00545759983216,0.000724569943799248,0.000763867753939081,0.00102492457488676,0.0106554155489278,0.0945021781010339,0.0973425009962104,0.0949495885049772,0.0979439653778317,-0.00148536080094928,0.00253226970634688,0.984677138594916,1.0266766084392,95.9129413656182,96.436395818317,0.523454452698802,94.5021781010339,97.3425009962104,94.9495885049772,97.9439653778317,-1.48536080094928,2.53226970634688,-2.70870992754237,3.75561883293997,supp_t1dose_1_5
33,81398,0.0989964764940396,0.101008841785929,0.00201236529188922,1.02032764562091,0.00083048644542015,0.000877765699012465,0.00118179692961871,0.0118126259026658,0.0973806223671848,0.100636153398077,0.0993014104954568,0.102742282497369,-0.000303914127203467,0.00432864471098191,0.996976056934592,1.044226184949,98.9964764940396,101.008841785929,2.01236529188922,97.3806223671848,100.636153398077,99.3014104954568,102.742282497369,-0.303914127203467,4.32864471098191,-1.71450596691926,5.7392365506977,supp_t1dose_1_5
34,70747,0.102553522605001,0.106097896241149,0.00354437363614756,1.03456120810008,0.000944430113286608,0.00100629065857454,0.00135449850929029,0.012974610166426,0.100717214043099,0.10441942381388,0.104141697480377,0.108086406899729,0.000889605340825405,0.0061991419314697,1.00858424982236,1.06120722536963,102.553522605001,106.097896241149,3.54437363614756,100.717214043099,104.41942381388,104.141697480377,108.086406899729,0.889605340825405,6.1991419314697,-0.727122961835291,7.8158702341304,supp_t1dose_1_5
35,59784,0.106231494717403,0.111307922705882,0.00507642798847967,1.04778646861728,0.00103312197604947,0.00111199809471323,0.00149280154639225,0.0137115480391101,0.104223551141462,0.108273446969052,0.109147039867981,0.113506135654675,0.00215059072148517,0.00800226525547417,1.02000310712283,1.07632660739068,106.231494717403,111.307922705882,5.07642798847967,104.223551141462,108.273446969052,109.147039867981,113.506135654675,2.15059072148517,8.00226525547417,0.368784027897459,9.78407194906188,supp_t1dose_1_5
36,50300,0.110834166623031,0.117431422004373,0.00659725538134169,1.05952366118094,0.0010941906471741,0.00118317785757016,0.00158656451026031,0.0138864436083818,0.108707684922816,0.112996971792594,0.115132213206537,0.119770331518669,0.00348764608208206,0.00970686468060132,1.03107557146023,1.08875665341624,110.834166623031,117.431422004373,6.59725538134169,108.707684922816,112.996971792594,115.132213206537,119.770331518669,3.48764608208206,9.70686468060132,1.59392399221513,11.6005867704683,supp_t1dose_1_5
37,39582,0.115703192099063,0.12378900913036,0.00808581703129714,1.06988413097864,0.00116966389957505,0.00125818217553457,0.00169051673600841,0.0141062914350338,0.113430358489767,0.118015504839824,0.121344035223894,0.126276167088291,0.00477246511345846,0.0113991689491358,1.04070933197311,1.0998768037851,115.703192099063,123.78900913036,8.08581703129714,113.430358489767,118.015504839824,121.344035223894,126.276167088291,4.77246511345846,11.3991689491358,2.75466573274269,13.4169683298516,supp_t1dose_1_5
38,30385,0.120932684136957,0.130473776586373,0.00954109244941596,1.07889589582425,0.00133613419222217,0.00141566089212456,0.00191913344753135,0.0152663493499184,0.118338266816818,0.12357600843111,0.127724119213542,0.133273584563365,0.00577966001072833,0.0133025248881036,1.04709190209308,1.11166589264954,120.932684136957,130.473776586373,9.54109244941596,118.338266816818,123.57600843111,127.724119213542,133.273584563365,5.77966001072833,13.3025248881036,3.48898391184324,15.5932009869887,supp_t1dose_1_5
39,22837,0.125942355657639,0.136881723281682,0.0109393676240425,1.08686011601832,0.00165600186268956,0.00173633849418235,0.00237596249007478,0.0180915336530601,0.122732287989969,0.129224015304138,0.133514020027959,0.140320615840073,0.00628256671487779,0.0155961685332071,1.04899667251766,1.12609023721327,125.942355657639,136.881723281682,10.9393676240425,122.732287989969,129.224015304138,133.514020027959,140.320615840073,6.28256671487779,15.5961685332071,3.44661984788803,18.4321154001969,supp_t1dose_1_5
40,15853,0.132050555486987,0.144431795680469,0.0123812401934812,1.09376136395504,0.00217220184689472,0.00226961058781519,0.00312295299153656,0.0226142667653537,0.127851000078956,0.136366486319179,0.140040127611075,0.148937334373342,0.00626036480465797,0.0185021155823045,1.04634108768492,1.14333073159509,132.050555486987,144.431795680469,12.3812401934812,127.851000078956,136.366486319179,140.040127611075,148.937334373342,6.26036480465797,18.5021155823045,2.53281069170324,22.2296696952593,supp_t1dose_1_5
41,10370,0.13808494818756,0.151847952339465,0.0137630041519045,1.09967056027866,0.00285492883438718,0.00299330009892883,0.00412020533605228,0.0284541011804882,0.132584003850377,0.143776297515778,0.146073765101575,0.157808207721422,0.00568755008433223,0.0218384582194767,1.04002175454482,1.16274042909116,138.08494818756,151.847952339465,13.7630041519045,132.584003850377,143.776297515778,146.073765101575,157.808207721422,5.68755008433223,21.8384582194767,0.769676396114119,26.7563319076948,supp_t1dose_1_5
42,6233,0.144038345538594,0.1591693560987,0.0151310105601058,1.10504848902233,0.00368630802747381,0.00388635358183845,0.00534326961290338,0.0352837799530528,0.13696293111783,0.151415144237455,0.151699167507208,0.166935012644475,0.00465839455912789,0.0256036265610837,1.03121145142189,1.18417242303388,144.038345538594,159.1693560987,15.1310105601058,136.96293111783,151.415144237455,151.699167507208,166.935012644475,4.65839455912789,25.6036265610837,-1.71932764039976,31.9813487606114,supp_t1dose_1_5
43,3273,0.149847556041984,0.166364110778116,0.016516554736132,1.11022238314988,0.00465039602850335,0.00493006003808513,0.00676843489334704,0.0428543037626693,0.140959407639891,0.159192286414566,0.15692461376128,0.17625271558177,0.00325066611346756,0.0297824433587963,1.02078041600934,1.20750135946546,149.847556041984,166.364110778116,16.516554736132,140.959407639891,159.192286414566,156.92461376128,176.25271558177,3.25066611346756,29.7824433587963,-4.82813218843978,37.8612416607037,supp_t1dose_1_5
44,1704,0.15660566625344,0.174510640457123,0.0179049742036831,1.11433158602772,0.0057232760483694,0.00609855647232592,0.00835637893375406,0.05052225219771,0.145712487306321,0.168152905473114,0.162878512732011,0.18678812822354,0.00152677245235594,0.0342831759550103,1.00927571123827,1.23032276492176,156.60566625344,174.510640457123,17.9049742036831,145.712487306321,168.152905473114,162.878512732011,186.78812822354,1.52677245235594,34.2831759550103,-8.44739454546277,44.257342952829,supp_t1dose_1_5
45,701,0.155335852471492,0.174049439460857,0.0187135869893655,1.12047178221654,0.00666250486228268,0.00714595596096295,0.00976425311786197,0.0593391591957307,0.142720724660667,0.168846418307144,0.160485107520722,0.188502814309327,-0.000423997457576913,0.0378511714363079,0.997450471420836,1.25866601973243,155.335852471492,174.049439460857,18.7135869893655,142.720724660667,168.846418307144,160.485107520722,188.502814309327,-0.423997457576913,37.8511714363079,-12.0786019194614,49.5057758981923,supp_t1dose_1_5
15,1199,0.0736181724826843,0.0671596509532697,-0.00645852152941465,0.912270010085706,0.00338103075578384,0.00480349848556933,0.00587010005876443,0.0849434423537227,0.0672599025610814,0.0805256163817791,0.0583355364332216,0.0772091022444925,-0.0179637062302394,0.00504666317141009,0.772359350936814,1.07752507986384,73.6181724826843,67.1596509532697,-6.45852152941465,67.2599025610814,80.5256163817791,58.3355364332216,77.2091022444926,-17.9637062302394,5.04666317141009,-24.9702528150912,12.0532097562619,supp_t1dose_11_20
16,4170,0.074817531250052,0.0668431515850921,-0.00797437966495992,0.893415626902894,0.00268726608466611,0.00377332462914764,0.00462930577587263,0.066865125225934,0.0697180266643994,0.0802578577636191,0.0598166652106896,0.0746295017584774,-0.0170476522590935,0.00109889292917368,0.783678345835911,1.01851925172553,74.817531250052,66.8431515850921,-7.97437966495992,69.7180266643994,80.2578577636191,59.8166652106896,74.6295017584774,-17.0476522590935,1.09889292917368,-22.5731878120603,6.62442848214042,supp_t1dose_11_20
17,11232,0.0769229912059846,0.0673909247481073,-0.00953206645787724,0.876082997964129,0.0020390707748873,0.0028387241380294,0.00349671468995695,0.0497908793313568,0.0730204456347144,0.08101587808452,0.0620357135835621,0.0731723587767397,-0.016385501314405,-0.00267863160134949,0.794626746172878,0.965889234182455,76.9229912059846,67.3909247481073,-9.53206645787724,73.0204456347144,81.01587808452,62.0357135835621,73.1723587767397,-16.385501314405,-2.67863160134949,-20.5591770820845,1.49504416632998,supp_t1dose_11_20
18,29922,0.0802605992723404,0.0690774836527754,-0.011183115619565,0.860664937454324,0.00147159497597034,0.00205279291823325,0.00253698003956607,0.0350645825443795,0.0774232206379462,0.0831925845477259,0.0651609560668169,0.073210980357425,-0.0161555051266115,-0.00621072611251852,0.803502225283824,0.921894316224947,80.2605992723404,69.0774836527754,-11.183115619565,77.4232206379462,83.1925845477259,65.1609560668169,73.210980357425,-16.1555051266115,-6.21072611251852,-19.1836424077672,-3.18258883136283,supp_t1dose_11_20
19,60774,0.0830970218991599,0.0704268328533938,-0.0126701890457661,0.847525353421911,0.00103054439390005,0.00144192013542546,0.00178989814266934,0.0241594872472071,0.0810993868570321,0.0851393034929656,0.0676525976965271,0.0733058866339151,-0.0161783249413932,-0.00916205315013908,0.808328899440144,0.888622471855746,83.0970218991599,70.4268328533938,-12.6701890457661,81.0993868570321,85.1393034929656,67.6525976965271,73.3058866339151,-16.1783249413932,-9.16205315013908,-18.3147458870682,-7.02563220446407,supp_t1dose_11_20
20,82205,0.0825590197951364,0.0690730088726018,-0.0134860109225347,0.836650060090356,0.000786186242320116,0.001076333284373,0.00135880579246964,0.0185938920221052,0.0810311509088451,0.0841130603154951,0.0669930268348447,0.0712126406170991,-0.0161492213377596,-0.0108228005073098,0.806708618929254,0.867702794570715,82.5590197951364,69.0730088726018,-13.4860109225347,81.0311509088451,84.1130603154951,66.9930268348447,71.2126406170991,-16.1492213377596,-10.8228005073098,-17.7710908100678,-9.20093103500149,supp_t1dose_11_20
21,96740,0.0818919778664062,0.0678904418224041,-0.0140015360440021,0.829024326816928,0.000743022003982495,0.000982621633518972,0.0012611037628686,0.0174612537200984,0.0804474253307626,0.0833601180269723,0.0659896820605012,0.0698418569157727,-0.0164732539999925,-0.0115298180880117,0.801132275239169,0.857887462153587,81.8919778664062,67.8904418224041,-14.0015360440021,80.4474253307626,83.3601180269723,65.9896820605012,69.8418569157727,-16.4732539999925,-11.5298180880117,-17.978506410414,-10.0245656775901,supp_t1dose_11_20
22,110682,0.0806162498410423,0.0664811786424941,-0.0141350711985482,0.824662258211968,0.000724499229532853,0.000947611470149761,0.00122381038767887,0.0172598708917351,0.0792076186826191,0.0820476999510256,0.0646478166450823,0.0683627333374494,-0.0165336954823047,-0.0117364469147916,0.797231573623158,0.853036761989463,80.6162498410423,66.4811786424941,-14.1350711985482,79.2076186826191,82.0476999510256,64.6478166450823,68.3627333374494,-16.5336954823047,-11.7364469147916,-17.9944345508824,-10.2757078462139,supp_t1dose_11_20
23,119247,0.079876404569913,0.0658306801785703,-0.0140457243913427,0.824156777374112,0.000666396794749567,0.000880024692635882,0.00113783539655134,0.0162106993246951,0.0785800040180916,0.0811923083149625,0.0641267246155918,0.0675766434065515,-0.0162758407889181,-0.0118156079937672,0.798382965341509,0.850762632944128,79.876404569913,65.8306801785704,-14.0457243913427,78.5800040180916,81.1923083149625,64.1267246155918,67.5766434065515,-16.2758407889181,-11.8156079937672,-17.6339601790514,-10.4574886036339,supp_t1dose_11_20
24,125425,0.0795118918432411,0.0657841016498908,-0.0137277901933503,0.827349219404629,0.000592718991356977,0.000789838685620056,0.00102691895433345,0.0146596724551734,0.0783579101202563,0.0806813805888988,0.0642528752540989,0.067349192690626,-0.0157405143588854,-0.0117150660278152,0.803915728519671,0.851465777526083,79.5118918432411,65.7841016498908,-13.7277901933503,78.3579101202563,80.6813805888988,64.2528752540989,67.349192690626,-15.7405143588854,-11.7150660278152,-16.9662439751398,-10.4893364115607,supp_t1dose_11_20
25,130505,0.0801724855966595,0.0669241379331865,-0.013248347663473,0.834751940583155,0.000559091281856084,0.000735379883864753,0.000967250279104087,0.0135902328140195,0.0790835003321438,0.0812751428498685,0.0654971473240272,0.0683799435500213,-0.0151441233745533,-0.0113525719523926,0.812810696426996,0.857285472952592,80.1724855966595,66.9241379331865,-13.248347663473,79.0835003321438,81.2751428498685,65.4971473240272,68.3799435500214,-15.1441233745533,-11.3525719523926,-16.2986325093056,-10.1980628176403,supp_t1dose_11_20
26,131877,0.0813813604289162,0.068858733957521,-0.0125226264713952,0.846124144332371,0.000589447232863675,0.000749494994022115,0.000999430890959663,0.0136724630136317,0.080233513590036,0.0825441549995838,0.0674041822114045,0.0703423067465932,-0.0144814750227129,-0.0105637779200775,0.823751211446219,0.869104722001284,81.3813604289162,68.858733957521,-12.5226264713952,80.233513590036,82.5441549995838,67.4041822114045,70.3423067465932,-14.4814750227129,-10.5637779200775,-15.6743949092135,-9.37085803357679,supp_t1dose_11_20
27,130884,0.0828691521789589,0.0714108265465101,-0.0114583256324488,0.861729903936942,0.000645947775010885,0.000809048499569576,0.00108185231045648,0.0143449406027548,0.0816118830625835,0.0841440155140157,0.0698412814882296,0.0730128753225721,-0.013578717197535,-0.00933793406736268,0.837839301792051,0.886301735608336,82.8691521789589,71.4108265465101,-11.4583256324488,81.6118830625835,84.1440155140157,69.8412814882296,73.0128753225721,-13.578717197535,-9.33793406736268,-14.8700152223149,-8.04663604258279,supp_t1dose_11_20
28,126880,0.08478748598831,0.074755176393385,-0.0100323095949251,0.881677001293466,0.000671877472093055,0.000856569819837993,0.00113682205540955,0.0145260281062118,0.083479875405997,0.0861136542548234,0.0730935626807872,0.0764514475427809,-0.0122604398803586,-0.00780417930949157,0.856929186209266,0.907139524618787,84.78748598831,74.755176393385,-10.0323095949251,83.479875405997,86.1136542548234,73.0935626807872,76.4514475427809,-12.2604398803586,-7.80417930949157,-13.6173497473414,-6.44726944250874,supp_t1dose_11_20
29,120282,0.0878141686983728,0.0794768574191847,-0.00833731127918808,0.905057334109426,0.000668405079817454,0.000875334510159775,0.00115622740592569,0.0140352644511967,0.0865129197128759,0.0891330801433663,0.0777780635643935,0.0812094882241569,-0.0106034753527406,-0.00607114720563555,0.880499782979876,0.930299806835936,87.8141686983728,79.4768574191847,-8.33731127918808,86.5129197128759,89.1330801433663,77.7780635643935,81.2094882241569,-10.6034753527406,-6.07114720563555,-11.983547430082,-4.69107512829419,supp_t1dose_11_20
30,111577,0.0901444085967015,0.0838705005548242,-0.00627390804187727,0.930401584085528,0.000651538835532781,0.000871674597577065,0.00114932130165514,0.0133539084716686,0.0888755385953543,0.091429576306061,0.0821777815670536,0.0855948349478792,-0.00852653639978604,-0.00402127968396851,0.906365933068123,0.955074629447484,90.1444085967015,83.8705005548242,-6.27390804187727,88.8755385953543,91.429576306061,82.1777815670536,85.5948349478792,-8.52653639978604,-4.02127968396851,-9.8983653567705,-2.64945072698405,supp_t1dose_11_20
31,102027,0.0927036407702636,0.0886771735588012,-0.0040264672114624,0.956566245100981,0.00066564902397783,0.000886234566200125,0.0011754536205157,0.0130411571335831,0.0914072090970058,0.0940165571517521,0.0869554733545444,0.0904295868008157,-0.00633031397317038,-0.00172262044975441,0.932426050536385,0.98133142112473,92.7036407702636,88.6771735588012,-4.0264672114624,91.4072090970058,94.0165571517521,86.9554733545444,90.4295868008157,-6.33031397317038,-1.72262044975441,-7.7333344443767,-0.319599978548091,supp_t1dose_11_20
32,91764,0.0959274382222507,0.0942187682559236,-0.00170866996632708,0.982187891202012,0.000732961450851277,0.000954778328988035,0.00127295066416342,0.0134184547822262,0.0945004441525342,0.0973736632653668,0.0923640146309009,0.0961068232493933,-0.00420360742218373,0.000786267489529561,0.956693374399977,1.00836180059143,95.9274382222507,94.2187682559236,-1.70866996632708,94.5004441525342,97.3736632653668,92.3640146309009,96.1068232493933,-4.20360742218373,0.786267489529561,-5.7230002842121,2.30566035155794,supp_t1dose_11_20
33,81398,0.0989754073484901,0.0995323787482249,0.000556971399734818,1.00562737163358,0.000838878025271919,0.00107274935938516,0.00143016928026893,0.0144005207551496,0.0973433495881681,0.100631777630959,0.0974494921830365,0.101654770682566,-0.00224610888138785,0.00336005168085748,0.977640850510373,1.03441505134603,98.9754073484901,99.5323787482249,0.556971399734818,97.3433495881681,100.631777630959,97.4494921830365,101.654770682566,-2.24610888138785,3.36005168085748,-3.95315775382859,5.06710055329823,supp_t1dose_11_20
34,70747,0.102505472727743,0.105100069638591,0.00259459691084803,1.0253117891348,0.000952670012123015,0.00121147188502094,0.0016081783302226,0.0154540744748719,0.100653280093922,0.104387792779262,0.102749190197334,0.107498292482503,-0.000557374697106032,0.00574656851880209,0.994721303017766,1.05684301899387,102.505472727743,105.100069638591,2.59459691084803,100.653280093922,104.387792779262,102.749190197334,107.498292482503,-0.557374697106032,5.74656851880209,-2.47689502463951,7.66608884633556,supp_t1dose_11_20
35,59784,0.106189729701203,0.110398271488281,0.00420854178707797,1.03963228646424,0.00104126424271406,0.00132992399735982,0.00175500362435018,0.0161445017165401,0.104166102827993,0.108247919058123,0.107818495734928,0.113031953383993,0.000768797890614361,0.00764828568354158,1.00725059722174,1.07305500144659,106.189729701203,110.398271488281,4.20854178707797,104.166102827993,108.247919058123,107.818495734928,113.031953383993,0.768797890614361,7.64828568354158,-1.32597298679747,9.74305656095341,supp_t1dose_11_20
36,50300,0.110808309286921,0.116045460813681,0.00523715152675972,1.04726316609704,0.00110284613091162,0.00140624638764306,0.00185477269316035,0.0162808219641396,0.108665154908338,0.112988374059765,0.113317574814551,0.118830214386736,0.00160186384865706,0.00887243920486237,1.01437273678757,1.0812200479056,110.808309286921,116.045460813681,5.23715152675972,108.665154908338,112.988374059765,113.317574814551,118.830214386736,1.60186384865706,8.87243920486237,-0.61199130693536,11.0862943604548,supp_t1dose_11_20
37,39582,0.11566797638014,0.121290143104563,0.0056221667244221,1.04860607836645,0.00117857525491653,0.00147165517364976,0.00195382719678323,0.0164243710579037,0.113377984122157,0.117998065898332,0.118435187218613,0.124204223358048,0.00179273578671212,0.00945159766213209,1.01538775284242,1.08291113863545,115.66797638014,121.290143104563,5.6221667244221,113.377984122157,117.998065898332,118.435187218613,124.204223358048,1.79273578671212,9.45159766213209,-0.539350742643144,11.7836841914874,supp_t1dose_11_20
38,30385,0.120902737385618,0.126269760722722,0.00536702333710429,1.0443912474867,0.00134466243563452,0.0016098380493272,0.00216219425637413,0.0174435241295698,0.118291923490602,0.123563099058319,0.123148114228691,0.129458854192198,0.00112920046703162,0.00960484620717695,1.0092883699688,1.0807149971029,120.902737385618,126.269760722722,5.36702333710429,118.291923490602,123.563099058319,123.148114228691,129.458854192198,1.12920046703162,9.60484620717695,-1.45159281266131,12.1856394868699,supp_t1dose_11_20
39,22837,0.125925178632534,0.130405997056107,0.0044808184235734,1.03558318099869,0.00166340039204017,0.00190674762331199,0.00258644419419493,0.0201436031476405,0.122700934324545,0.12922166778831,0.126714141809795,0.134188887478645,-0.000588519045071388,0.00955015589221818,0.995494173081953,1.07728659169065,125.925178632534,130.405997056107,4.4808184235734,122.700934324545,129.22166778831,126.714141809795,134.188887478645,-0.588519045071388,9.55015589221818,-3.67569670036345,12.6373335475102,supp_t1dose_11_20
40,15853,0.131992351943301,0.1350247904649,0.00303243852159965,1.02297435023283,0.00217756836001051,0.00241746005171981,0.00329795840448951,0.0246784667316035,0.127782594578041,0.136319122673736,0.130356418521131,0.139833465443043,-0.00343144117371096,0.00949631821691026,0.974671787931546,1.07367067990663,131.992351943301,135.0247904649,3.03243852159965,127.782594578041,136.319122673736,130.356418521131,139.833465443043,-3.43144117371096,9.49631821691026,-7.36788160311361,13.4327586463129,supp_t1dose_11_20
41,10370,0.138067165085145,0.139095567130373,0.00102840204522794,1.0074485634915,0.00285919920174722,0.00310836464572097,0.00425788782064684,0.0307160982521241,0.132558148064622,0.143767187132451,0.133114396652961,0.14530044129253,-0.00731690473345161,0.0093737088239075,0.948587269065097,1.06996229148362,138.067165085145,139.095567130373,1.02840204522794,132.558148064622,143.767187132451,133.114396652961,145.30044129253,-7.31690473345161,9.3737088239075,-12.3991161216361,14.455920212092,supp_t1dose_11_20
42,6233,0.144090820442832,0.142633478493997,-0.00145734194883534,0.989885948706819,0.0036909759083981,0.00395412689890208,0.00543626825591999,0.0379344075378849,0.137006568431739,0.151477084320719,0.13505764298516,0.150560296356022,-0.0121122319407369,0.00919754804306621,0.918957302653737,1.06628913946007,144.090820442832,142.633478493997,-1.45734194883534,137.006568431739,151.477084320719,135.05764298516,150.560296356022,-12.1122319407369,9.19754804306621,-18.6009572438064,15.6862733461357,supp_t1dose_11_20
43,3273,0.149778186572726,0.145424554753661,-0.00435363181906467,0.970932804577983,0.0046505615706587,0.00491977101899459,0.00679165448931231,0.0460663354431385,0.14088985847271,0.159123393880883,0.136044738309791,0.155334802765501,-0.0176650300135566,0.00895776637542722,0.887109926450403,1.0626760933425,149.778186572726,145.424554753662,-4.35363181906467,140.88985847271,159.123393880883,136.044738309791,155.334802765501,-17.6650300135566,8.95776637542722,-25.7715432060422,17.0642795679128,supp_t1dose_11_20
44,1704,0.156725890747131,0.149132950080753,-0.00759294066637742,0.951552735606217,0.00572969852418605,0.00598710848959652,0.00830392043817963,0.0544080709159346,0.14582053941175,0.16828613165834,0.137775054067581,0.161252058439189,-0.0238683256556956,0.00868244432294072,0.855304246406982,1.05863219134403,156.725890747131,149.132950080753,-7.59294066637742,145.82053941175,168.28613165834,137.775054067581,161.252058439189,-23.8683256556956,8.68244432294072,-33.7798782364968,18.593996903742,supp_t1dose_11_20
45,701,0.155219563725974,0.144540578175377,-0.0106789855505975,0.931200775892849,0.00665841154253439,0.0068519176012985,0.00956779490621106,0.0640227324751383,0.142612325918183,0.168721989085726,0.131622485703006,0.158495111520024,-0.0294315189782369,0.00807354787704196,0.821385591808937,1.05569770601132,155.219563725974,144.540578175377,-10.6789855505975,142.612325918183,168.721989085726,131.622485703006,158.495111520024,-29.4315189782369,8.07354787704196,-40.8516310808551,19.4936599796601,supp_t1dose_11_20
15,1199,0.0732611170051552,0.0673086037467974,-0.00595251325835776,0.918749351611184,0.00337690499683011,0.0136838556919829,0.0140877557274732,0.208369450653443,0.066911672277537,0.0801613170784244,0.0449590210681603,0.0996096087133539,-0.0335640071072032,0.0216589805904876,0.610706647999888,1.38216994010212,73.2611170051552,67.3086037467974,-5.95251325835776,66.911672277537,80.1613170784244,44.9590210681603,99.6096087133539,-33.5640071072032,21.6589805904876,-50.3791407152204,38.4741141985049,supp_t1dose_21plus
16,4170,0.074426128301775,0.0647577565403585,-0.00966837176141655,0.870094387790612,0.00268581299101743,0.0103786128543148,0.0107160008998736,0.164219843861112,0.0693302340830007,0.079864437486128,0.0471545456633392,0.0883232683874121,-0.0306713475834676,0.0113346040606345,0.630640971950025,1.20046790065634,74.426128301775,64.7577565403585,-9.66837176141655,69.3302340830007,79.864437486128,47.1545456633392,88.3232683874121,-30.6713475834676,11.3346040606345,-43.4619574123708,24.1252138895377,supp_t1dose_21plus
17,11232,0.0766203455780568,0.0633889748261517,-0.0132313707519051,0.827312567542186,0.00204246865076542,0.00756375011574571,0.00783293786415958,0.122241366235661,0.0727118539869276,0.080720642216451,0.0500838786704123,0.0799312337043057,-0.0285836468587979,0.00212090535498782,0.651054855351645,1.05128788885779,76.6203455780568,63.3889748261517,-13.2313707519051,72.7118539869276,80.720642216451,50.0838786704123,79.9312337043057,-28.5836468587979,2.12090535498782,-37.9330350280066,11.4702935241965,supp_t1dose_21plus
18,29922,0.0802128761217736,0.0635503063842226,-0.016662569737551,0.79227063604782,0.00147410775191309,0.00532920986430492,0.0055343052200686,0.0859111070174454,0.0773707626770761,0.0831499819305152,0.0538715011195297,0.074830516025624,-0.0275096086483374,-0.00581553082676451,0.66949277269835,0.937564655423747,80.2128761217736,63.5503063842226,-16.662569737551,77.3707626770761,83.1499819305153,53.8715011195297,74.830516025624,-27.5096086483375,-5.81553082676451,-34.1153507908932,0.790211315791208,supp_t1dose_21plus
19,60774,0.0831653488170085,0.0637306274174781,-0.0194347213995304,0.766312272166461,0.00103247251797494,0.00367526071330429,0.00382919289786241,0.0591322744590146,0.0811639974731197,0.0852114731126603,0.0568955345433608,0.0713247479779795,-0.0269398015691973,-0.0119296412298635,0.682452293114487,0.860476995092184,83.1653488170085,63.7306274174781,-19.4347213995304,81.1639974731197,85.2114731126603,56.8955345433608,71.3247479779795,-26.9398015691973,-11.9296412298635,-31.510323051399,-7.35911974766176,supp_t1dose_21plus
20,82205,0.0826112091204136,0.06197986608831,-0.0206313430321037,0.75025976194064,0.000787827385481881,0.00277162570676096,0.00289907143171627,0.0459411339989381,0.0810801688769698,0.0841685119843488,0.056764811665311,0.0676396767217421,-0.0263134186268765,-0.0149492674373308,0.685656331545387,0.820950211483558,82.6112091204136,61.97986608831,-20.6313430321037,81.0801688769698,84.1685119843488,56.764811665311,67.6396767217421,-26.3134186268765,-14.9492674373308,-29.7737478948257,-11.4889381693816,supp_t1dose_21plus
21,96740,0.0818842862240949,0.06113156891506,-0.0207527173090349,0.746560441984676,0.000745686371479294,0.0026082701351746,0.00273202061161838,0.0438668366398378,0.0804345970408256,0.0833577349692852,0.0562148957966927,0.0664479885104335,-0.026107379312828,-0.0153980553052418,0.685055023238192,0.813587923057335,81.8842862240949,61.13156891506,-20.7527173090349,80.4345970408256,83.3577349692852,56.2148957966927,66.4479885104335,-26.107379312828,-15.3980553052418,-29.3683168597952,-12.1371177582746,supp_t1dose_21plus
22,110682,0.0806097207252165,0.0609347122862763,-0.0196750084389403,0.75592263238315,0.000729287511820615,0.00259095862127487,0.0027134563321114,0.0437473215904682,0.0791918560787837,0.0820507090147024,0.0560500635746257,0.0662151875225527,-0.0249932851235008,-0.0143567317543798,0.693808411371397,0.823597720615107,80.6097207252166,60.9347122862763,-19.6750084389403,79.1918560787837,82.0507090147024,56.0500635746257,66.2151875225527,-24.9932851235008,-14.3567317543798,-28.2320643617718,-11.1179525161088,supp_t1dose_21plus
23,119247,0.0798830824031208,0.0620615419783271,-0.0178215404247936,0.776904697607194,0.000672782342581397,0.00248427538511867,0.00259554235410105,0.0411822606552007,0.0785743521633031,0.0812116895616355,0.0573671546654256,0.0671127237412162,-0.02290870995918,-0.0127343708904073,0.71666029438386,0.842213408352764,79.8830824031208,62.0615419783271,-17.8215404247936,78.5743521633031,81.2116895616355,57.3671546654256,67.1127237412162,-22.90870995918,-12.7343708904073,-26.0067471706262,-9.63633367896107,supp_t1dose_21plus
24,125425,0.079549016480564,0.064145933253012,-0.015403083227552,0.806369909911892,0.000600257310245043,0.00231081266083969,0.00241073421855066,0.0371016862942825,0.078380453284303,0.0807334754669148,0.0597630272894167,0.0688267437045509,-0.0201280354722096,-0.0106781309828944,0.749813578490523,0.867192126502056,79.549016480564,64.145933253012,-15.403083227552,78.380453284303,80.7334754669149,59.7630272894167,68.8267437045509,-20.1280354722096,-10.6781309828944,-23.005485845607,-7.80068060949707,supp_t1dose_21plus
25,130505,0.080259978848991,0.0675561020330926,-0.0127038768158984,0.841715921208991,0.000566738920175105,0.00222480325707194,0.00232031358454371,0.0339889348150489,0.0791561834605851,0.0813778059100541,0.0633239480171769,0.072049348413982,-0.0172516078744431,-0.00815614575735369,0.787470164369408,0.899698457253988,80.259978848991,67.5561020330926,-12.7038768158984,79.1561834605851,81.3778059100541,63.3239480171769,72.049348413982,-17.2516078744431,-8.15614575735369,-20.0211322537246,-5.38662137807217,supp_t1dose_21plus
26,131877,0.081508642799119,0.0716466767372956,-0.00986196606182335,0.879007112336191,0.000596539678637445,0.00232967544183383,0.00243155274270488,0.0336599056380184,0.0803470619208832,0.0826855068494646,0.0672127229097751,0.0763491923410415,-0.0146277218640345,-0.0050962102596122,0.822888561491545,0.938952781330583,81.508642799119,71.6466767372956,-9.86196606182335,80.3470619208832,82.6855068494646,67.2127229097751,76.3491923410415,-14.6277218640345,-5.0962102596122,-17.5300212106783,-2.19391091296837,supp_t1dose_21plus
27,130884,0.0830433615189313,0.0759229616868279,-0.00712039983210336,0.914256844835452,0.000653033473044506,0.00256029393069659,0.00266906251563345,0.0349514707403972,0.0817723769604858,0.0843322866011441,0.0710546197228131,0.0810957413939938,-0.0123516662352308,-0.00188913342897593,0.853723968782286,0.979081774546775,83.0433615189313,75.9229616868279,-7.12039983210336,81.7723769604858,84.3322866011441,71.0546197228131,81.0957413939938,-12.3516662352308,-1.88913342897593,-15.5374570507972,1.29665738659045,supp_t1dose_21plus
28,126880,0.0849849673110462,0.0802076057715773,-0.00477736153946892,0.943785804823767,0.000679481362894591,0.00272732677872775,0.00283845235730913,0.0352584232697098,0.0836626391276962,0.0863262265779729,0.0750221376475242,0.0857182745986622,-0.0103406259316276,0.000785902852689787,0.880767775253951,1.0113127096754,84.9849673110462,80.2076057715773,-4.77736153946892,83.6626391276962,86.3262265779729,75.0221376475242,85.7182745986622,-10.3406259316276,0.785902852689787,-13.7286003224006,4.17387724346275,supp_t1dose_21plus
29,120282,0.0880436353956045,0.0851521496449524,-0.0028914857506521,0.967158492062943,0.000677071746196952,0.00279486280745018,0.00290466004074358,0.0340403561548543,0.0867256032009106,0.089379738295985,0.0798317142904999,0.0907921823299227,-0.00858451481784216,0.00280154331653797,0.904737196325297,1.03388647285498,88.0436353956045,85.1521496449524,-2.8914857506521,86.7256032009106,89.379738295985,79.8317142904999,90.7921823299227,-8.58451481784216,2.80154331653797,-12.0515146449134,6.26854314360925,supp_t1dose_21plus
30,111577,0.0903827935843214,0.0890219641239076,-0.00136082946041373,0.984943711004637,0.000661968094922648,0.00277296438478736,0.00288489038508105,0.0323752716516279,0.0890937196236928,0.0916886414499423,0.083734659027504,0.0946086560012536,-0.00701511071451847,0.00429345179369102,0.924386363836053,1.04946822216391,90.3827935843214,89.0219641239076,-1.36082946041373,89.0937196236928,91.6886414499423,83.734659027504,94.6086560012536,-7.01511071451847,4.29345179369102,-10.4585134969092,7.73685457608174,supp_t1dose_21plus
31,102027,0.0929659258951279,0.0927864129555556,-0.000179512939572246,0.998069045859074,0.00067813359327559,0.00280921742967062,0.0029286653378236,0.0315594489204205,0.0916453085540384,0.0943035977740276,0.0874251592629795,0.0984409744493071,-0.00591959152447734,0.00556056564533285,0.938203686190877,1.06175432367612,92.9659258951279,92.7864129555556,-0.179512939572246,91.6453085540384,94.3035977740276,87.4251592629795,98.4409744493071,-5.91959152447734,5.56056564533285,-9.41524405432891,9.05621817518442,supp_t1dose_21plus
32,91764,0.0961953866410918,0.0969150626014275,0.000719675960335731,1.007481397866,0.000746454069901594,0.0030062714834251,0.00313671769432938,0.0323824003237024,0.094742271847959,0.0976683840899373,0.0911806558343512,0.102969249134031,-0.00542817775021937,0.00686752967089083,0.945525153970201,1.07349737104722,96.1953866410918,96.9150626014275,0.719675960335731,94.742271847959,97.6683840899373,91.1806558343512,102.969249134031,-5.42817775021937,6.86752967089083,-9.17216140106596,10.6115133217374,supp_t1dose_21plus
33,81398,0.0992641117303103,0.100676466404908,0.00141235467459801,1.01422825077441,0.000853173374529192,0.00334534813024638,0.00348921188739556,0.0346925176769164,0.0976044099769815,0.100948878520757,0.0943066901805461,0.107425446999459,-0.00542637495912632,0.00825108430832233,0.947557075392232,1.08559048460814,99.2641117303103,100.676466404908,1.41235467459801,97.6044099769815,100.948878520757,94.3066901805461,107.425446999459,-5.42637495912632,8.25108430832233,-9.59109538786146,12.4158047370575,supp_t1dose_21plus
34,70747,0.102854535747381,0.10484379336232,0.00198925761493897,1.01934049481128,0.000968203251999049,0.00373656904804789,0.00389723045844682,0.0372233855097692,0.100972331087529,0.104767737495633,0.0977428163468742,0.112396388722555,-0.00564917372306932,0.00962768895294726,0.947620995427363,1.09648799401443,102.854535747381,104.84379336232,1.98925761493897,100.972331087529,104.767737495633,97.7428163468742,112.396388722555,-5.64917372306932,9.62768895294726,-10.3009047814252,14.2794200113031,supp_t1dose_21plus
35,59784,0.106550102751251,0.10910204714111,0.00255194438985837,1.02395065160862,0.00105732021392109,0.00406145595700301,0.00423630500568562,0.0388960242144751,0.104495471960849,0.108640231401157,0.101392846214453,0.117320874261076,-0.0057510608488122,0.0108549496285289,0.948791250020886,1.10506387670275,106.550102751251,109.10204714111,2.55194438985837,104.495471960849,108.640231401157,101.392846214453,117.320874261076,-5.7510608488122,10.8549496285289,-10.8075110068738,15.9113997865906,supp_t1dose_21plus
36,50300,0.111204714374704,0.114416327090326,0.00321161271562229,1.02888018492454,0.00111946045941023,0.00428398235889485,0.00446746281329166,0.0391273774685929,0.10902947564996,0.113417826685201,0.106284360670013,0.12308479239102,-0.00554445350070135,0.0119676789319459,0.952926751794286,1.11088751883302,111.204714374704,114.416327090326,3.21161271562229,109.02947564996,113.417826685201,106.284360670013,123.08479239102,-5.54445350070135,11.9676789319459,-10.8768134271196,17.3000388583642,supp_t1dose_21plus
37,39582,0.116113256787373,0.120095312160445,0.00398205537307157,1.03429457999239,0.00119679351673999,0.00448260331844803,0.00468254087046567,0.0390911222917533,0.113788086592391,0.118479587890027,0.111583331180188,0.129162216000498,-0.00519555608917797,0.0131596668353211,0.958009520963246,1.11665411960209,116.113256787373,120.095312160445,3.98205537307157,113.788086592391,118.479587890027,111.583331180188,129.162216000498,-5.19555608917797,13.1596668353211,-10.7846330071097,18.7487437532529,supp_t1dose_21plus
38,30385,0.121408673460534,0.126274184297183,0.00486551083664953,1.04007547976571,0.00136475913795637,0.00490020300990157,0.00512822269772952,0.0407422978035015,0.118759088067875,0.124109047408636,0.116978257745345,0.13619489318738,-0.00518562095560117,0.0149166426289002,0.960251404492804,1.12653519541713,121.408673460534,126.274184297183,4.86551083664953,118.759088067875,124.109047408636,116.978257745345,136.19489318738,-5.18562095560117,14.9166426289002,-11.306663334681,21.0376850079801,supp_t1dose_21plus
39,22837,0.126423915776898,0.132269633569662,0.00584571779276449,1.0462390185974,0.00168190083994743,0.00579620642388659,0.00606955011705311,0.0460659945315686,0.123164042214731,0.129757302577475,0.121316875827806,0.144049122811849,-0.00605038183902046,0.0177418174245494,0.955915419289137,1.14509721461514,126.423915776898,132.269633569662,5.84571779276449,123.164042214731,129.757302577475,121.316875827806,144.049122811849,-6.05038183902046,17.7418174245494,-13.2949918488158,24.9864274343448,supp_t1dose_21plus
40,15853,0.132509889688454,0.139485217744367,0.00697532805591311,1.05264005631816,0.00219654949528312,0.00737803287432429,0.00772422329076531,0.0556278644198762,0.128263670015865,0.136874610283991,0.125642515946892,0.154583406691797,-0.00816387140253236,0.0221145275143586,0.943907350846936,1.1738981449517,132.509889688454,139.485217744367,6.97532805591311,128.263670015865,136.874610283991,125.642515946892,154.583406691797,-8.16387140253236,22.1145275143586,-17.3834979466727,31.3341540584989,supp_t1dose_21plus
41,10370,0.138579464710611,0.146774557525092,0.00819509281448161,1.05913641556918,0.00287849782777831,0.00958885459429544,0.0100361502042209,0.0687294490146106,0.133033475792419,0.144318171391539,0.128958585006858,0.166581141555337,-0.0114754001292256,0.0278655857581889,0.92565528971749,1.2118657552609,138.579464710611,146.774557525092,8.19509281448161,133.033475792419,144.318171391539,128.958585006858,166.581141555337,-11.4754001292256,27.8655857581889,-23.4545407289592,39.8447263579224,supp_t1dose_21plus
42,6233,0.144672451368848,0.154197559456611,0.00952510808776377,1.06583912830425,0.00371223568283819,0.0124026408397327,0.0129618687112866,0.0845343518094485,0.137547514773875,0.152101369460434,0.131422640013999,0.180100892084452,-0.0158796877586947,0.0349299039342222,0.903100097122371,1.25790380384649,144.672451368848,154.197559456611,9.52510808776377,137.547514773875,152.101369460434,131.422640013999,180.100892084452,-15.8796877586947,34.9299039342222,-31.3509635535196,50.4011797290471,supp_t1dose_21plus
43,3273,0.150434847534259,0.161392094162604,0.0109572466283446,1.07283715713442,0.00467458925208936,0.0157289637324828,0.0164182609177291,0.102353869353356,0.141500537322031,0.159828246644247,0.132885637740761,0.194641047959371,-0.021221953459186,0.0431364467158752,0.877829224345496,1.31116569579512,150.434847534259,161.392094162604,10.9572466283446,141.500537322031,159.828246644247,132.885637740761,194.641047959371,-21.221953459186,43.1364467158752,-40.8187761386504,62.7332693953396,supp_t1dose_21plus
44,1704,0.157232481664249,0.169720349766899,0.0124878681026507,1.07942295364464,0.00575041662227673,0.0194944612355077,0.020330834838499,0.120581715500964,0.146287557093678,0.168834337345686,0.134848218110837,0.211406883971122,-0.0273598359564397,0.052335572161741,0.85222114718383,1.36719666803056,157.232481664249,169.720349766899,12.4878681026507,146.287557093678,168.834337345686,134.848218110838,211.406883971122,-27.3598359564397,52.335572161741,-51.626703638224,76.6024398435253,supp_t1dose_21plus
45,701,0.155775819132254,0.169420381384338,0.0136445622520839,1.0875910159105,0.00668879498385858,0.0228795028789758,0.0238378738423806,0.141712079538223,0.143111093651007,0.169339829807662,0.129158964522582,0.219074845271423,-0.0330768119469914,0.0603659364511593,0.823834681211414,1.43579075373459,155.775819132254,169.420381384338,13.6445622520839,143.111093651007,169.339829807662,129.158964522582,219.074845271423,-33.0768119469914,60.3659364511593,-61.5296784890338,88.8188029932016,supp_t1dose_21plus
15,1199,0.0735245340023903,0.0660524145130595,-0.00747211948933074,0.898372433219532,0.00337446827619845,0.00358808361102229,0.00492445632279396,0.0710984664114093,0.0671784588006086,0.080418415298644,0.0593583016423465,0.0734425113429695,-0.0171238765254475,0.00217963754678597,0.781514954351567,1.03270324422444,73.5245340023903,66.0524145130596,-7.47211948933074,67.1784588006086,80.418415298644,59.3583016423465,73.4425113429695,-17.1238765254475,2.17963754678597,-23.0017035275968,8.05746454893527,supp_t1dose_6_10
16,4170,0.0748361570648184,0.0657191324891204,-0.00911702457569802,0.878173533579478,0.00268516069235206,0.00281211656066986,0.00388736598234705,0.0558307568371349,0.0697404744490142,0.0802720349351251,0.0604177135280387,0.0714503558709083,-0.0167361218958244,-0.00149792725557164,0.787149307670763,0.979723602071727,74.8361570648184,65.7191324891204,-9.11702457569802,69.7404744490142,80.2720349351251,60.4177135280387,71.4503558709083,-16.7361218958244,-1.49792725557164,-21.3760787236499,3.14202957225383,supp_t1dose_6_10
17,11232,0.0769547595912174,0.0661743258022173,-0.0107804337890001,0.859912059419514,0.00203729767451949,0.00210710517042531,0.00293257628091535,0.0414323317879423,0.0730554851000785,0.0810439583061579,0.0621622899660242,0.0704258587401926,-0.0165281776815106,-0.00503268989648959,0.792842230738071,0.932655604440676,76.9547595912174,66.1743258022173,-10.7804337890001,73.0554851000785,81.0439583061579,62.1622899660242,70.4258587401926,-16.5281776815106,-5.03268989648959,-20.0284983098083,-1.53236926819188,supp_t1dose_6_10
18,29922,0.0802249793219437,0.0677306115456513,-0.0124943677762923,0.844258385830773,0.00147005447674916,0.00151412619731967,0.00211930505253284,0.0290256001705145,0.0773905449853087,0.0831538686077194,0.0648225932956877,0.0707592160333586,-0.0166481293515105,-0.00834060620107422,0.797569885171459,0.893679958706507,80.2249793219437,67.7306115456513,-12.4943677762923,77.3905449853087,83.1538686077194,64.8225932956877,70.7592160333586,-16.6481293515105,-8.34060620107422,-19.1777301129,-5.81100543968472,supp_t1dose_6_10
19,60774,0.0830254047566221,0.0690623736798142,-0.0139630310768078,0.831822186019586,0.00102929729262681,0.00105809544002642,0.00148837229668252,0.0198681409248735,0.0810301814703954,0.085065209198705,0.067017151327243,0.0711652510083439,-0.0168801871738927,-0.0110458749797229,0.80005290649592,0.864852991016451,83.0254047566221,69.0623736798142,-13.9630310768078,81.0301814703954,85.065209198705,67.017151327243,71.1652510083439,-16.8801871738927,-11.0458749797229,-18.6567071186829,-9.26935503493278,supp_t1dose_6_10
20,82205,0.0824994080173365,0.0678841965624727,-0.0146152114548639,0.822844650572612,0.000785103088760523,0.000791090024034638,0.00113044201981748,0.015255829412787,0.0809736366179831,0.0840512998772866,0.0663500101478894,0.0694512185666935,-0.0168308371003169,-0.0123995858094109,0.798605072796086,0.847819957623593,82.4994080173366,67.8841965624727,-14.6152114548639,80.9736366179831,84.0512998772866,66.3500101478894,69.4512185666935,-16.8308371003169,-12.3995858094109,-18.1801317620832,-11.0502911476446,supp_t1dose_6_10
21,96740,0.0818405215117529,0.0669959722201003,-0.0148445492916526,0.818616144943299,0.000741542213915493,0.000725802446015554,0.00105517565882212,0.0143583100040611,0.0803988307726983,0.0833057223630211,0.0655873671930216,0.0684326139824108,-0.0169126555803073,-0.012776443002998,0.795899973093177,0.84198067020587,81.8405215117529,66.9959722201003,-14.8445492916526,80.3988307726983,83.3057223630211,65.5873671930216,68.4326139824108,-16.9126555803073,-12.776443002998,-18.1721123757159,-11.5169862075894,supp_t1dose_6_10
22,110682,0.0805741113356242,0.0660106408234396,-0.0145634705121846,0.81925372466695,0.000722364008723303,0.000701190609743685,0.00102375294518691,0.0141320184173029,0.0791696048940534,0.0820013155280534,0.0646495560141886,0.0673983161167079,-0.0165699894138177,-0.0125569516105514,0.796873213830692,0.842262801323465,80.5741113356242,66.0106408234396,-14.5634705121846,79.1696048940535,82.0013155280534,64.6495560141886,67.3983161167079,-16.5699894138177,-12.5569516105514,-17.7919400841681,-11.335000940201,supp_t1dose_6_10
23,119247,0.0798579675118361,0.0658633195884235,-0.0139946479234125,0.824755771284332,0.00066382593770069,0.000647004716898,0.000944931407011811,0.0131145039181723,0.0785665335374399,0.0811687594184026,0.0646065041744856,0.0671428293411638,-0.0158466794490164,-0.0121426163978086,0.803826421606323,0.846230061594013,79.8579675118361,65.8633195884235,-13.9946479234125,78.5665335374399,81.1687594184026,64.6065041744856,67.1428293411638,-15.8466794490164,-12.1426163978086,-16.9745487964618,-11.0147470503632,supp_t1dose_6_10
24,125425,0.0795044280905132,0.0663201091709569,-0.0131843189195563,0.834168747122532,0.00058957470940558,0.000574758312920611,0.000842694641781666,0.0116706096265273,0.0783565282233886,0.0806676724799505,0.0652024523577805,0.0674555416478257,-0.0148359700674133,-0.0115326677716994,0.815304564352959,0.853469401619511,79.5044280905132,66.3201091709569,-13.1843189195563,78.3565282233886,80.6676724799505,65.2024523577805,67.4555416478257,-14.8359700674133,-11.5326677716994,-15.8418096962681,-10.5268281428446,supp_t1dose_6_10
25,130505,0.0801888480583551,0.0679347048962668,-0.0122541431620883,0.847183948157345,0.000555953192948088,0.000529184967055591,0.000789096174422449,0.0107193407868869,0.0791059356771004,0.0812852763364507,0.0669048331467631,0.0689792576194282,-0.0138007432442947,-0.010707543079882,0.829570689404083,0.865171167668711,80.1888480583551,67.9347048962668,-12.2541431620883,79.1059356771004,81.2852763364507,66.9048331467631,68.9792576194282,-13.8007432442947,-10.707543079882,-14.7426077867507,-9.76567853742598,supp_t1dose_6_10
26,131877,0.0814018148100261,0.0702240510709824,-0.0111777637390437,0.862684096599933,0.000586398587857721,0.00054477843640695,0.000821324143119584,0.0108632977676682,0.0802598644472118,0.0825585545729325,0.0691637804101424,0.071299330533235,-0.0127875294791913,-0.00956799799889613,0.84451027157809,0.881249021561042,81.4018148100261,70.2240510709824,-11.1777637390437,80.2598644472118,82.5585545729325,69.1637804101424,71.299330533235,-12.7875294791913,-9.56799799889613,-13.7678612984827,-8.58766617960478,supp_t1dose_6_10
27,130884,0.0829088450828101,0.0729592090474715,-0.00994963603533859,0.879993069190618,0.000642935447026137,0.000596195701692309,0.000896629851259642,0.0115203691507569,0.0816573940205047,0.0841777173985531,0.0717992735766296,0.0741363868618305,-0.011706998251271,-0.00819227381940619,0.860345904484118,0.900088903529869,82.9088450828101,72.9592090474715,-9.94963603533859,81.6573940205047,84.1777173985531,71.7992735766297,74.1363868618305,-11.706998251271,-8.19227381940619,-12.7772149016396,-7.12205716903759,supp_t1dose_6_10
28,126880,0.0848381816519657,0.0762237211621569,-0.00861446048980881,0.898460099897612,0.00066873615059257,0.000630491074136362,0.000939475706971349,0.0116795411023949,0.0835366358015644,0.0861580998496171,0.0749971351537026,0.0774686880159707,-0.010455799039823,-0.00677312193979466,0.878126638002586,0.919264393281793,84.8381816519657,76.2237211621569,-8.61446048980881,83.5366358015644,86.1580998496171,74.9971351537026,77.4686880159707,-10.455799039823,-6.77312193979466,-11.5771564682033,-5.65176451141433,supp_t1dose_6_10
29,120282,0.0878560192322544,0.080620653464539,-0.00723536576771533,0.917645190039989,0.000664336395837866,0.000637823160204286,0.000943401517714575,0.0112105662628339,0.0865626334807576,0.089166843787069,0.0793793524051842,0.0818796390679396,-0.00908439876539632,-0.00538633277003434,0.897702306912746,0.938031113788121,87.8560192322544,80.620653464539,-7.23536576771533,86.5626334807576,89.166843787069,79.3793524051842,81.8796390679396,-9.08439876539632,-5.38633277003434,-10.2104420382393,-4.26028949719133,supp_t1dose_6_10
30,111577,0.0902050387882657,0.0845171011472275,-0.00568793764103817,0.936944346818704,0.00064680228705143,0.000624427370890624,0.000924290637144058,0.0105848704479382,0.0889453287641523,0.0914807983192014,0.0833012616661347,0.08574902666343,-0.0074995140010881,-0.00387636128098824,0.917706773311523,0.95658519100581,90.2050387882657,84.5171011472275,-5.68793764103817,88.9453287641523,91.4807983192014,83.3012616661347,85.74902666343,-7.4995140010881,-3.87636128098824,-8.60274654265662,-2.77312873941972,supp_t1dose_6_10
31,102027,0.0927926569341541,0.0887182791131784,-0.00407437782097567,0.956091592205762,0.000660090377750308,0.000630938244606207,0.000939901276973589,0.0103540412447391,0.0915069748815245,0.0940945320245442,0.0874894174071031,0.0899626995360757,-0.00591655047286711,-0.00223220516908423,0.936884649316698,0.975692293980099,92.7926569341541,88.7182791131784,-4.07437782097567,91.5069748815245,94.0945320245442,87.4894174071031,89.9626995360757,-5.91655047286711,-2.23220516908423,-7.03841586125084,-1.1103397807005,supp_t1dose_6_10
32,91764,0.0960256018226404,0.0935994881380082,-0.00242611368463223,0.974734720339339,0.00072710202955354,0.000684603725131363,0.00102614993872133,0.0108176053142009,0.094609928779461,0.0974601777102065,0.0922662865532998,0.094949938771893,-0.00443733060726403,-0.000414896762000436,0.954285826875673,0.995621802479932,96.0256018226404,93.5994881380082,-2.42611368463223,94.609928779461,97.4601777102065,92.2662865532997,94.949938771893,-4.43733060726403,-0.414896762000436,-5.66214232711863,0.80991495785416,supp_t1dose_6_10
33,81398,0.0991048519680079,0.0983423836172032,-0.000762468350804721,0.992306447810942,0.000833091977152463,0.000781654316831085,0.00116903121867561,0.011838931839857,0.0974839507801945,0.100749695840863,0.0968209652380903,0.0998850651935437,-0.00305372743621189,0.00152879073460244,0.969546172605437,1.01560102467434,99.1048519680079,98.3423836172032,-0.762468350804721,97.4839507801946,100.749695840863,96.8209652380903,99.8850651935438,-3.05372743621189,1.52879073460244,-4.44908213388305,2.92414543227361,supp_t1dose_6_10
34,70747,0.102634645890009,0.103499172258675,0.000864526368666338,1.00842333854391,0.000946672660937418,0.000895071332737177,0.00132810169633105,0.0128890635535231,0.100793998654203,0.10450499959356,0.101757969588827,0.105266677398427,-0.00173850512394907,0.00346755786128175,0.98326752905336,1.0342227315277,102.634645890009,103.499172258675,0.864526368666338,100.793998654203,104.50499959356,101.757969588827,105.266677398427,-1.73850512394907,3.46755786128175,-3.32372621245004,5.05277894978272,supp_t1dose_6_10
35,59784,0.10631659743188,0.108720717622851,0.00240412019097122,1.02261283984856,0.00103539647450548,0.000988619620220496,0.00145703766055063,0.0135607245312943,0.104304254858956,0.10836306711945,0.106798165203198,0.110673591006403,-0.000451621147826511,0.00525986152976895,0.995791309446866,1.0501568052487,106.31659743188,108.720717622851,2.40412019097122,104.304254858956,108.36306711945,106.798165203198,110.673591006403,-0.451621147826511,5.25986152976895,-2.19074009679384,6.99898047873628,supp_t1dose_6_10
36,50300,0.110932385559059,0.114756211340787,0.00382382578172764,1.03446987786711,0.00109651126574197,0.00105137895030122,0.00154489865859021,0.0137057195966886,0.108801413657239,0.113099797695012,0.11271159433157,0.116833034441793,0.000795880051126584,0.0068517715123287,1.00705112636044,1.06263515347221,110.932385559059,114.756211340787,3.82382578172764,108.801413657239,113.099797695012,112.71159433157,116.833034441793,0.795880051126584,6.8517715123287,-1.04810971257869,8.69576127603398,supp_t1dose_6_10
37,39582,0.115803739773138,0.120913805929702,0.00511006615656397,1.04412695277868,0.00117214687303867,0.00111145836765333,0.00164067499133455,0.0138867762630388,0.113526103106484,0.118120983075293,0.118752256555234,0.123109203771304,0.00189440226321269,0.00832573004991524,1.01609160044336,1.07293583870116,115.803739773138,120.913805929702,5.11006615656397,113.526103106484,118.120983075293,118.752256555234,123.109203771304,1.89440226321269,8.32573004991524,-0.0639060522006612,10.2840383653286,supp_t1dose_6_10
38,30385,0.121016215971614,0.127277008946652,0.00626079297503825,1.05173515734872,0.00133820620306913,0.00124517596642422,0.00184992672844556,0.0149415133415694,0.118417793249216,0.123663657459221,0.124856428756388,0.12973755982502,0.00263500321324694,0.00988658273682956,1.02138188848712,1.08299045995595,121.016215971614,127.277008946652,6.26079297503825,118.417793249216,123.663657459221,124.856428756388,129.73755982502,2.63500321324694,9.88658273682956,0.426932197138138,12.0946537529384,supp_t1dose_6_10
39,22837,0.12603215133915,0.133297062914163,0.00726491157501374,1.05764331956426,0.00165856181584314,0.00152363667564466,0.00227137453833307,0.0175785195688321,0.122817146142282,0.129318908999933,0.130338993534614,0.136311743604491,0.00281309928447964,0.0117167238655479,1.0218246321746,1.09471758283839,126.03215133915,133.297062914164,7.26491157501374,122.817146142282,129.318908999933,130.338993534614,136.311743604491,2.81309928447964,11.7167238655479,0.101988510359953,14.4278346396675,supp_t1dose_6_10
40,15853,0.132075942584222,0.140265915228727,0.00818997264450497,1.0620095717983,0.00217413482295228,0.00199539222842919,0.00296509396941247,0.0218596337687951,0.127872688084645,0.136395752665605,0.136400453637015,0.144222626427831,0.00237849525367961,0.0140014500353303,1.01746968153127,1.10849920254509,132.075942584222,140.265915228727,8.18997264450497,127.872688084645,136.395752665605,136.400453637015,144.222626427831,2.37849525367961,14.0014500353303,-1.16063846076757,17.5405837497775,supp_t1dose_6_10
41,10370,0.13810688702919,0.147084760429811,0.00897787340062145,1.06500670309602,0.00285661951206132,0.00263351831220331,0.00389502309814272,0.027425003579182,0.132602722619398,0.143801645005371,0.141997742989887,0.152321665141489,0.00134376840931009,0.0166119783919328,1.0092717930578,1.12381945620717,138.10688702919,147.084760429811,8.97787340062145,132.602722619398,143.801645005371,141.997742989887,152.321665141489,1.34376840931009,16.6119783919328,-3.30532794560877,21.2610747468517,supp_t1dose_6_10
42,6233,0.144059327731704,0.153730523726823,0.00967119599511865,1.06713342445364,0.00368890812565385,0.00342082970068483,0.00503876116011026,0.0339769828904838,0.136979001014391,0.151441409620397,0.14714480273874,0.160555510479747,-0.000204594405396717,0.019546986395634,0.998383655775234,1.14061737589435,144.059327731704,153.730523726823,9.67119599511865,136.979001014391,151.441409620397,147.14480273874,160.555510479747,-0.204594405396717,19.546986395634,-6.21885556701742,25.5612475572547,supp_t1dose_6_10
43,3273,0.149720692285157,0.160010406731363,0.0102897144462057,1.06872606778099,0.00464976365326121,0.00433991955081191,0.00636603944267711,0.0412687261895235,0.140833957374634,0.159064369197415,0.151686207127323,0.168700575224245,-0.00218749358560282,0.0227669224780143,0.985685571024871,1.15876243046454,149.720692285157,160.010406731363,10.2897144462057,140.833957374634,159.064369197415,151.686207127323,168.700575224245,-2.18749358560282,22.7669224780143,-9.78599300973521,30.3654219021467,supp_t1dose_6_10
44,1704,0.156652206612717,0.167517010895882,0.0108648042831648,1.06935621602845,0.00572648616367966,0.00536734655561815,0.00785382743761253,0.0486416118655348,0.145752978437909,0.168205981542861,0.157259340196774,0.178302205164023,-0.00452841463534821,0.0262580232016779,0.97211710122182,1.17632198355674,156.652206612717,167.517010895882,10.8648042831648,145.752978437909,168.205981542861,157.259340196774,178.302205164023,-4.52841463534821,26.2580232016779,-13.9027365821877,35.6323451485174,supp_t1dose_6_10
45,701,0.155076594040178,0.166103648418576,0.0110270543783983,1.07110714835239,0.00665599810188956,0.00626949243628158,0.0091461959608917,0.0571711654733728,0.142474269897666,0.168574501861468,0.154176776947732,0.178758170167295,-0.00689916030049517,0.0289532690572917,0.957566035549968,1.19811112827604,155.076594040178,166.103648418576,11.0270543783983,142.474269897666,168.574501861468,154.176776947732,178.758170167295,-6.89916030049517,28.9532690572917,-17.8160522499757,39.8701610067723,supp_t1dose_6_10
15,39622,0.0806115840204538,0.064857438720146,-0.0157541453003078,0.804567228249596,0.00050869105708969,0.00252961806989682,0.00257998598431973,0.0395065325668346,0.079620176202683,0.0816142419038445,0.060072353386412,0.069995297416544,-0.0208108249101926,-0.010697465690423,0.744619349259324,0.869341396267957,80.6115840204538,64.857438720146,-15.7541453003078,79.6201762026831,81.6142419038445,60.072353386412,69.995297416544,-20.8108249101926,-10.697465690423,-23.8902940515083,-7.61799654910726,supp_t3_through_vs_none
16,96925,0.0799282491959824,0.0638981779902392,-0.0160300712057432,0.799444234460362,0.000396491244074875,0.00195903716644292,0.00199837225307571,0.0310525967454928,0.0791545821292387,0.0807088154087145,0.0601643432284876,0.0678470085255176,-0.0199468088494758,-0.0121133335620106,0.752239538204725,0.849611129903115,79.9282491959824,63.8981779902392,-16.0300712057432,79.1545821292387,80.7088154087145,60.1643432284876,67.8470085255176,-19.9468088494758,-12.1133335620106,-22.3320643212534,-9.72807809023299,supp_t3_through_vs_none
17,192609,0.0812370994507414,0.0646298490424322,-0.0166072504083092,0.795570613419314,0.00029973792304685,0.00147185793387467,0.00150190298871606,0.0230685624579938,0.0806515569453087,0.0818265147122097,0.0618042994817964,0.067575271937328,-0.0195509261744658,-0.0136635746421527,0.760401100843034,0.832366760430345,81.2370994507414,64.6298490424322,-16.6072504083092,80.6515569453087,81.8265147122097,61.8042994817964,67.575271937328,-19.5509261744658,-13.6635746421527,-21.3435963420987,-11.8709044745198,supp_t3_through_vs_none
18,362076,0.0834102646471295,0.0661672010894368,-0.0172430635576927,0.793274081665606,0.000216910142725363,0.0010536720184352,0.00107561294510826,0.016133465028775,0.0829861122435146,0.0838363867506616,0.064131745199093,0.0682625474905006,-0.01935122619141,-0.0151349009239755,0.768582399030258,0.818759015866608,83.4102646471295,66.1672010894368,-17.2430635576927,82.9861122435146,83.8363867506616,64.131745199093,68.2625474905006,-19.35122619141,-15.1349009239755,-20.6350769148603,-13.8510502005251,supp_t3_through_vs_none
19,620348,0.085919820755995,0.0681347638798887,-0.0177850568761063,0.793004027247515,0.000160929140784815,0.000734329283623993,0.000750934268459871,0.0109294936975522,0.0856049295201336,0.0862357610568249,0.0667095185541369,0.0695881890558414,-0.0192568609970446,-0.0163132527551681,0.776197413059276,0.810174546643012,85.919820755995,68.1347638798887,-17.7850568761064,85.6049295201336,86.2357610568249,66.7095185541369,69.5881890558414,-19.2568609970446,-16.3132527551681,-20.1531755200433,-15.4169382321694,supp_t3_through_vs_none
20,815178,0.0855654012398561,0.0679932120106336,-0.0175721892292225,0.794634408597415,0.000132405891274812,0.000549407433880241,0.000564624086612819,0.00822110754153621,0.0853062469197723,0.0858252689810964,0.0669242659609654,0.0690779677622114,-0.0186788321037875,-0.0164655463546576,0.781933009121568,0.80754212440313,85.5654012398561,67.9932120106336,-17.5721892292225,85.3062469197723,85.8252689810964,66.9242659609654,69.0779677622114,-18.6788321037875,-16.4655463546576,-19.3527669475174,-15.7916115109277,supp_t3_through_vs_none
21,951476,0.0842394993433967,0.0673261011956622,-0.0169133981477345,0.7992224754472,0.000126347687428698,0.000506109962734439,0.000521730875419575,0.00766651823909257,0.0839921927017745,0.084487466992451,0.0663408982755093,0.0683248642998922,-0.0179359718731794,-0.0158908244222895,0.787303054371297,0.811322351302232,84.2394993433967,67.3261011956622,-16.9133981477345,83.9921927017745,84.487466992451,66.3408982755093,68.3248642998922,-17.9359718731794,-15.8908244222895,-18.5587094154338,-15.2680868800351,supp_t3_through_vs_none
22,1098105,0.0831954982784565,0.0671818115201103,-0.0160136867583462,0.807517388684323,0.000121637473510983,0.000496122903407393,0.000511204960361145,0.00753283687888672,0.0829574035902122,0.083434214145788,0.0662159344592555,0.0681607491975069,-0.0170156300693723,-0.0150117434473201,0.795682709206605,0.819528092646072,83.1954982784565,67.1818115201103,-16.0136867583462,82.9574035902122,83.434214145788,66.2159344592555,68.1607491975069,-17.0156300693723,-15.0117434473201,-17.6258038881013,-14.4015696285911,supp_t3_through_vs_none
23,1218492,0.0824558501965378,0.0675809173882071,-0.0148749328083307,0.81960124390355,0.000110042393072475,0.00046057877131285,0.000474004438885845,0.00695031528259345,0.0822404276360395,0.082671786209469,0.0666837724882115,0.0684892465014107,-0.015803964437059,-0.0139459011796023,0.808512036558348,0.830842546101994,82.4558501965378,67.5809173882071,-14.8749328083307,82.2404276360395,82.671786209469,66.6837724882116,68.4892465014107,-15.803964437059,-13.9459011796023,-16.3697357440611,-13.3801298726002,supp_t3_through_vs_none
24,1336094,0.0819934874673416,0.0684867574539577,-0.0135067300133839,0.835270697337229,9.52129540014692e-05,0.000407378940867226,0.000418876755308875,0.00606695730912006,0.0818070667972322,0.0821802949283129,0.0676926086789655,0.069289530514872,-0.0143277133677503,-0.0126857466590175,0.825397297315376,0.845262202940852,81.9934874673416,68.4867574539577,-13.5067300133839,81.8070667972322,82.180294928313,67.6926086789655,69.289530514872,-14.3277133677503,-12.6857466590175,-14.8276843171383,-12.1857757096295,supp_t3_through_vs_none
25,1460810,0.0817529431435765,0.0698596330445096,-0.0118933100990669,0.854521321902998,8.47154419205087e-05,0.000370061268914208,0.000380155141590736,0.00540403149735031,0.0815870574541097,0.0819191360331123,0.0691377995056968,0.0705884314025169,-0.0126384004851225,-0.0111482197130113,0.845518245486488,0.86362026305737,81.7529431435765,69.8596330445096,-11.8933100990669,81.5870574541097,81.9191360331123,69.1377995056968,70.588431402517,-12.6384004851225,-11.1482197130113,-13.0921533483381,-10.6944668497957,supp_t3_through_vs_none
26,1574915,0.0815237977535254,0.0715100026792347,-0.0100137950742907,0.877167215583284,8.36515503847263e-05,0.000375765733864751,0.000385469579441322,0.00536020965901211,0.0813599938874351,0.0816879020837503,0.0707770067721451,0.0722499995543722,-0.0107693015671315,-0.00925828858144993,0.868000094931124,0.886431152009477,81.5237977535254,71.5100026792347,-10.0137950742907,81.3599938874351,81.6879020837503,70.7770067721451,72.2499995543722,-10.7693015671315,-9.25828858144993,-11.2293977389789,-8.7981924096025,supp_t3_through_vs_none
27,1680475,0.0812212214599389,0.0733567466959994,-0.00786447476393945,0.903172168276015,8.77828484022117e-05,0.000408391457012307,0.000418137677785442,0.00567630838223609,0.0810493362735947,0.0813934388846086,0.0725603244600185,0.0741612114612763,-0.00868400955297813,-0.00704493997490077,0.893179740511517,0.913276386095862,81.2212214599389,73.3567466959994,-7.86447476393945,81.0493362735948,81.3934388846086,72.5603244600185,74.1612114612763,-8.68400955297813,-7.04493997490077,-9.18309834004424,-6.54585118783466,supp_t3_through_vs_none
28,1777447,0.080727615316311,0.0752689043572546,-0.00545871095905638,0.932381119674256,8.8357693424264e-05,0.000425952242682214,0.000435377781867896,0.00576839036367774,0.0805546067718293,0.0809009627399516,0.0744382947080951,0.0761080201332798,-0.00631203573118639,-0.00460538618692637,0.921899135830567,0.942982283568157,80.727615316311,75.2689043572546,-5.45871095905638,80.5546067718293,80.9009627399516,74.4382947080951,76.1080201332798,-6.31203573118639,-4.60538618692637,-6.83170229225502,-4.08571962585774,supp_t3_through_vs_none
29,1845488,0.0803062215717545,0.0774338415514161,-0.00287238002033849,0.964232160795014,8.3768597332165e-05,0.000418942542685291,0.000427578188459747,0.00551424301841009,0.0801421912414889,0.0804705582597021,0.0766167070821673,0.0782589523334597,-0.00371041787029447,-0.0020343421703825,0.953867123875031,0.974709827648103,80.3062215717546,77.4338415514161,-2.87238002033849,80.1421912414889,80.4705582597021,76.6167070821673,78.2589523334597,-3.71041787029447,-2.0343421703825,-4.22077484310906,-1.52398519756792,supp_t3_through_vs_none
30,1869807,0.0799916120350843,0.0798257284829547,-0.000165883552129639,0.997926238165361,7.69533227116882e-05,0.000401224135077266,0.000408879438717112,0.00512176628554968,0.0798409160644052,0.0801425676643427,0.0790428726521236,0.0806156591639686,-0.00096727252603413,0.000635505421774852,0.987958691320222,1.00799434790952,79.9916120350843,79.8257284829547,-0.165883552129639,79.8409160644052,80.1425676643427,79.0428726521236,80.6156591639686,-0.96727252603413,0.635505421774852,-1.4553106865902,1.12354358233093,supp_t3_through_vs_none
31,1866610,0.0795174885690153,0.0821060202115973,0.00258853164258209,1.03255298537674,7.22581623459061e-05,0.000395028419033058,0.000401940005043123,0.00490075071660857,0.0793759803468236,0.0796592272375176,0.0813350952064707,0.0828835930759709,0.00180074370875172,0.00337631957641246,1.02268248984962,1.04251874671991,79.5174885690152,82.1060202115974,2.58853164258209,79.3759803468236,79.6592272375176,81.3350952064707,82.8835930759709,1.80074370875172,3.37631957641246,1.32098845050098,3.8560748346632,supp_t3_through_vs_none
32,1780439,0.0792731274483989,0.0845893498981969,0.00531622244979794,1.06706210062494,7.36706720429295e-05,0.000420879276666595,0.00042768372428197,0.00506670763934311,0.0791288557106299,0.0794176395443439,0.0837680838640398,0.0854179170194922,0.00447797775343132,0.00615446714616456,1.05651801264046,1.07771141898891,79.2731274483989,84.5893498981969,5.31622244979794,79.1288557106299,79.4176395443439,83.7680838640398,85.4179170194922,4.47797775343132,6.15446714616456,3.96749481314644,6.66495008644945,supp_t3_through_vs_none
33,1649749,0.0794209318901482,0.0873828740054349,0.00796194211528666,1.10024992059145,8.09962252587892e-05,0.000477065413178911,0.000484346907170339,0.00555962667318195,0.0792623271054739,0.0795798266142905,0.0864523554084391,0.088322439810244,0.00701263962120943,0.00891124460936388,1.08832594621827,1.1123045370442,79.4209318901482,87.3828740054349,7.96194211528666,79.2623271054739,79.5798266142905,86.4523554084391,88.322439810244,7.01263962120943,8.91124460936388,6.43452355259983,9.48936067797348,supp_t3_through_vs_none
34,1494434,0.0800490645081318,0.090518592903925,0.0104695283957932,1.13078889128966,9.0546150233965e-05,0.000543501893130673,0.000551460162587702,0.00611574661595884,0.0798717768219514,0.0802267114004998,0.0894589779064649,0.0915894962637189,0.00938868633821273,0.0115503704533737,1.11731544046622,1.14442481536866,80.0490645081318,90.518592903925,10.4695283957932,79.8717768219514,80.2267114004998,89.4589779064649,91.5894962637189,9.38868633821273,11.5503704533737,8.73046394333349,12.208592848253,supp_t3_through_vs_none
35,1309435,0.081632664710226,0.0944627510366295,0.0128300863264035,1.15716853507045,9.88290335660577e-05,0.000600077635476162,0.000608650190972439,0.00647282550091101,0.0814391726288377,0.0818265755588222,0.0932931604949957,0.0956454576783077,0.0116371538729141,0.0140230187798929,1.14258083991298,1.1719424759994,81.632664710226,94.4627510366295,12.8300863264035,81.4391726288377,81.8265755588222,93.2931604949957,95.6454576783077,11.6371538729141,14.0230187798929,10.9106695073605,14.7495031454464,supp_t3_through_vs_none
36,1093144,0.0838274244039592,0.0987722525338417,0.0149448281298825,1.17828089358757,0.00010364787927793,0.000634176138590752,0.000643135851470056,0.0065450354277527,0.0836245017942389,0.0840307942706177,0.0975362349745343,0.100022197393387,0.0136843050238347,0.0162053512359303,1.16326240137113,1.19349328453932,83.8274244039592,98.7722525338417,14.9448281298825,83.6245017942389,84.0307942706177,97.5362349745343,100.022197393387,13.6843050238347,16.2053512359303,12.9166586023763,16.9729976573887,supp_t3_through_vs_none
37,874547,0.0866209664759786,0.103438637941855,0.0168176714658759,1.19415243387454,0.000107897433652345,0.000667393107792074,0.000676650979839569,0.00657800721360438,0.0864097249242584,0.0868326753567756,0.102137868799671,0.104754040185548,0.0154914599152866,0.0181438830164652,1.17885545709371,1.20964790615133,86.6209664759786,103.438637941855,16.8176714658759,86.4097249242584,86.8326753567756,102.137868799671,104.754040185548,15.4914599152866,18.1438830164652,14.6838098642704,18.9515330674814,supp_t3_through_vs_none
38,681949,0.0900078566984138,0.108480739949381,0.0184728832509673,1.20523634189917,0.000117994487165736,0.000746082927816331,0.000755901882900192,0.00700741860521787,0.0897768593146257,0.0902393895176108,0.107027077326109,0.109951715432625,0.0169913427846369,0.0199544237172977,1.18879643241033,1.22190359949962,90.0078566984138,108.480739949381,18.4728832509673,89.7768593146257,90.2393895176108,107.027077326109,109.951715432625,16.9913427846369,19.9544237172977,16.0890989211427,20.8566675807919,supp_t3_through_vs_none
39,521567,0.0935855606659566,0.113453046111407,0.0198674854454504,1.21229220943993,0.000140761156323483,0.000915755083267832,0.000926895505252076,0.00821470296349303,0.0933100382963312,0.0938618123676175,0.111670541821681,0.115260311323634,0.0180508036377242,0.0216841672531765,1.19292996152424,1.23196872278313,93.5855606659567,113.453046111407,19.8674854454504,93.3100382963312,93.8618123676175,111.670541821681,115.260311323634,18.0508036377242,21.6841672531765,16.9444619277321,22.7905089631686,supp_t3_through_vs_none
40,372260,0.0981318140742669,0.119270102706761,0.0211382886324937,1.2154070912874,0.000181219649391018,0.00120269266284459,0.00121650564891643,0.0102538755478322,0.0977772024864336,0.0984875713529516,0.116932934515742,0.121647549408224,0.018753981373628,0.0235225958913594,1.1912245938506,1.2400805063776,98.1318140742669,119.270102706761,21.1382886324937,97.7772024864336,98.4875713529516,116.932934515742,121.647549408224,18.753981373628,23.5225958913594,17.3019612352076,24.9746160297797,supp_t3_through_vs_none
41,253123,0.102658174392591,0.124806084483425,0.0221479100908334,1.21574424269551,0.000238238552652187,0.00159464203695394,0.00161246015481934,0.0129871658872044,0.10219217495945,0.103126054714006,0.121714049389313,0.127965225233259,0.0189875462608816,0.0253082739207851,1.18518876503767,1.24708747437401,102.658174392591,124.806084483425,22.1479100908334,102.19217495945,103.126054714006,121.714049389313,127.965225233259,18.9875462608816,25.3082739207851,17.0629151510437,27.232905030623,supp_t3_through_vs_none
42,161839,0.107838364472467,0.130871100127413,0.0230327356549461,1.21358572867476,0.000311384875113499,0.00208566737664498,0.00210880893834553,0.0161965138900997,0.107229577837475,0.108450187579236,0.126837215275866,0.135013439913568,0.0188995460855127,0.0271659252243795,1.17566601182146,1.25272850115081,107.838364472467,130.871100127413,23.0327356549461,107.229577837475,108.450187579236,126.837215275866,135.013439913568,18.8995460855128,27.1659252243795,16.3824734773535,29.6829978325387,supp_t3_through_vs_none
43,96023,0.112541271826596,0.136180288265098,0.0236390164385015,1.21004753238372,0.000396356196579743,0.0026468776684212,0.00267631941441529,0.0197524539242643,0.111766765984878,0.113320460003639,0.131075239551174,0.141451798479411,0.0183935267751222,0.0288845061018808,1.16409684206749,1.25781204596982,112.541271826596,136.180288265098,23.6390164385015,111.766765984878,113.320460003639,131.075239551174,141.451798479411,18.3935267751222,28.8845061018808,15.1990741311598,32.0789587458432,supp_t3_through_vs_none
44,53338,0.118007497517073,0.142223555108702,0.0242160575916296,1.20520778849773,0.000494667719807012,0.00328601939217584,0.00332286040839048,0.0234802417652686,0.11704141120814,0.118980483568493,0.13590390817907,0.148786470445109,0.0177033708655302,0.0307287443177289,1.1510004980564,1.26196801470403,118.007497517073,142.223555108702,24.2160575916296,117.04141120814,118.980483568493,135.90390817907,148.786470445109,17.7033708655302,30.7287443177289,13.7372074248259,34.6949077584332,supp_t3_through_vs_none
45,28429,0.123395517274574,0.148096445584375,0.0247009283098013,1.2001768691065,0.000602894205575286,0.00398222237641789,0.00402730481295935,0.0273272725959392,0.122218719475859,0.124582037832386,0.140460112853133,0.156072555780995,0.0168075559216361,0.0325943006979664,1.13758599248125,1.26621154502482,123.395517274574,148.096445584375,24.7009283098013,122.218719475859,124.582037832386,140.460112853133,156.072555780995,16.8075559216361,32.5943006979664,12.0005682210999,37.4012883985026,supp_t3_through_vs_none
15,1199,0.0647913995733617,0.0733916964521141,0.00860029687875241,1.13273824821479,0.00252214696218734,0.00344853437599271,0.00426995183590322,0.060981654310566,0.0600201324277816,0.0699137452113902,0.0669127356129888,0.0804439112641086,0.000231345064661428,0.0169692486928434,1.00512919328636,1.27654827612111,64.7913995733617,73.3916964521141,8.60029687875241,60.0201324277817,69.9137452113902,66.9127356129888,80.4439112641086,0.231345064661428,16.9692486928434,-4.86526592217522,22.06585967968,supp_timing_stopped_by_T1
16,4170,0.0645813675520275,0.0749075823717388,0.0103262148197113,1.15989464471146,0.00197612167998331,0.00275120749433964,0.00338569973045369,0.0477799157677878,0.0608146817628027,0.0685643193133682,0.0696905188631826,0.080481410824581,0.00369036528555515,0.0169620643538675,1.05620496635812,1.2737637387459,64.5813675520275,74.9075823717388,10.3262148197113,60.8146817628027,68.5643193133682,69.6905188631826,80.481410824581,3.69036528555515,16.9620643538675,-0.350803118095031,21.0032327575177,supp_timing_stopped_by_T1
17,11232,0.0649223371704995,0.0769720416676962,0.0120497044971967,1.18560182862104,0.00147579024447192,0.00208645911907862,0.00255455959753491,0.0353610147850631,0.0620891099993258,0.0678754929254743,0.0729809377065037,0.0811622976893849,0.00704285968966713,0.0170565493047263,1.10621491599486,1.27068589991431,64.9223371704995,76.9720416676962,12.0497044971967,62.0891099993258,67.8754929254743,72.9809377065037,81.1622976893849,7.04285968966713,17.0565493047263,3.99373946263032,20.1056695317631,supp_timing_stopped_by_T1
18,29922,0.06631257916647,0.0801357763124127,0.0138231971459427,1.20845512751421,0.00105376745867801,0.00150550779106577,0.00184027743961375,0.0246431619025339,0.0642768718195282,0.068408045811817,0.0772341896251952,0.0831365506438397,0.0102163196427382,0.0174300746491473,1.15147425236839,1.26825570976656,66.31257916647,80.1357763124127,13.8231971459427,64.2768718195282,68.408045811817,77.2341896251952,83.1365506438397,10.2163196427382,17.4300746491473,8.01976600981433,19.6266282820711,supp_timing_stopped_by_T1
19,60774,0.0676434936396327,0.0830053173067626,0.0153618236671299,1.22709979689945,0.00073055648632444,0.00105371546382062,0.00128578676646888,0.0167163300978391,0.0662256081473254,0.069089489871988,0.0809633022768679,0.0850940663391432,0.0128417279130527,0.0178819194212071,1.18754730454821,1.26796962595399,67.6434936396327,83.0053173067625,15.3618236671299,66.2256081473254,69.089489871988,80.9633022768679,85.0940663391432,12.8417279130527,17.8819194212071,11.3070138899076,19.4166334443521,supp_timing_stopped_by_T1
20,82205,0.0666455455568363,0.0826858547423641,0.0160403091855278,1.24068088949543,0.000541900025172175,0.000801498120937708,0.000973442967346879,0.0127345111752366,0.0655912675955971,0.0677155413531818,0.0811284634899019,0.0842704007807767,0.0141323960285242,0.0179482223425315,1.21009776042162,1.27203695428943,66.6455455568363,82.6858547423641,16.0403091855278,65.5912675955971,67.7155413531818,81.1284634899019,84.2704007807767,14.1323960285242,17.9482223425315,12.9704953061968,19.1101230648589,supp_timing_stopped_by_T1
21,96740,0.065935131612897,0.0822074009990156,0.0162722693861186,1.24679209683925,0.000498274412982983,0.000755385559668028,0.000912698689738682,0.0120062525395078,0.0649652278739241,0.0669184792881799,0.0807389583113589,0.0837001192952134,0.0144834128254939,0.0180611259467433,1.21779531802598,1.27647931448825,65.935131612897,82.2074009990156,16.2722693861186,64.9652278739241,66.9184792881799,80.7389583113589,83.7001192952134,14.4834128254939,18.0611259467433,13.3940164227802,19.150522349457,supp_timing_stopped_by_T1
22,110682,0.0650746328306952,0.0810199352311678,0.0159453024004726,1.24503100066592,0.000482865654128643,0.00073487571450396,0.000887790794408228,0.0118393035102812,0.0641346122122642,0.0660274592646474,0.0795912296264092,0.082471988895278,0.0142052644176263,0.0176853403833189,1.21647316189289,1.27425926126241,65.0746328306952,81.0199352311678,15.9453024004726,64.1346122122642,66.0274592646474,79.5912296264093,82.471988895278,14.2052644176263,17.6853403833189,13.1455980582196,18.7450067427256,supp_timing_stopped_by_T1
23,119247,0.0649979506547139,0.0802992138358882,0.0153012631811744,1.23541147108558,0.000445218263486426,0.000673790467631852,0.000816866977665949,0.0109641605891861,0.0641307701778823,0.0658760318021605,0.0789884808590369,0.0816297693458096,0.013700233324789,0.0169022930375597,1.2091464889557,1.26224697903065,64.9979506547139,80.2992138358882,15.3012631811744,64.1307701778823,65.8760318021605,78.9884808590369,81.6297693458096,13.700233324789,16.9022930375597,12.7252215745041,17.8773047878446,supp_timing_stopped_by_T1
24,125425,0.0655351175864058,0.0799309049802011,0.0143957873937953,1.21966524092697,0.000392264990757942,0.000596436525389118,0.000724470649131749,0.00971690030798588,0.0647704730356016,0.0663081490938799,0.0787696890550632,0.0811077322845459,0.0129758510136408,0.0158157237739499,1.19665678216029,1.24311608984488,65.5351175864058,79.9309049802011,14.3957873937953,64.7704730356016,66.3081490938799,78.7696890550632,81.1077322845459,12.9758510136408,15.8157237739499,12.1111234448286,16.6804513427621,supp_timing_stopped_by_T1
25,130505,0.0671723915090861,0.0805186323611241,0.0133462408520381,1.1986864030326,0.000357971215948593,0.000560124812939649,0.000676424659259897,0.00892685889393422,0.0664741719620376,0.067877411641091,0.0794276142725021,0.0816233079130344,0.0120204728816339,0.0146720088224422,1.17789620618136,1.21984355266189,67.1723915090861,80.5186323611241,13.3462408520381,66.4741719620376,67.877411641091,79.4276142725021,81.6233079130345,12.0204728816339,14.6720088224422,11.2130929666747,15.4793887374014,supp_timing_stopped_by_T1
26,131877,0.0695210133441877,0.0816541718845239,0.0121331585403362,1.1745250530263,0.000367165977624213,0.00059037811549917,0.000707131771541538,0.00911630506556006,0.0688048184556264,0.0702441008051464,0.080504496570126,0.082818786777535,0.0107472057357907,0.0135191113448816,1.15372544760202,1.19569963811901,69.5210133441877,81.6541718845239,12.1331585403362,68.8048184556264,70.2441008051464,80.504496570126,82.818786777535,10.7472057357907,13.5191113448816,9.90317383695843,14.3631432437139,supp_timing_stopped_by_T1
27,130884,0.0723507224833193,0.0830933930865902,0.0107426706032709,1.14848048830124,0.000403758416131138,0.000647607639977596,0.000774787870539029,0.00973956445602139,0.0715633498390157,0.0731460756513413,0.081832889492814,0.0843715285411395,0.00922411428135592,0.0122612269251859,1.12676484615719,1.17061464644296,72.3507224833193,83.0933930865902,10.7426706032709,71.5633498390157,73.1460756513413,81.832889492814,84.3715285411395,9.22411428135592,12.2612269251859,8.29932811860481,13.186013087937,supp_timing_stopped_by_T1
28,126880,0.0757789063938398,0.084999140611819,0.00922023421797916,1.12167283293928,0.000428817381281685,0.000673530127873165,0.00081081650611974,0.00989444829420499,0.0749427067551311,0.076623663392878,0.0836883107475691,0.0863285679469119,0.00763106306791387,0.0108094053680444,1.10013006038637,1.14363745656778,75.7789063938398,84.999140611819,9.22023421797916,74.9427067551311,76.623663392878,83.6883107475691,86.3285679469119,7.63106306791387,10.8094053680444,6.66327315547233,11.777195280486,supp_timing_stopped_by_T1
29,120282,0.080358147307698,0.0879859911197513,0.00762784381205328,1.09492309202757,0.000433349064546639,0.000667806703599892,0.000810331525785424,0.00948284576812394,0.0795128847432684,0.081211602676753,0.0866858801364032,0.0893036945004624,0.00603962320597646,0.0092160644181301,1.07476076113854,1.11546366484873,80.358147307698,87.9859911197513,7.62784381205328,79.5128847432684,81.211602676753,86.6858801364032,89.3036945004624,6.03962320597646,9.2160644181301,5.07241216566165,10.1832754584449,supp_timing_stopped_by_T1
30,111577,0.0844990847751807,0.0903422094434436,0.00584312466826298,1.06915015332781,0.000422160583709379,0.000648210004336869,0.000790318758908519,0.00893727512957196,0.0836753339461504,0.0853301899328779,0.0890797615315401,0.0916207493627547,0.00429412836449589,0.00739212097203007,1.0505852042447,1.08804316465,84.4990847751807,90.3422094434436,5.84312466826298,83.6753339461504,85.3301899328779,89.0797615315401,91.6207493627548,4.29412836449589,7.39212097203007,3.35080454620644,8.33544479031952,supp_timing_stopped_by_T1
31,102027,0.0889690124668171,0.092948673143977,0.00397966067715984,1.0447308626545,0.000423700574334464,0.000660119127911096,0.00080336002542853,0.00876120586740535,0.0881420643102176,0.0898029549681257,0.091662920259845,0.0942505898787783,0.00240510396070074,0.00555421739361894,1.0269442617438,1.06282552621645,88.9690124668171,92.948673143977,3.97966067715984,88.1420643102176,89.8029549681257,91.662920259845,94.2505898787783,2.40510396070074,5.55421739361894,1.44621409745751,6.51310725686217,supp_timing_stopped_by_T1
32,91764,0.0941133369290168,0.0961923323965982,0.0020789954675814,1.02209033847296,0.00046100898486835,0.000727403593670024,0.000881265999677645,0.00922185327272561,0.0932136544814691,0.0950207930198216,0.0947760576965341,0.097627488519823,0.000351745847413534,0.00380624508774927,1.00378251712847,1.04073207310709,94.1133369290168,96.1923323965983,2.0789954675814,93.2136544814691,95.0207930198216,94.7760576965341,97.627488519823,0.351745847413534,3.80624508774927,-0.700132522388405,4.85812345755121,supp_timing_stopped_by_T1
33,81398,0.0990971940531979,0.0992736742549404,0.000176480201742477,1.00178087990713,0.000531229740784947,0.000835036547573803,0.00100973570996688,0.0101766061129326,0.0980608600443185,0.100143264282269,0.0976489943760881,0.100922362200121,-0.00180256542369659,0.00215552582718154,0.981997530452005,1.02196278526849,99.0971940531979,99.2736742549404,0.176480201742477,98.0608600443185,100.143264282269,97.6489943760881,100.922362200121,-1.80256542369659,2.15552582718154,-3.00778513365847,3.36074553714343,supp_timing_stopped_by_T1
34,70747,0.10443799509007,0.102780504129186,-0.00165749096088388,0.984129425699388,0.000613445704200696,0.000950531421944743,0.00115117246667882,0.0111470538128376,0.10324176282845,0.10564645486343,0.100932390425933,0.104658518347489,-0.00391374753556851,0.000598765613800743,0.962861513975914,1.00586710806227,104.43799509007,102.780504129186,-1.65749096088388,103.24176282845,105.64645486343,100.932390425933,104.658518347489,-3.91374753556851,0.598765613800743,-5.28778604159725,1.97280411982948,supp_timing_stopped_by_T1
35,59784,0.109808039522619,0.106456738292479,-0.00335130123013981,0.969480365511402,0.000682161444065508,0.00104074266563509,0.0012648476394834,0.0117711358644083,0.10847814601222,0.111152204212111,0.104434067145629,0.108513837636505,-0.00583035704945778,-0.000872245410821846,0.947369522117353,0.992107258223255,109.808039522619,106.456738292479,-3.35130123013981,108.47814601222,111.152204212111,104.434067145629,108.513837636505,-5.83035704945778,-0.872245410821846,-7.34007814791646,0.637475687636842,supp_timing_stopped_by_T1
36,50300,0.115897767143509,0.111041626096792,-0.00485614104671632,0.958099787714605,0.000726367199694661,0.00110280814377857,0.00134179592891202,0.011929509550318,0.114481693546619,0.11732903593612,0.108898500371013,0.113221569703746,-0.00748601274198634,-0.0022262693514463,0.935957927313373,0.980765455829539,115.897767143509,111.041626096792,-4.85614104671632,114.481693546619,117.32903593612,108.898500371013,113.221569703747,-7.48601274198634,-2.2262693514463,-9.08757925519249,-0.624702838240154,supp_timing_stopped_by_T1
37,39582,0.122011283110988,0.115862318248815,-0.00614896486217327,0.949603309584247,0.000766256027628888,0.00117867922222493,0.00142712120914653,0.0121323718139804,0.120517389830433,0.123521093415195,0.113572086772283,0.118192575339998,-0.00894607103367372,-0.00335185869067282,0.927289038378339,0.972454551118545,122.011283110988,115.862318248815,-6.14896486217327,120.517389830433,123.521093415195,113.572086772283,118.192575339998,-8.94607103367372,-3.35185869067282,-10.6494817309387,-1.64844799340783,supp_timing_stopped_by_T1
38,30385,0.128257790885516,0.12103129075148,-0.00722650013403553,0.943656443135794,0.000854889803964686,0.00134704035046302,0.00161468838582768,0.0131256541240518,0.126591551358674,0.129942699097046,0.118415872546448,0.123696369731757,-0.0103912312165129,-0.00406176905155816,0.919689720830594,0.968247728013614,128.257790885516,121.03129075148,-7.22650013403553,126.591551358674,129.942699097046,118.415872546448,123.696369731757,-10.3912312165129,-4.06176905155816,-12.3185219410431,-2.13447832702798,supp_timing_stopped_by_T1
39,22837,0.134073659519612,0.125996271540773,-0.00807738797883922,0.93975410227646,0.00104626195485625,0.00167313219984127,0.0019898352137315,0.015527601260137,0.132036245263698,0.136137581464325,0.122753350001423,0.129312236538459,-0.0119773933329225,-0.00417738262475593,0.911584877695073,0.968793794581624,134.073659519612,125.996271540773,-8.07738797883922,132.036245263698,136.137581464325,122.753350001423,129.312236538459,-11.9773933329225,-4.17738262475593,-14.3524590015855,-1.80231695609291,supp_timing_stopped_by_T1
40,15853,0.140827070651046,0.13204832617053,-0.00877874448051622,0.937662947614177,0.00137093434095964,0.00219735350781009,0.002602775236967,0.0193715560478951,0.138161459983331,0.143535544883663,0.127800820103117,0.136414920564856,-0.0138800902048242,-0.0036773987562082,0.902729544994389,0.973948186590007,140.827070651046,132.04832617053,-8.77874448051622,138.161459983331,143.535544883663,127.800820103117,136.414920564856,-13.8800902048242,-3.6773987562082,-16.9867605792891,-0.57072838174334,supp_timing_stopped_by_T1
41,10370,0.147300264469136,0.13803204733807,-0.0092682171310664,0.937079426405182,0.00181196957291944,0.00288992377655646,0.00342042518530308,0.0243480887626133,0.143784167918495,0.150887191270819,0.132464885074769,0.143794402014653,-0.0159721273060742,-0.00256430695605862,0.893410952587021,0.982882344176695,147.300264469136,138.03204733807,-9.2682171310664,143.784167918495,150.887191270819,132.464885074769,143.794402014653,-15.9721273060742,-2.56430695605862,-20.0547439839696,1.51830972183676,supp_timing_stopped_by_T1
42,6233,0.15334453417418,0.143758348300054,-0.00958618587412516,0.937485963058608,0.00235359216144412,0.00373002218751482,0.00441778821461982,0.0301945957138377,0.148788177937813,0.158014518612938,0.136601174446756,0.151224838842454,-0.0182448916661055,-0.00092748008214481,0.883615015427039,0.994641235818266,153.34453417418,143.758348300054,-9.58618587412516,148.788177937813,158.014518612938,136.601174446756,151.224838842454,-18.2448916661055,-0.92748008214481,-23.5179600325514,4.34558828430109,supp_timing_stopped_by_T1
43,3273,0.159247178812884,0.149461404860073,-0.00978577395281144,0.938549781379112,0.00298611577287023,0.00470582060940722,0.00557954670932251,0.0366860022298641,0.153481302975513,0.165187394586172,0.140470767689339,0.158921081641856,-0.0207214845531425,0.00114993664751964,0.873434075508882,1.00851995225119,159.247178812884,149.461404860073,-9.78577395281144,153.481302975513,165.187394586172,140.470767689339,158.921081641856,-20.7214845531425,1.14993664751964,-27.3812268999285,7.80967899430566,supp_timing_stopped_by_T1
44,1704,0.166049791045532,0.156169555133667,-0.00988023591186501,0.940498353839206,0.00369006325960183,0.00579252547119239,0.00687314598456474,0.0432702509746178,0.158942969371757,0.17340886304165,0.145149656181858,0.167861809042983,-0.023351354502098,0.00359088267836795,0.864025053010348,1.02374016875141,166.049791045532,156.169555133667,-9.88023591186501,158.942969371757,173.40886304165,145.149656181858,167.861809042983,-23.351354502098,3.59088267836795,-31.5551358760523,11.7946640523223,supp_timing_stopped_by_T1
45,701,0.164425272126783,0.154841951170912,-0.00958332095587111,0.941716253031458,0.00430519794244778,0.00673654394214725,0.00799850976824503,0.0508006369813482,0.156160180062022,0.173038107864481,0.142093335903315,0.168509706384373,-0.0252601120316232,0.00609347011988095,0.852468785073221,1.04030730127841,164.425272126783,154.841951170912,-9.58332095587111,156.160180062022,173.038107864481,142.093335903315,168.509706384373,-25.2601120316232,6.09347011988095,-34.8071266888822,15.6404847771399,supp_timing_stopped_by_T1
15,1199,0.0651821919755604,0.0674809383478847,0.00229874637232429,1.03526647850668,0.00253638567013063,0.00445542347810877,0.00512439305317707,0.0766018909880148,0.0603838469054454,0.070333291754055,0.0592553718177896,0.0767551791253258,-0.00774487945453001,0.0123423721991786,0.890940095416563,1.20297277789311,65.1821919755604,67.4809383478847,2.29874637232429,60.3838469054454,70.3332917540551,59.2553718177896,76.7551791253258,-7.74487945453001,12.3423721991786,-13.8613507730331,18.4588435176817,supp_timing_stopped_in_T2
16,4170,0.0649627737670566,0.0698499069029382,0.00488713313588156,1.07522974855424,0.00198676631300971,0.00359056963687719,0.0041016547466041,0.0597847198939233,0.0611756967656907,0.0689670673643995,0.0631320841338383,0.0772236443726731,-0.00315196244448023,0.0129262287162433,0.956340230607459,1.20889927577516,64.9627737670566,69.8499069029382,4.88713313588156,61.1756967656907,68.9670673643995,63.1320841338383,77.2236443726731,-3.15196244448023,12.9262287162433,-8.04769416444499,17.8219604362081,supp_timing_stopped_in_T2
17,11232,0.0651922119739305,0.0726534681276886,0.0074612561537581,1.11445011494228,0.00148157433791124,0.00274450543739544,0.00311740562674374,0.0440627009048568,0.062347847714038,0.0681569063724297,0.0674544809427639,0.0782195518232509,0.00135125340013786,0.0135712589073783,1.02224358612767,1.2149736868486,65.1922119739306,72.6534681276887,7.4612561537581,62.347847714038,68.1569063724297,67.4544809427639,78.2195518232509,1.35125340013786,13.5712589073783,-2.36967938277905,17.2921916902953,supp_timing_stopped_in_T2
18,29922,0.0665275422829987,0.076558087898363,0.0100305456153643,1.15077282687967,0.00105711805306505,0.00200003622443825,0.00226346974923912,0.0305955111008839,0.0644853526643106,0.0686296615788973,0.0727289736017102,0.0805712844555194,0.00559422642675973,0.0144668648039689,1.08379377472052,1.22189122134985,66.5275422829987,76.558087898363,10.0305456153643,64.4853526643106,68.6296615788973,72.7289736017102,80.5712844555194,5.59422642675973,14.4668648039689,2.89255080237782,17.1685404283508,supp_timing_stopped_in_T2
19,60774,0.0678493884059419,0.0802070047142358,0.0123576163082939,1.182133053792,0.000733470490230385,0.00142701217070425,0.00160542354171829,0.0208317689476619,0.0664258569675701,0.0693011620805441,0.0774542522061973,0.0830487839246462,0.00921104398659329,0.0155041886299945,1.13483919494898,1.23139786067261,67.8493884059419,80.2070047142358,12.3576163082939,66.4258569675701,69.3011620805441,77.4542522061973,83.0487839246462,9.21104398659329,15.5041886299945,7.2948117723447,17.4204208442431,supp_timing_stopped_in_T2
20,82205,0.0668722211642996,0.0807043828898352,0.0138321617255355,1.20684465813616,0.000544792997196257,0.00112743162242802,0.00125400073977355,0.016198248577249,0.0658123278206317,0.067947942325824,0.0785220723756975,0.0829418856584396,0.0113743654389928,0.0162899580120783,1.16913159790258,1.24577424088503,66.8722211642997,80.7043828898352,13.8321617255355,65.8123278206317,67.947942325824,78.5220723756975,82.9418856584396,11.3743654389928,16.2899580120783,9.87759119107455,17.7867322599965,supp_timing_stopped_in_T2
21,96740,0.0661668433406441,0.0808590341793433,0.0146921908386993,1.22204763136515,0.000501044348385773,0.00109105572425414,0.00120359634945025,0.0155163194017161,0.0651915596206473,0.0671556694068279,0.0787462302636201,0.0830234170713883,0.0123331853418529,0.0170511963355456,1.18544284186757,1.25978272471783,66.1668433406441,80.8590341793433,14.6921908386993,65.1915596206473,67.155669406828,78.7462302636201,83.0234170713883,12.3331853418529,17.0511963355456,10.8965737326198,18.4878079447787,supp_timing_stopped_in_T2
22,110682,0.0652941012161346,0.0801020232487358,0.0148079220326012,1.22678805216392,0.000485397916668363,0.00106576852586075,0.00117465460097472,0.0152933308051897,0.0643491611129866,0.0662519348229778,0.0780378641003863,0.0822159121106052,0.0125056413204165,0.0171102027447859,1.19056149050672,1.26411692040501,65.2941012161346,80.1020232487358,14.8079220326012,64.3491611129866,66.2519348229778,78.0378641003863,82.2159121106052,12.5056413204165,17.1102027447859,11.1035745582747,18.5122695069277,supp_timing_stopped_in_T2
23,119247,0.0652084204492159,0.0796673684821502,0.0144589480329343,1.22173437009097,0.000447631799675567,0.00097597879446237,0.00107778428738461,0.0141024386720994,0.0643365494148361,0.0660912722513382,0.0777753408712427,0.0816013505123211,0.0123465296465573,0.0165713664193113,1.1884277227699,1.25597446311894,65.2084204492159,79.6673684821502,14.4589480329343,64.3365494148361,66.0912722513382,77.7753408712427,81.6013505123211,12.3465296465573,16.5713664193113,11.0600872107582,17.8578088551104,supp_timing_stopped_in_T2
24,125425,0.0657424187914351,0.0795095615400027,0.0137671427485677,1.20941034725606,0.00039464814871482,0.000866479809826909,0.000956770135783324,0.0125098097692895,0.0649731398449137,0.0665201579826944,0.0778277772411575,0.0812244866343801,0.0118919077409489,0.0156423777561865,1.18011766299965,1.23943012964671,65.7424187914351,79.5095615400028,13.7671427485677,64.9731398449137,66.5201579826944,77.8277772411575,81.2244866343801,11.8919077409489,15.6423777561865,10.7499076966137,16.7843778005217,supp_timing_stopped_in_T2
25,130505,0.067364224864374,0.0802737731407632,0.0129095482763893,1.19163804381896,0.000360341974671008,0.000823564192255133,0.000904051377391965,0.0116435319472287,0.066661393156454,0.0680739262767388,0.0786743578081191,0.0819028133753105,0.0111376401365272,0.0146814564162513,1.16475173901069,1.21914497305906,67.364224864374,80.2737731407632,12.9095482763893,66.661393156454,68.0739262767388,78.6743578081191,81.9028133753105,11.1376401365272,14.6814564162513,10.0585651586929,15.7605313940856,supp_timing_stopped_in_T2
26,131877,0.0697125747536425,0.0816510795199538,0.0119385047663113,1.17125324675643,0.00036965465784624,0.000880568518265826,0.000960034237651672,0.0120877320469409,0.0689915384623104,0.0704405765069507,0.0799417316750816,0.083393664486683,0.0100568722365887,0.013820137296034,1.14383060237199,1.19933333239438,69.7125747536425,81.6510795199538,11.9385047663113,68.9915384623104,70.4405765069507,79.9417316750816,83.393664486683,10.0568722365887,13.820137296034,8.91097616295772,14.966033369665,supp_timing_stopped_in_T2
27,130884,0.0725357466990014,0.0834427510547624,0.010907004355761,1.15036729960224,0.000406225161698279,0.000972663546827121,0.00105895971385553,0.0129978331804803,0.0717435768530877,0.0733359723941851,0.0815560534510745,0.0853690381379415,0.00883148145552528,0.0129825272559966,1.12143150361979,1.18004971299862,72.5357466990014,83.4427510547624,10.907004355761,71.7435768530877,73.3359723941851,81.5560534510745,85.3690381379415,8.83148145552528,12.9825272559966,7.5675080151523,14.2465006963696,supp_timing_stopped_in_T2
28,126880,0.0759809577577361,0.0859013111647551,0.00992035340701904,1.13056367937148,0.000431616894475409,0.00101555279190042,0.00110856515652432,0.0131819585147117,0.0751393144299922,0.076831245260516,0.0839316451481693,0.0879127644037897,0.00774760562571536,0.0120931011883227,1.10172835190156,1.16015370840541,75.9809577577361,85.9013111647551,9.92035340701904,75.1393144299922,76.831245260516,83.9316451481693,87.9127644037897,7.74760562571536,12.0931011883227,6.42442316991817,13.4162836441199,supp_timing_stopped_in_T2
29,120282,0.080563633586517,0.0895963341819474,0.00903270059543039,1.11211883319203,0.000436569933258676,0.00101001153518561,0.0011060811728768,0.0125778692673702,0.079712107481611,0.0814234513176873,0.0876363655278053,0.0915957364235478,0.00686482133261404,0.0112005798582467,1.08503786362507,1.13987570443696,80.563633586517,89.5963341819474,9.03270059543039,79.712107481611,81.4234513176873,87.6363655278053,91.5957364235478,6.86482133261404,11.2005798582467,5.5446037576482,12.5207974332126,supp_timing_stopped_in_T2
30,111577,0.0847329329074438,0.0928069058142999,0.0080739729068561,1.0952873060074,0.000425858373320142,0.0009844650377702,0.00107953488755413,0.0118183341922006,0.0839019876080062,0.0855713389874267,0.0908953122083239,0.0947545113961288,0.00595812340719551,0.0101898224065167,1.07020818973605,1.12095412295137,84.7329329074439,92.8069058142999,8.0739729068561,83.9019876080062,85.5713389874267,90.8953122083239,94.7545113961288,5.95812340719551,10.1898224065167,4.66959145647901,11.4783543572332,supp_timing_stopped_in_T2
31,102027,0.0892267354149266,0.0963489364683421,0.00712220105341548,1.07982137887591,0.000427802666965521,0.00100979450507639,0.00110469221028879,0.0116139218518821,0.0883918036671358,0.0900687745526225,0.094387854365803,0.0983463388985314,0.00495704410724749,0.00928735799958346,1.05551918987459,1.10468309952377,89.2267354149266,96.3489364683421,7.12220105341548,88.3918036671358,90.0687745526225,94.387854365803,98.3463388985314,4.95704410724749,9.28735799958346,3.63848439688023,10.6059177099507,supp_timing_stopped_in_T2
32,91764,0.0943775409478383,0.100558533970054,0.00618099302221518,1.06549220248948,0.000465497191359285,0.0011242764934792,0.00122543847408092,0.0123102086986649,0.0934691251339403,0.0952938574759689,0.09837633665766,0.102783618899134,0.00377917774774686,0.00858280829668351,1.04009212261499,1.091512577474,94.3775409478383,100.558533970054,6.18099302221518,93.4691251339403,95.2938574759689,98.37633665766,102.783618899134,3.77917774774686,8.58280829668351,2.31649539658351,10.0454906478469,supp_timing_stopped_in_T2
33,81398,0.0993935839058755,0.104611500992906,0.00521791708703075,1.05249752430672,0.000536107679641225,0.00130328621631868,0.0014179005702121,0.013662255924934,0.0983477621002529,0.100449287928316,0.102084510919669,0.10719357634222,0.00243888303575622,0.00799695113830527,1.02468823444679,1.08106153797094,99.3935839058755,104.611500992906,5.21791708703075,98.3477621002529,100.449287928316,102.084510919669,107.19357634222,2.43888303575622,7.99695113830527,0.746478085512479,9.68935608854901,supp_timing_stopped_in_T2
34,70747,0.104725291940261,0.108971925111846,0.00424663317158482,1.04055021564425,0.000618466033371654,0.00149224974644406,0.00162406436395632,0.0149958826757522,0.103519300688077,0.105943672534909,0.106081433677626,0.111931314402235,0.00106352550965547,0.00742974083351416,1.01041206904031,1.07158731022057,104.725291940261,108.971925111846,4.24663317158482,103.519300688077,105.943672534909,106.081433677626,111.931314402235,1.06352550965547,7.42974083351416,-0.874956374629949,9.36822271779958,supp_timing_stopped_in_T2
35,59784,0.110119414479948,0.113391103556048,0.00327168907610004,1.02971037479223,0.00068774040459935,0.00163758445057321,0.00178512488950096,0.0158157134033853,0.108778679571532,0.111474607448832,0.110220895420947,0.116640541161137,-0.000227091415227892,0.00677046956742797,0.998280823996772,1.06212944340618,110.119414479948,113.391103556048,3.27168907610004,108.778679571532,111.474607448832,110.220895420947,116.640541161137,-0.227091415227892,6.77046956742797,-2.35781500986105,8.90119316206113,supp_timing_stopped_in_T2
36,50300,0.11619963129727,0.118501953820418,0.00230232252314801,1.01981350971121,0.000732033276894944,0.00172939233837508,0.00188768115577895,0.0159790179929499,0.114772547647991,0.117642101191524,0.115154143548599,0.121933680914528,-0.00139746455647367,0.00600210960276968,0.988369638851262,1.05225773203462,116.19963129727,118.501953820418,2.30232252314801,114.772547647991,117.642101191524,115.154143548599,121.933680914528,-1.39746455647367,6.00210960276968,-3.65059922588439,8.2552442721804,supp_timing_stopped_in_T2
37,39582,0.122333207566595,0.123657370189606,0.00132416262301076,1.01082422875481,0.000771859064650228,0.00183623615615307,0.0020020512571141,0.0162173666815726,0.120828423956595,0.123854091510879,0.120103163228285,0.127301539486993,-0.00259978573613602,0.00524811098215754,0.97919997917129,1.04346981533077,122.333207566595,123.657370189606,1.32416262301076,120.828423956595,123.854091510879,120.103163228285,127.301539486993,-2.59978573613602,5.24811098215754,-4.98943246409718,7.6377577101187,supp_timing_stopped_in_T2
38,30385,0.128570269464302,0.128906319923855,0.000336050459552845,1.0026137493602,0.000859972980940307,0.00208757974657179,0.00226730733975204,0.0175956129024254,0.126894150730514,0.130265224546103,0.124869767015871,0.133053519951454,-0.00410779026824448,0.00477989118735017,0.968626269656235,1.03779379302078,128.570269464302,128.906319923855,0.336050459552845,126.894150730514,130.265224546103,124.869767015871,133.053519951454,-4.10779026824448,4.77989118735017,-6.814046437495,7.48614735660068,supp_timing_stopped_in_T2
39,22837,0.134416934536809,0.133757610005082,-0.000659324531727373,0.995094929563754,0.00105126126833157,0.002593928970319,0.00280699071723322,0.0209709469842406,0.132369807201472,0.136490740675194,0.128754800601382,0.138923809534,-0.00616092524244273,0.00484227617898799,0.955023395793364,1.03684781253018,134.416934536809,133.757610005082,-0.659324531727373,132.369807201472,136.490740675194,128.754800601382,138.923809534,-6.16092524244273,4.84227617898799,-9.51134704559011,8.19269798213536,supp_timing_stopped_in_T2
40,15853,0.141245391455823,0.139574796530463,-0.00167059492536012,0.988172393391804,0.00137591040543719,0.00341149550125754,0.00368484668505713,0.0263566645139565,0.1385701052512,0.143963695882748,0.133021585910383,0.146396332254051,-0.00889276171662391,0.00555157186590367,0.938421357500889,1.04056101372433,141.245391455823,139.574796530463,-1.67059492536012,138.5701052512,143.963695882748,133.021585910383,146.396332254051,-8.89276171662391,5.55157186590367,-13.2909916783673,9.94980182764708,supp_timing_stopped_in_T2
41,10370,0.147760984058957,0.145068231410869,-0.0026927526480883,0.981776294566271,0.0018176288092515,0.00448609567312642,0.00484506714783244,0.0333129572507902,0.14423387925981,0.151359085537901,0.136494962783702,0.154083900414194,-0.0121889097605181,0.00680340446434149,0.91972184324785,1.04801761494375,147.760984058957,145.068231410869,-2.6927526480883,144.23387925981,151.359085537901,136.494962783702,154.083900414194,-12.1889097605181,6.80340446434149,-17.9719779089626,12.586472612786,supp_timing_stopped_in_T2
42,6233,0.153728227904988,0.150002157749768,-0.00372607015521984,0.975761965086056,0.00235908804004626,0.00577590691686749,0.00624282363917595,0.0414750760113606,0.149161186794574,0.158409069060414,0.139029768094882,0.161677887350361,-0.01596177964984,0.0085096393394003,0.899580922486323,1.05839440200343,153.728227904988,150.002157749768,-3.72607015521984,149.161186794574,158.409069060414,139.029768094882,161.677887350361,-15.96177964984,8.5096393394003,-23.413208792618,15.9610684821783,supp_timing_stopped_in_T2
43,3273,0.159786615849551,0.154993412714131,-0.00479320313542003,0.970002474175102,0.0029952838689024,0.00726976379435968,0.00786520074731424,0.0505269647855059,0.154002931213357,0.165744955582244,0.141273429830343,0.16978239087031,-0.0202087133313335,0.0106223070604934,0.878545404983382,1.07098027554264,159.786615849551,154.993412714131,-4.79320313542003,154.002931213357,165.744955582244,141.273429830343,169.78239087031,-20.2087133313335,10.6223070604934,-29.5966104512452,20.0102041804051,supp_timing_stopped_in_T2
44,1704,0.166782017122223,0.160893522670434,-0.00588849445178913,0.96469346903585,0.00370333337214788,0.00891494199341112,0.00965406393794926,0.0596956758986668,0.159649378569618,0.174167274928167,0.144177518222983,0.179141910476123,-0.0248101120746166,0.0130331231710383,0.858175846179783,1.08443216310875,166.782017122223,160.893522670434,-5.88849445178913,159.649378569618,174.167274928167,144.177518222983,179.141910476123,-24.8101120746166,13.0331231710383,-36.3331948223094,24.5562059187312,supp_timing_stopped_in_T2
45,701,0.165184804919837,0.158395160662601,-0.0067896442572363,0.958896677811671,0.0043201577923102,0.0103221896995961,0.011189138316469,0.0702155930852558,0.156890574375044,0.173827116813632,0.139196215668787,0.179689391074881,-0.0287199523755527,0.0151406638610801,0.835611085384055,1.10037175762892,165.184804919837,158.395160662601,-6.7896442572363,156.890574375044,173.827116813632,139.196215668787,179.689391074881,-28.7199523755527,15.1406638610801,-42.0752986343679,28.4960101198953,supp_timing_stopped_in_T2
15,1199,0.065560586006313,0.0684718856423156,0.00291129963600259,1.04440624792039,0.00254817340980454,0.00750235591215336,0.00792066609358627,0.116218131460054,0.0607396702091898,0.070735322318368,0.0551516136021555,0.0847208160172335,-0.0126129206409941,0.0184355199129992,0.831657308459453,1.31157918002994,65.560586006313,68.4718856423156,2.91129963600259,60.7396702091898,70.7353223183681,55.1516136021555,84.7208160172335,-12.6129206409941,18.4355199129992,-22.067021152434,27.8896204244391,supp_timing_stopped_in_T3
16,4170,0.0652892408736581,0.0700995490960883,0.00481030822243014,1.07367689006736,0.0019945850843151,0.0059910637239086,0.00631204398407524,0.0907258311171308,0.0614871050505876,0.0693091238900579,0.059228518454463,0.0827902981525106,-0.00756107065519003,0.0171816871000503,0.89876807590991,1.28262462270665,65.2892408736581,70.0995490960883,4.81030822243014,61.4871050505876,69.3091238900579,59.228518454463,82.7902981525106,-7.56107065519003,17.1816871000503,-15.0951211445041,24.7157375893644,supp_timing_stopped_in_T3
17,11232,0.0654132776717684,0.0720850464155484,0.00667176874378002,1.10199410549732,0.00148533487740014,0.00453606005730606,0.00477129545694406,0.0668714210661411,0.0625616282718132,0.0683854272597624,0.0636846769829064,0.0814970267474696,-0.00267979851142992,0.01602333599899,0.966625426253885,1.25632015832354,65.4132776717684,72.0850464155484,6.67176874378002,62.5616282718132,68.3854272597624,63.6846769829064,81.4970267474696,-2.67979851142992,16.02333599899,-8.3748128305226,21.7183503180826,supp_timing_stopped_in_T3
18,29922,0.0666084154567246,0.0751156581495929,0.00850724269286829,1.12772023826922,0.00105789149860731,0.00327460955359185,0.00344064539708442,0.0463882673178366,0.064564714519517,0.0687120549314705,0.0689441723683713,0.0817910496562611,0.00176370163100932,0.0152507837547273,1.02971161062014,1.23505739149244,66.6084154567246,75.1156581495929,8.50724269286829,64.564714519517,68.7120549314705,68.9441723683713,81.7910496562611,1.76370163100932,15.2507837547273,-2.34304987497812,19.3575352607147,supp_timing_stopped_in_T3
19,60774,0.0678733541667761,0.0780080658974495,0.0101347117306733,1.14931797396915,0.000734152794451646,0.00230790188676736,0.00241991225599649,0.0314724628630968,0.0664485061562355,0.0693264861500357,0.0736030235931723,0.0826532224621531,0.00539177086317314,0.0148776525981735,1.08056473431251,1.22244578537811,67.8733541667761,78.0080658974495,10.1347117306733,66.4485061562355,69.3264861500357,73.6030235931723,82.6532224621531,5.39177086317314,14.8776525981735,2.50336559185617,17.7660578694905,supp_timing_stopped_in_T3
20,82205,0.0669032643870578,0.0779796759237924,0.0110764115367345,1.165558611201,0.000546025744173453,0.00179118123080347,0.00187060800392158,0.0243479655867277,0.0658409865802827,0.0679814337349636,0.0745405754495811,0.0815634630652076,0.00741008721985588,0.0147427358536132,1.1112431360491,1.2225289246554,66.9032643870578,77.9796759237924,11.0764115367345,65.8409865802827,67.9814337349636,74.5405754495811,81.5634630652076,7.41008721985588,14.7427358536132,5.17733105040961,16.9754920230595,supp_timing_stopped_in_T3
21,96740,0.0662264501089213,0.0777704177237708,0.0115439676148496,1.17431052994481,0.000502438423503816,0.0017154606835577,0.00178647853037641,0.0233106514095418,0.0652484649939855,0.0672180397761805,0.0744740275424809,0.0811999127812662,0.00804253403615777,0.0150454011935414,1.12186575851704,1.22920697977459,66.2264501089213,77.7704177237708,11.5439676148496,65.2484649939855,67.2180397761806,74.4740275424809,81.1999127812662,8.04253403615777,15.0454011935414,5.910194736893,17.1777404928062,supp_timing_stopped_in_T3
22,110682,0.0653660439208227,0.0768047300685659,0.0114386861477433,1.17499431603355,0.000486691172056765,0.00167257975271429,0.00174150393773624,0.0230079782995394,0.0644185956446794,0.0663264390842199,0.0735900047727497,0.080147738818061,0.00802540115084554,0.014851971144641,1.1231851143881,1.22919332265483,65.3660439208227,76.8047300685659,11.4386861477433,64.4185956446794,66.3264390842199,73.5900047727497,80.147738818061,8.02540115084554,14.851971144641,5.9467434882332,16.9306288072533,supp_timing_stopped_in_T3
23,119247,0.0652875019316317,0.0762828209172346,0.0109953189856029,1.1684138412451,0.000448885643740033,0.00153110348565569,0.00159527025924921,0.0212121579243463,0.0644131968790114,0.0661728349053057,0.0733355430510776,0.0793384055788991,0.00786864673186658,0.0141219912393392,1.12083290288797,1.21801465757789,65.2875019316317,76.2828209172346,10.9953189856029,64.4131968790114,66.1728349053057,73.3355430510777,79.3384055788991,7.86864673186658,14.1219912393392,5.96453346719237,16.0261045040134,supp_timing_stopped_in_T3
24,125425,0.0658359302379088,0.0761575839006062,0.0103216536626974,1.15677842821387,0.000395985898922087,0.00135371712717074,0.00141017473384854,0.01876121548455,0.0650640514491204,0.066616313645915,0.0735463922668701,0.0788535926298545,0.0075577619724459,0.0130855453529489,1.11501473244839,1.20010641387905,65.8359302379088,76.1575839006062,10.3216536626974,65.0640514491204,66.616313645915,73.5463922668701,78.8535926298545,7.5577619724459,13.0855453529489,5.87457857410866,14.7687287512861,supp_timing_stopped_in_T3
25,130505,0.067452828731579,0.0770146084892427,0.00956177975766366,1.14175505960934,0.000361748151217137,0.00127418709984635,0.00132421419957696,0.0173874219806755,0.0667472628225201,0.0681653082119273,0.0745540660863349,0.0795493769812668,0.00696636761867628,0.012157191896651,1.10350103391765,1.18133520139575,67.452828731579,77.0146084892427,9.56177975766366,66.7472628225201,68.1653082119273,74.5540660863349,79.5493769812668,6.96636761867628,12.157191896651,5.38578664309217,13.7377728722351,supp_timing_stopped_in_T3
26,131877,0.0698001652884251,0.0785743185141005,0.00877415322567543,1.12570390327042,0.000371174250339781,0.00135430476834957,0.00140375586415193,0.0180306548572953,0.0690761744677006,0.0705311693764453,0.0759606060579076,0.0812700558182522,0.00602284228885074,0.0115254641625001,1.08661688862865,1.1661969283742,69.8001652884251,78.5743185141005,8.77415322567543,69.0761744677006,70.5311693764453,75.9606060579076,81.2700558182522,6.02284228885074,11.5254641625001,4.34732044808511,13.2009860032657,supp_timing_stopped_in_T3
27,130884,0.0726235269370179,0.0806441264747267,0.00802059953770883,1.11044078793728,0.000407736699478971,0.0015000915000397,0.00155396750451858,0.0194226849482481,0.0718284191181804,0.0734267399600696,0.0777524683695318,0.0836335745436742,0.00497487919570683,0.0110663198797108,1.06896327804737,1.15352769252017,72.6235269370179,80.6441264747267,8.02059953770883,71.8284191181804,73.4267399600696,77.7524683695318,83.6335745436742,4.97487919570683,11.0663198797108,3.12006486498706,12.9211342104306,supp_timing_stopped_in_T3
28,126880,0.0760821789531921,0.0834841406618853,0.00740196170869321,1.09728903418036,0.000433328088944161,0.00157684641521855,0.0016345175035813,0.019717757744795,0.0752372096251756,0.0769358484178886,0.0804451196434165,0.086627153067531,0.00419836626957354,0.0106055571478129,1.05569205531641,1.14052504086676,76.0821789531921,83.4841406618853,7.40196170869321,75.2372096251756,76.9358484178886,80.4451196434165,86.627153067531,4.19836626957354,10.6055571478129,2.24740752645996,12.5565158909265,supp_timing_stopped_in_T3
29,120282,0.0806724946600161,0.087627858167549,0.00695536350753298,1.08621728554256,0.00043854632332366,0.00157588395164994,0.00163454256840663,0.0187724021715298,0.0798171261813654,0.081536217538776,0.0845879890983313,0.0907661401161145,0.00375171894225838,0.0101590080728076,1.04697813490984,1.12692705995531,80.6724946600161,87.6278581675491,6.95536350753298,79.8171261813654,81.536217538776,84.5879890983313,90.7661401161145,3.75171894225838,10.1590080728076,1.80073028178997,12.109996733276,supp_timing_stopped_in_T3
30,111577,0.0848469142863102,0.0913895617850195,0.00654264749870934,1.07711120143547,0.000428100515878505,0.00153322674725153,0.00159030401504136,0.0175007540932334,0.0840116081175809,0.0856897487467267,0.0884286004268422,0.0944393970469708,0.00342570890475882,0.00965958609265985,1.04079182767438,1.11469797264849,84.8469142863102,91.3895617850195,6.54264749870934,84.0116081175809,85.6897487467267,88.4286004268422,94.4393970469708,3.42570890475882,9.65958609265985,1.52752334507188,11.5577716523468,supp_timing_stopped_in_T3
31,102027,0.0893606420807878,0.095571146846687,0.00621050476589922,1.06949933014452,0.000430307495456451,0.00155773728236577,0.001614239578439,0.0169752117388237,0.0885208365615764,0.0902076264018489,0.0925613460926417,0.0986681751854306,0.00304665332973968,0.00937435620205877,1.03450165662149,1.10568099128535,89.3606420807878,95.571146846687,6.21050476589922,88.5208365615764,90.2076264018489,92.5613460926417,98.6681751854306,3.04665332973968,9.37435620205877,1.11989830133817,11.3011112304603,supp_timing_stopped_in_T3
32,91764,0.0945403005601824,0.100488564957258,0.0059482643970754,1.06291776482442,0.000468311159344727,0.00172024256189114,0.00178064303319267,0.0177978465422178,0.0936264094937685,0.0954621726147803,0.0971668369053192,0.103910779381708,0.0024582681826956,0.00943826061145519,1.02647909991147,1.10064995466228,94.5403005601824,100.488564957258,5.9482643970754,93.6264094937685,95.4621726147803,97.1668369053192,103.910779381708,2.4582681826956,9.43826061145519,0.332894128052601,11.5636346660982,supp_timing_stopped_in_T3
33,81398,0.0995793333523423,0.105285452438843,0.00570611908650111,1.05730224228667,0.00053917549047215,0.00199475210474424,0.00206371277902739,0.0196784033771641,0.098527544719037,0.100641096411249,0.10143936881963,0.109259629286981,0.00166131636517236,0.00975092180782986,1.01729958169729,1.09887790347787,99.5793333523423,105.285452438843,5.70611908650111,98.5275447190371,100.641096411249,101.43936881963,109.259629286981,1.66131636517236,9.75092180782986,-0.80192950444794,12.2141676774502,supp_timing_stopped_in_T3
34,70747,0.104923191998556,0.110393983503141,0.00547079150458597,1.05214091756436,0.000621645904419295,0.00229824890321487,0.00237803327478349,0.0216186211501105,0.103711018478945,0.106147855485289,0.105969343007752,0.114979610418194,0.000809931931972495,0.0101316510771995,1.00849118589007,1.09767990628115,104.923191998556,110.393983503141,5.47079150458597,103.711018478945,106.147855485289,105.969343007752,114.979610418194,0.809931931972495,10.1316510771995,-2.02848662193631,12.9700696311083,supp_timing_stopped_in_T3
35,59784,0.110335672959441,0.115553853226538,0.00521818026709696,1.04729368233441,0.000691256563582401,0.00254264067853091,0.00263148702256089,0.0228473629142126,0.108988103861451,0.11169781515963,0.110663022494414,0.120631518148244,6.05604770930676e-05,0.0103758000571009,1.00143040504388,1.09525739535491,110.335672959441,115.553853226538,5.21818026709696,108.988103861451,111.69781515963,110.663022494414,120.631518148244,0.0605604770930676,10.3758000571009,-3.08038026095743,13.5167407951513,supp_timing_stopped_in_T3
36,50300,0.116443672108679,0.121381001198581,0.00493732908990212,1.04240100814834,0.000735658595064925,0.00270121814877559,0.00279623501466502,0.0231046082477653,0.115009540131999,0.117893304958237,0.116185432300983,0.126775578597822,-0.000543190831151147,0.0104178490109554,0.996249564444327,1.09069042594235,116.443672108679,121.381001198581,4.93732908990212,115.009540131999,117.893304958237,116.185432300983,126.775578597822,-0.543190831151147,10.4178490109554,-3.88077463659108,13.7554328163953,supp_timing_stopped_in_T3
37,39582,0.122568850130341,0.127170692353869,0.00460184222352848,1.03754495712928,0.000775374611143724,0.00286884199185986,0.00296882548274294,0.0234051617844973,0.121057231042072,0.124096679546918,0.121653249633936,0.132900509531095,-0.00121694879903242,0.0104206332460894,0.991024552189311,1.08624911026297,122.568850130341,127.170692353869,4.60184222352848,121.057231042072,124.096679546918,121.653249633936,132.900509531095,-1.21694879903242,10.4206332460894,-4.76053644471079,13.9642208917678,supp_timing_stopped_in_T3
38,30385,0.128822752035562,0.1330301715706,0.00420741953503806,1.03266053137785,0.000863308731072496,0.00324156910348755,0.0033523095951114,0.0252544811276267,0.127140146158035,0.13052429607571,0.126804245998555,0.139512941945835,-0.00236298653640832,0.0107778256064844,0.982790444258783,1.08506119416926,128.822752035562,133.0301715706,4.20741953503806,127.140146158035,130.52429607571,126.804245998555,139.512941945835,-2.36298653640832,10.7778256064844,-6.36430050207478,14.7791395721509,supp_timing_stopped_in_T3
39,22837,0.13468122458528,0.138432227135771,0.00375100255049088,1.02785096855216,0.00105473866777757,0.00400021034951007,0.00413505350988828,0.0299250527646138,0.13262733802879,0.136761902836444,0.130776673280083,0.146460419240205,-0.00435355340303609,0.0118555585040179,0.969299298350571,1.08993952162288,134.68122458528,138.432227135771,3.75100255049088,132.62733802879,136.761902836444,130.776673280083,146.460419240205,-4.35355340303609,11.8555585040179,-9.2891498592889,16.7911549602707,supp_timing_stopped_in_T3
40,15853,0.141517059231026,0.144779187313001,0.00326212808197543,1.02305112966381,0.00137938478183034,0.00524120246913683,0.00541861597118707,0.0374831007285569,0.138835021116854,0.14424223105981,0.134806250229327,0.155357438744297,-0.00735816406760476,0.0138824202315556,0.950586552134609,1.10103978596805,141.517059231026,144.779187313001,3.26212808197543,138.835021116854,144.24223105981,134.806250229327,155.357438744297,-7.35816406760476,13.8824202315556,-13.8258196181875,20.3500757821384,supp_timing_stopped_in_T3
41,10370,0.148053686665521,0.150761329293834,0.00270764262831325,1.01828824860289,0.00182142789622725,0.00688852778103738,0.00712474509262373,0.0473153436010385,0.144519196750322,0.151659294693041,0.137751250881009,0.164765360075421,-0.0112566011522578,0.0166718864088842,0.928102277489905,1.11723781138337,148.053686665521,150.761329293834,2.70764262831325,144.519196750322,151.659294693041,137.751250881009,164.765360075421,-11.2566011522578,16.6718864088843,-19.7606910139167,25.1759762705432,supp_timing_stopped_in_T3
42,6233,0.153985581561361,0.156085346426038,0.00209976486467664,1.01363611348144,0.00236321631759659,0.00887766669415351,0.00918652358520246,0.0589091946375402,0.149410528517566,0.158674592320176,0.139464667741863,0.174285623845203,-0.015905490505448,0.0201050202348012,0.903105480204131,1.1376945363254,153.985581561361,156.085346426038,2.09976486467664,149.410528517566,158.674592320176,139.464667741863,174.285623845203,-15.905490505448,20.1050202348012,-26.8705174740187,31.070047203372,supp_timing_stopped_in_T3
43,3273,0.160124409928428,0.161576374683761,0.00145196475533346,1.00906772899886,0.00300158734116061,0.011195848316255,0.0115903778734659,0.0717768832015665,0.154328503418761,0.166095233875498,0.140816315037516,0.184738940831805,-0.0212647584438696,0.0241686879545366,0.876644926018902,1.16149384030652,160.124409928428,161.576374683761,1.45196475533346,154.328503418761,166.095233875498,140.816315037516,184.738940831805,-21.2647584438696,24.1686879545366,-35.0990239067257,38.0029534173926,supp_timing_stopped_in_T3
44,1704,0.167155731077768,0.167911475911131,0.000755744833363131,1.00452120204608,0.00371135714928659,0.0137473736136928,0.0142373829788498,0.0848170530192784,0.160007548539226,0.174556890838458,0.14266235325589,0.196604552754384,-0.027149013039286,0.0286605027060122,0.850673102926334,1.18619342951941,167.155731077768,167.911475911131,0.755744833363131,160.007548539226,174.556890838458,142.66235325589,196.604552754384,-27.149013039286,28.6605027060122,-44.1427416110411,45.6542312777674,supp_timing_stopped_in_T3
45,701,0.165584782416489,0.165600466642066,1.56842255773226e-05,1.00009472021129,0.00432887975380443,0.0159522156353207,0.0165264304705412,0.0997976512780032,0.157273620088839,0.174244338852003,0.136648770505176,0.1992703563609,-0.0323755242896888,0.0324068927408435,0.822419160301249,1.21615533498531,165.584782416489,165.600466642066,0.0156842255773226,157.273620088839,174.244338852003,136.648770505176,199.2703563609,-32.3755242896888,32.4068927408435,-52.1014580581047,52.1328265092593,supp_timing_stopped_in_T3
